item_no,description,price_jpy
1072010,Swivel QSM40 EC204B Complete,189800
8000408,10pcs sockets Junior Power Timer,2700
7001086,"Accumulator H1400R 1,48l-60bar",111000
1020017,"Accumulator HFX 0,16l-20bar",110800
7000296,"Accumulator QSC-0,75l-60bar",69800
7001318,"Accumulator SBO 330-0,75-60bar for QSC",219100
790102,"Accumulator SK/SG 0,32l-145bar",73500
8002912,ADAPTDC3-Liebherr Premium breakouts,76500
7001855,Adapter - cutting ring M30x2 - G3/4,3000
710210,Adapter 030045-04-04,3200
710211,Adapter 030045-06-06,3500
710212,Adapter 030045-08-08,5400
712217,Adapter 030045-12-12,10500
710219,Adapter 030090-02-02 90°,2000
710215,Adapter 030090-04-04 90°,2500
710216,Adapter 030090-06-06 90°,2800
710217,Adapter 030090-08-08 90°,3500
7001321,Adapter 030417-04-04,4300
7001578,Adapter 030543-02-04,1200
7000348,Adapter 030822-06-06 90°,2600
7001492,Adapter 030852-04-04,5600
7000950,Adapter 031138-04-04,3900
7000959,Adapter 031138-06-06,3900
7000961,Adapter 031138-08-08,2300
7000993,Adapter 031138-12-12,3500
7000994,Adapter 031138-16-16,9000
7001491,Adapter 032703-04-04,1100
710298,"Adapter 1 1/16"" SAE - 1/2"" BSP",3200
710103,Adapter 135-02-04,900
710118,Adapter 135-04-06,400
710120,Adapter 135-04-08,900
710122,Adapter 135-06-08,900
710107,Adapter 135-06-12,2000
710123,Adapter 135-06-16,4900
710109,Adapter 135-08-12,2000
710110,Adapter 135-08-16,3400
7000723,"Adapter 135-12-16 - 3/4""x1""",4800
7001089,Adapter 135-12-20,4500
7001046,Adapter 135-16-20,4000
710102,Adapter 136-02-02,500
710104,Adapter 136-04-04,200
710106,Adapter 136-06-06,400
710108,Adapter 136-08-08,900
710126,Adapter 136-12-12,1400
710127,Adapter 136-16-16,3100
7001493,Adapter 137-04-04UNF,6000
710135,Adapter 138-04-29 ( compact 136-04-04 ),400
7000713,Adapter 139-00-02 Throttling 1mm,1400
7001560,Adapter 147-18-04,800
710236,Adapter 234-04-02,1000
710235,Adapter 234-06-04,600
710232,Adapter 234-08-04,1200
710233,Adapter 234-08-06,1100
7000115,Adapter 234-12-04,1200
710234,Adapter 234-12-06,1200
712219,Adapter 234-12-08,1200
7000949,Adapter 235-02-04,900
710289,Adapter 235-04-06,600
710133,Adapter 235-06-04,600
7001102,Adapter 235-06-08,1300
7000705,Adapter 235-08-06,1200
710129,Adapter 236-02-02,700
1013885,Adapter 236-04-04,700
710131,Adapter 236-06-06,900
710132,Adapter 236-08-08,1000
712226,Adapter 236-12-12,1400
710293,Adapter 401-02-02 90°,3400
7001096,Adapter 401-02-04 90°,7400
710151,Adapter 401-04-04 90°,2800
710154,Adapter 401-04-06 90°,6000
710152,Adapter 401-06-06 90°,3200
710157,Adapter 401-06-08 90°,4300
7000233,Adapter 401-08-06 90°,8500
710156,Adapter 401-08-08 90°,4000
7002062,Adapter 401-08-08 90° (716-08),1900
710155,Adapter 401-08-12 90°,5600
7000537,Adapter 401-12-08 90°,5400
712201,Adapter 401-12-12 90°,5600
7001428,Adapter 401-12-16 90°,8300
7001097,Adapter 402-02-04 45°,5600
7000104,Adapter 402-04-04 45°,3100
7000090,Adapter 402-06-06 45°,3900
7000091,Adapter 402-08-08 45°,4600
712220,Adapter 402-12-12 45°,6800
7002101,Adapter 402-16-16 45°,9000
7000106,Adapter 403-04-04,3200
712224,Adapter 403-04-06,4600
7000386,Adapter 404-06-06,5400
7000962,Adapter 404-08-08,7400
7001569,Adapter 404-12-12,11000
7001570,Adapter 404-16-16,15600
7001571,Adapter 404-20-20,26100
710195,Adapter 407-04-04 90°,2200
710196,Adapter 407-06-06 90°,2800
7000021,Adapter 407-08-08 90°,3100
7000010,Adapter 407-12-12 90°,5100
7000501,Adapter 408-06-06,3200
7000074,Adapter 408-08-08 45°,3500
7001558,Adapter 431-04-18,4800
7000733,Adapter 45° M10x1 lubrication Adapter,1700
712215,"Adapter 45° R1/8"" lubrication Adapter",2800
710165,Adapter 488-06-06 90°,3400
712209,Adapter 488-08-08 90°,3900
7000059,Adapter 488-12-12 90°,4600
710163,Adapter 489-04-04,3400
710164,Adapter 489-06-06,4500
710166,Adapter 489-08-08,4000
714885,Adapter 539-08-S,4200
712228,Adapter 6889-04-04,1300
7001480,Adapter 6889-04-06,1800
7001481,Adapter 6889-06-06,1800
7000946,Adapter 7013725251,12300
7001585,Adapter 703 w.int G1/8 Test,8600
7000530,Adapter 703-02-04,1500
710222,Adapter 703-04-02,1200
712205,Adapter 703-04-04,1000
7001177,Adapter 703-06-04,1700
712221,Adapter 703-06-06,1700
7001178,Adapter 703-06-08,1400
710221,Adapter 703-08-08,1500
7000577,Adapter 703-12-08,2800
710218,Adapter 703-12-12,2500
7001489,Adapter 7031608209,2900
7001984,Adapter 707-12 90°,700
7001559,Adapter 738-04-04,3400
710177,Adapter 822-04-04,2000
712212,Adapter 830-02-02,1800
710145,Adapter 830-04-04,900
710146,Adapter 830-06-04,1200
710147,Adapter 830-06-06,1000
710193,Adapter 830-08-06,1700
710148,Adapter 830-08-08,1400
710149,Adapter 831-04-04,1000
7002083,Adapter 835-04-04,4600
712206,Adapter 840-04-04 90°,2000
710174,Adapter 850-06-06,4600
7000883,Adapter 851-04-04,3200
7001415,Adapter 851-08-08,3200
710184,Adapter 853-04-99,3500
7000474,Adapter 855-04-04,2500
710280,Adapter 855-04-99,3500
710281,Adapter 855-06-06,5400
7000175,Adapter 855-08-08,7100
7001380,Adapter 860-04-04,4500
7001232,Adapter 860-06-06,5600
7001233,Adapter 860-08-08,6800
7001341,"Adapter 9/16"" SAE - 1/4"" BSP",900
790190,Adapter 90° M10x1 lubrication Block,2200
710199,"Adapter 90° R1/8"" lubrication Adapter",2100
7000736,"Adapter adjustable 90° JIS-BSP 1/4""",5600
7001406,Adapter BSPP 030855-12-12,11000
7001407,Adapter BSPP 030855-16-16,15000
7000686,Adapter BSPP 053162-04-81 Test port,14400
7001060,Adapter BSPP 053162-06-81 Test port,14400
7000858,Adapter BSPP 053162-08-81 Test port,14400
7000859,Adapter BSPP 053162-12-81 Test port,17900
7000857,Adapter BSPP 053162-16-81 Test port,20100
7000852,Adapter BSPP/BSPT 031320-04-02,2000
710239,Adapter bulkhead 1260-02-02,1600
710240,Adapter bulkhead 1260-04-04,1200
710242,Adapter bulkhead 1260-06-32,1700
710244,Adapter bulkhead 1260-08-08,2000
1035715,Adapter bulkhead 1260-08-58,5600
712210,Adapter bulkhead 1260-12-12,2800
7000847,Adapter bulkhead 1264-04-04,5600
1038197,"Adapter bulkhead 3/8""-1/4"" QSD",5100
710261,Adapter bulkhead extended 1260-04-40,2200
710262,Adapter bulkhead extended 1260-06-43,3200
710263,Adapter bulkhead extended 1260-08-45,3100
712227,Adapter bulkhead extended 1260-12-57,3700
841191,Adapter cable AMPS 35S-2xDT 2S/SQR 4S/M12 4S/Term,79800
841108,Adapter cable AMPS 35S-2xJT 2S/SQR 4S/M12 4S/Term,82600
8000407,Adapter cable AMPS 35S-JT 2S/DT 2P/M12 4S,33200
841107,Adapter cable AMPS 35S-JT 2S/M12 4S/Term,57100
841147,Adapter cable AMPS 35S-M12 4S/Term,52300
841830,Adapter cable AMPS 35S-SQR 4S/M12 4S/Term,41500
841148,Adapter cable AMPS Sock x2-JT 2S,27000
841149,Adapter cable AMPS Sock x2-M12 5S,22200
841150,Adapter cable AMPS Sock x2-SQR 4S,22200
841184,Adapter cable AMPS Sock x2-Wires,11000
841138,Adapter cable AMPS Sock x4-2xDT 2S,25000
842058,Adapter cable AMPS Sock x4-2xJT 2S,12300
841879,Adapter cable AMPS Sock x4-DT 4S,37500
8000605,Adapter cable AMPS Sock x8-3xJT 2S/DT 3S,31800
8000290,"Adapter cable AMPS Sock x8-3xJT 2S/M12 5S-3,95/4m",33300
8001404,"Adapter cable AMPS Sock x8-3xJT 2S/M12 5S-4/4,7m",36900
1035784,Adapter cable AMPS Sock x8-3xSQR 4S/M12 5S,34100
8000097,Adapter cable AMPS Sock x8-4xJT 2S,34600
8002035,Adapter cable CMC 48S-6xDT,61900
841135,Adapter cable DSUB 25P-FCI 16P/M12 5S/USB A,66200
8001362,Adapter cable DSUB 25P-FCI 16P/USB A-1m,22400
8001363,"Adapter cable DSUB 25P-FCI 16P/USB-A-1,2m",22700
841116,Adapter cable DSUB 25S-2xFCI 16P-1m,56000
8000690,"Adapter cable DSUB 25S-2xFCI 16P-2,2/0,9m",59600
841190,"Adapter cable DSUB 25S-2xFCI 16P-2,5m",60800
1016990,Adapter cable DT 12P-5xJT 2S,37800
1018350,Adapter cable DT 12P-DT 4S DC2,37000
8001976,Adapter cable DT 12P-DT 4S DC3,21000
1000609,Adapter cable DT 2P/6P-DT6S/4S-Joint,52300
1008557,Adapter cable DT 2P-SQR 4S,9900
8001095,Adapter cable DT 2S-2xDT Sock,12800
8002246,Adapter cable DT 2S-Wires,8600
8002506,Adapter cable DT 4P-2xDT 2S,20400
8002042,"Adapter cable DT 4P-2xJT 2S-0,3m",9300
8002036,Adapter cable DT 4P-2xJT 2S-3m,15700
8001005,Adapter cable DT 4P-4xFCI Sock,8500
1057843,Adapter cable DT 4P-DT 2S,13400
8001940,Adapter cable DT 4P-ILME 12S,27800
8001891,Adapter cable DT 4P-M12 5S-DC3,11900
8001276,Adapter cable DT 4P-M12 5S-GP,20500
8001604,Adapter cable DT 4S-FCI 16S,7400
1017230,Adapter cable DT 6P/4P-DT 6S/4S-Joint,47700
8000585,Adapter cable DT Sock x4-M12 5S-5m,23600
8001286,Adapter cable DTM 12P x2-4xDT 4S/2S-Menzi Muck,50000
1029599,Adapter cable DTM 12P-DT 2S/4xJT 2S,34600
1048529,Adapter cable DTM 12P-DT 4S/2S,28400
1029593,Adapter cable DTM 12P-DT 4S-ECO W DC2,33500
1042249,Adapter cable DTM 12P-DT 4S-ECO W DC3,23600
1037919,Adapter cable DTM 12P-DT 6S-MACS ECO,22400
1043277,Adapter cable DTM 12P-DT 6S-MACS ECO W,19600
1047114,Adapter cable DTM 12P-M12 5S-3rd PTY,16500
8001373,Adapter cable DTM 2P/4P/6P-3xDT 2S/DTM 6S-Joint,29200
8001182,Adapter cable DTM 2P/DT 6P/4P-DT 6S/4S-Joint,32400
8002497,Adapter cable DTM 2P-DT 2S-Joint,10500
1032718,Adapter cable DTM 4P/2P-3xDT 2S-Joint,32600
8002816,Adapter cable DTM 4P-2xDT 2S-Joint,22700
1042250,Adapter cable DTM 6P-JT 2S-ECO DTM 1 & 6 Connected,12500
1041162,Adapter cable DTM 6P-JT 2S-ECO DTM 5 & 6 Connected,35000
8002459,Adapter cable DTM 6P-M12 5S,12300
8001263,Adapter cable FCI 16P-2xFCI 16S,23900
8001356,Adapter cable FCI 16S-2xMinif 4P/Minif 2S/DTM 2S,19300
8000240,Adapter cable FCI Sock x2-M12 5P,15700
842174,Adapter cable FCI Sock x2-M12 5S,10800
8001533,"Adapter cable FCI Sock x2-Wires-2,5m",2600
841180,Adapter cable FCI Sock x2-Wires-2m,5600
1017478,Adapter cable JT 2P-DT 2S,9900
302971,Adapter cable JT 2P-SQR 4S,9900
8001989,Adapter cable JT 2S-DT 2P,9900
1044790,Adapter cable Lock valve-ECO W-DC2-QSC DTM-DT,11100
8000555,Adapter cable M12 - DT06-3S,14400
8002559,Adapter cable M12 4S-M12 5P-Leica,16400
8001983,Adapter cable M12 5P-AMPS16 12S,12200
8001894,Adapter cable M12 5P-M8 4S,4500
8001045,Adapter cable M12 5S-DT 3P/Term,17400
8001247,Adapter cable M12 5S-DTM 2P,11700
1048530,Adapter cable M12 5S-DTM 6P/Pin-3rd PTY,17900
1047115,Adapter cable M12 5S-JT 2S/3xDTM Pins-3rd PTY,22700
8002009,Adapter cable M12 5S-M12 4P-Leica,19600
8002715,Adapter cable M12 5S-Wires,5900
842150,Adapter cable M12 8P x2-2xDTM 3S/DTM 6S-QLM,70800
842149,"Adapter cable M12 8P-2xDTM 3S-QLM 4,5m",41700
8002139,Adapter cable M12 8P-2xM12 5S,17600
8002581,Adapter cable M12 8P-2xM8 3S-QLM,29000
8000863,"Adapter cable M12 8P-DTM 3S-QLM 3,4m",25900
842148,Adapter cable M12 8P-DTM 6S,41700
8001582,Adapter cable M12 8P-Souriau 8S,50000
8002966,"Adapter Cable M8 4S-M12 5S CAN-Only 0,5m",14700
8000680,Adapter cable MAP Atlas AMPS-DT/SQR/M12,36600
841179,Adapter cable MAP CAT FCI-4xDT Pins/Wires,26700
8001226,Adapter cable MAP CAT NG AMPS16-DT/JT/M12,39800
8001982,Adapter cable MAP CAT NG TYCO-M12,36600
8001882,Adapter cable MAP Develon DT-2xM12-eML,41000
8000775,Adapter cable MAP Doosan HDP-2xDT/JT/SQR/M12,99700
8000778,Adapter cable MAP Doosan HDP-9xJT/2xDT,152900
8001114,Adapter cable MAP Hydrema DTM-2xCT,29800
8001283,Adapter cable MAP Kaiser FCI/DTM-2xJST/CviL,25000
8000467,Adapter cable MAP Kobelco AMPS Sock x4-Econo,14800
8000606,Adapter cable MAP Kobelco DT-SQR/M12,31800
8001050,Adapter cable MAP kobelco Econo-2xEcono,27500
8000324,Adapter cable MAP Komatsu FCI Sock x4-DTM,11400
8001560,Adapter cable MAP Komatsu Yazaki-DT,14200
8000651,Adapter cable MAP Liebherr DT-2xJT/SQR/M12-5m,57700
8000628,Adapter cable MAP Liebherr DT-4xJT/SQR/M12-1m,50500
8002209,Adapter cable MAP Takeuchi Econo-DT/M12,23500
8001277,Adapter cable MAP Various DT-DT-GP,34600
8001271,Adapter cable MAP Volvo DT-DT-AGW,42100
8001943,Adapter cable MAP Volvo DT-DT-eML,21000
8000267,Adapter cable MAP Volvo FCI Socket-DT Socket,14400
842004,Adapter cable MAP Volvo FCI-Pull-up/Econo Pins+Sock,32400
8001993,Adapter cable MAP Volvo ITT-DT,52200
8001006,Adapter cable Minif 2S-DT 2S,5400
8000101,Adapter cable Minif 2S-Term,6500
8000102,Adapter cable Minif 4S-2xJT 2S,12000
8001545,Adapter cable Minif 4S-4xDT Pins,4500
8000313,Adapter cable Minif 4S-DSUB 25S,9900
8000314,Adapter cable Minif 4S-M12 5S-1m,12500
8000099,Adapter cable Minif 4S-M12 5S-5m,25300
8001120,Adapter cable Minif 4S-M12 5S-6m,19600
8001816,"Adapter cable Minif 4S-Wires-0,5m",2900
8001459,"Adapter cable Minif 4S-Wires-1,7m",3700
8000315,Adapter cable Minif 4S-Wires-1m,6800
8000100,Adapter cable Minif 8S-2xDT 2S/JT 2S/M12 5S,27500
8000279,Adapter cable Minif 8S-JT 2S,9400
8001216,Adapter cable Minif Sock x2-JT 2S,9000
8001551,Adapter cable Minif Socket-Wire,3400
8002809,Adapter cable RT06128PNH 8P-2xM12/DT-MiC4,59400
8001235,Adapter cable Souriau 8P-5xJT 2S,51100
8001581,Adapter cable Souriau 8P-DTM 6S,45200
8001067,Adapter cable Souriau 8S-M12 5S,58600
8002582,Adapter cable Sseal 26S-2xDTM 12S/2x6S-Key2,55400
8001968,Adapter cable USB A-M12 5P-B code,13700
810491,Adapter cable-DF right down 4-button with rocker HECR,22800
1053935,Adapter CAT NG-MIG2,38100
7001720,"Adapter coupling 90° R1/8""",2500
7001721,"Adapter coupling straight R1/8""",900
401985,Adapter cover Verachtert,6600
710510,Adapter DSVW-15 LR HFX banjo,12500
1049234,"Adapter extra Bolted GRD 1/2""-1/4"" 305mm QSM70-steel",28700
1063847,"Adapter extra Bolted GRD 1/4""-1/4"" QSM40/CW10",24400
1057118,"Adapter extra Bolted GRD 3/8""-1/4"" 182mm QSM45-steel",17600
1050319,"Adapter extra Bolted GRD 3/8""-1/4"" 202mm QSM60-steel",15300
8001231,Adapter Hydrema-MIG2,7700
7001219,Adapter JIC 061230-04-04,3900
7001220,Adapter JIC 061230-06-06,3700
7001221,Adapter JIC 066010-04-04,1300
7001222,Adapter JIC 066010-06-04,1300
7000881,Adapter JIC 066010-06-06,1400
7000980,Adapter JIC 066010-08-08,2000
7001229,Adapter JIC 066020-04-04,2700
7001524,Adapter JIC 066240-06-04 Test port,14000
7001223,Adapter JIC 066240-08-04 Test port,14000
7001224,Adapter JIC 066240-10-04 Test port,14400
7001225,Adapter JIC 066240-12-04 Test port,15900
7001226,Adapter JIC 066240-16-04 Test port,27000
7001472,Adapter JIC 61130-04-04,2700
7001473,Adapter JIC 61130-05-05,3000
7001474,Adapter JIC 61130-06-06,3400
7001475,Adapter JIC 61130-08-08,4300
7001476,Adapter JIC 61130-12-12,7700
7001522,Adapter JIC/BSP 066310-04-04 Test port,3200
7001523,Adapter JIC/BSP 066310-06-04,3400
1055018,Adapter kit US - QSC - BSPP,91500
1069250,Adapter kit-2PY/QSC Deere 30-35G,51100
1069251,Adapter kit-2PY/QSC Deere 50-60G,51100
7000607,Adapter kit-BSP - 10L,3200
7000211,"Adapter kit-connection block 1"" / 1,5""",8000
7001446,"Adapter kit-connection block 1""-3/4""",9700
7001445,"Adapter kit-connection block 1/2""-3/4""",8600
7001375,Adapter kit-Pressure Sensor,10800
7001756,Adapter kit-Pressure Sensor,6900
7001322,Adapter kit-Pressure Sensor - BSP 1/4,5400
7001343,Adapter kit-Pressure Sensor - CAT NG 301-310,8000
7000916,Adapter kit-Pressure Sensor - ORFS-BSP - Cylinder,12000
7001309,"Adapter L 1/8"" 1x ext / 2x int lubrication",3200
7001852,Adapter M12x1 1/8'' BSP,1200
7000532,Adapter ORFS 067001-04-02,1500
7000236,Adapter ORFS 067001-04-04,1400
7001320,Adapter ORFS 067001-04-08,3200
7000676,Adapter ORFS 067001-06-04,1400
7000235,Adapter ORFS 067001-06-08,1400
7000255,Adapter ORFS 067001-08-08,1500
7001040,Adapter ORFS 067001-12-12,3100
7001371,Adapter ORFS 067001-12-16,3700
711706,Adapter ORFS 067002-04-04,1400
711707,"Adapter ORFS 067002-06-04 -BSP 11/16""-1/4""",1500
7001498,Adapter ORFS 067002-06-06,1500
7000640,Adapter ORFS 067002-08-08,2300
7001372,Adapter ORFS 067002-16-16,3200
7002020,Adapter ORFS 067005-04-02,2700
7000247,Adapter ORFS 067005-04-04,4000
7000963,Adapter ORFS 067005-06-04,4000
7001685,Adapter ORFS 067005-06-06,3400
7001675,Adapter ORFS 067005-16-12,8300
7001329,Adapter ORFS 067008-04-04,7700
7000317,Adapter ORFS 067012-08-08,11400
7001181,Adapter ORFS 067012-12-12,18200
7001903,Adapter ORFS 067012-16-16,17100
7001621,Adapter ORFS 067013-06-06,3700
7000286,Adapter ORFS 067014-04-04,3400
7001066,Adapter ORFS 067014-06-06,4500
7000240,Adapter ORFS 067014-08-08,3500
7000265,Adapter ORFS 067014-10-10,5400
7001298,Adapter ORFS 067015-04-04,4800
7000242,Adapter ORFS 067016-04-04,4000
7000244,Adapter ORFS 067016-06-06,5600
7000237,Adapter ORFS 067016-08-08,6800
7001817,Adapter ORFS 067016-10-10,8300
7001409,Adapter ORFS 067016-12-12,15700
7001410,Adapter ORFS 067016-16-16,13400
7001374,Adapter ORFS 067018-08-08,6800
7001141,Adapter ORFS 067021-08-18,2200
7000241,Adapter ORFS 067031-04-00,1000
7001067,Adapter ORFS 067039-08-06,3700
7001068,Adapter ORFS 067039-10-08,2800
7001069,Adapter ORFS 067039-12-06,4600
7001070,Adapter ORFS 067039-12-08,4600
7000862,Adapter ORFS 067041-04-04,1400
7000863,Adapter ORFS 067041-04-06,1400
7000677,Adapter ORFS 067041-06-06,1400
7000864,Adapter ORFS 067041-06-08,1800
7000923,Adapter ORFS 067041-06-10,3100
7000868,Adapter ORFS 067041-12-16,3500
7000960,Adapter ORFS 067053-04-04,3200
7000682,Adapter ORFS 067058-04-04 Test port,13700
7000853,Adapter ORFS 067058-06-04 Test port,15100
7000854,Adapter ORFS 067058-08-04 Test port,16700
7000685,Adapter ORFS 067058-10-04 Test port,16700
7000855,Adapter ORFS 067058-12-04 Test port,22700
7000687,Adapter ORFS 067058-16-04 Test port,27600
7000989,Adapter ORFS 067058-20-04 Test port,33200
7001041,Adapter ORFS 067060-04-04,1300
7001042,Adapter ORFS 067060-06-06,2100
1065228,"Adapter pipe extra 1/2"" QSM40",1700
7000147,Adapter plate NG10-NG6,64200
730158,Adapter plate NG6-NG4,31800
7001584,Adapter RI 1/8 -edx1/4 ZnNi,1800
403909,Adapter ring PP950,41000
7000735,"Adapter straight JIS-BSP 1/4""",3900
1053175,"Adapter tube extra 1/2"" QSM45/50",17100
1045926,"Adapter tube extra 1/2"" QSM60 steel",15600
1057150,"Adapter tube extra 1/2"" QSM70 182mm",22100
1050650,"Adapter tube extra 1/2""-1/2"" QSM70-steel",22100
1056533,"Adapter tube extra 1/4""-M18 QSM40",8000
1058386,"Adapter tube extra 3/8"" QSM40/CW05GP/HYDS",8200
1053288,"Adapter tube extra 3/8"" QSM45/50/CW10",15000
1045927,"Adapter tube extra 3/8"" QSM60-steel",13300
1071216,Adapter tube-lock long S45/S60/S70/S80,7100
1071217,Adapter tube-lock short S40/S45/S60/S70/S80,5900
7000947,Adapter XGE 25-SR-ED,5100
7000518,Adapter XRED 25/16 S,8800
1005812K,Adapter yoke EC10/EC15 complete,36300
1005811K,Adapter yoke EC20 complete,37000
1023907,Adapter yoke kit-EC10/EC15 complete,172800
1008958,Adapter yoke kit-EC20 complete,163600
7000529,"Adjustable throttling NDV6 G1/8""",23600
790124,Air bleed nipple,1700
7001851,"Air bleed valve R1/8'' 2,5bar",1300
810252,AMP cover 23P Unit cable DC1,2500
810217,AMP Junior Timer (JT) 2P connector device,3200
810218,AMP Junior Timer (JT) 2S connector device,2200
842156,AMPseal 35S connector device (incl. 20 sockets),14200
841803,AMPseal Socket kit (20pcs),6000
1032314,Arm narrow TG25HD,299400
1034988,Arm narrow TG28HD,513900
1034822,Arm narrow TG42HD,473800
1072610,Arm narrow TG42HD V2,504600
1033557,Arm narrow TG55HD,584900
202960,Arm S30 SEMI as of 0606,8600
303417,Arm S40 as of 0606,22200
1080680,Arm S40 SEMI V2,6600
1051795,Arm SG03,182100
1051846,Arm SG06,203700
1053591,Arm SG12,368800
1051706,Arm SG19,640400
1051763,Arm SG26,679000
1051792,Arm SG33,1214500
1032319,Arm wide TG25,328700
1034977,Arm wide TG28HD,489200
1034821,Arm wide TG42HD,500000
1072484,Arm wide TG42HD V2,550900
1033570,Arm wide TG55HD,600300
1025094,Assembly Aids- power plug eco,10800
841200,Assembly Aids-block The shuttle valve-DC2,91700
1070868,Assembly kit-3rd party tilt sensor-EC209A & B,71500
1070867,Assembly kit-3rd party tilt sensor-EC214->EC233-DC2,60500
1079936,Assembly kit-3rd party tilt sensor-QS type MQH,52200
1079937,Assembly kit-3rd party tilt sensor-S type MQH,46000
8000988,Assembly kit-Accumulator & QH valve Hyundai,89700
8000970,Assembly kit-Accumulator 7001086,96800
842170,Assembly kit-C2C,4600
8000806,Assembly kit-CV-1PY Doosan,11000
841151,Assembly kit-DC2 (Velcro & screw),4600
8000813,Assembly kit-DC2 Doosan,12800
8000952,Assembly kit-DC2 Hyundai,13300
8001088,Assembly kit-for LS-adapter plate 7001175,4500
1056839,Assembly kit-GS520 tilt sensor-ECHF-QSM,44400
841193,Assembly kit-Joystick DF-DC2,22700
8000239,Assembly kit-Joystick-MIG2 V2,12300
1050961,Assembly kit-Liebherr Carling switch,14800
8000665,Assembly kit-Liebherr Std,38600
842169,Assembly kit-MAP Volvo-DC2,4600
8000323,Assembly kit-MAP-Komatsu-DC2,1700
8001987,Assembly kit-MGM,21000
8002057,Assembly kit-MGM-Doosan,9900
8001991,Assembly kit-MGM-Volvo Smart Connect,21500
7000222,Assembly kit-Middle piece-Volvo EW60E,30600
8000464,Assembly kit-Mounting plate-Volvo EW/E as of 32200,9000
8000668,Assembly kit-Optional valve-Liebherr 914-920,3000
8000986,Assembly kit-QPM,9700
1048778,Assembly kit-QSC C2C-Volvo FF,15300
842165,Assembly kit-QS-QLM,1800
8001406,Assembly kit-Resistor Volvo,11000
8000079,Assembly kit-ss9-2 (Velcro + screw),4600
8000807,Assembly kit-Track control Doosan,17300
8000708,Assembly kit-Track control Kobelco SK75 - SK85,19800
8000669,Assembly kit-Track control Liebherr,35800
7000786,Assembly kit-Valve block,59600
8000525,Assembly kit-Volvo EW/EWR from 32200,10500
8000812,Assembly kit-Wheel control Doosan,18400
712103,Assembly stop WEO Coupling 0357490400,500
405580,Assembly yoke - Locking cylinder S30 (303489),19300
1029973,"Attachment angle sensor EC219,EC226-5V/6CH-swivel",19800
1030538,Attachment angle sensor EC30,9400
1061832,Attachment block ECO40 W-top bracket-with pin,211
1069400,Attachment block ECO40 W-top bracket-with pin V2,42000
1041097,Attachment block ECO45 W-top bracket,73000
1041645,Attachment block ECO50 W right-top bracket,86900
1042255,Attachment block ECO60 W-top bracket,68200
1023973,Attachment block ECO60-top bracket,60800
1042233,Attachment block ECO70 W-top bracket,114000
1043644,Attachment block ECO80 W-top bracket,136700
402045,Attachment bracket-controller kit RF,19800
1040022,Attachment central lubrication & DC2-EC233,36400
1055574,Attachment central lubrication & DC2-QSM45/50,12800
1031517,Attachment central lubrication & TM DC2 -ECHF/QSM,15900
1075317,Attachment central lubrication & TM EC309-DC3-QSM,4000
1081131,Attachment central lubrication & TM EC326-DC3-QSM,9600
1081366,Attachment central lubrication & TM EC333-DC3-QSM,10000
1065076,Attachment central lubrication & TM3 EC314/EC319-QSM,12800
1033292,Attachment central lubrication EC206 V2 valve plate,5600
1021695,Attachment central lubrication EC209,12000
1039502,Attachment central lubrication EC209 w/o valve block-swivel,4500
1018052,Attachment central lubrication EC219-EC226,15700
1016586,"Attachment flange - EC209-226, EC30 - ePS",14000
1025563,Attachment grab guard & extra GR05 - EC204/EC206,36600
401862,Attachment grab guard (cylinder ear),4300
403385,Attachment grab guard EC05,45400
402628,Attachment grab guard washer,2200
1031608,Attachment greasedistributor BEKA EC204,13700
1020215,"Attachment hose holder 3/4"" tiltcylinder EC219/EC226",11400
1026354,Attachment Indicator pin GJ300 EC209,4000
8000196,Attachment kit-MIG2 left,25000
8000195,Attachment kit-MIG2 right,25000
1009267,Attachment left 3-way valve,12300
403494,Attachment Liebherr SW48,87200
401175,"Attachment mechanical lock S45, S50",43400
401002,Attachment mechanical lock S60,33200
750180,Attachment piston rod Threaded ECpup UNI cylinder 1011225,27000
1018867,Attachment plate 1/2,2700
1029642,Attachment plate 3/4,1700
1073834,Attachment plate 3/4,1700
1068401,Attachment plate TM2 EC206B V2,7100
1079412,Attachment plate TM3 EC206B,9700
1051601,Attachment QSC valve Kubota KX080,14400
1009266,Attachment right 3-way valve,12300
8000159,Attachment Subassembly MIG2 left,14000
8000158,Attachment Subassembly MIG2 right,15600
1038301,Attachment Tiltrotator module DC2 & ePS EC209,21600
1037259,Attachment Tiltrotator module DC2 & ePS EC30 ECHF,14000
1055861,Attachment Tiltrotator module DC2 EC209,9900
8000241,Attachment wheel control block - JCB Hydradig,20500
400394,Axial washer EC05,6500
300031,"Axial washer EC10, EC20",10800
400597,Axial washer EC15,11100
1039899,Axial washer EC233/EC333,25000
1016104,Axial washer EC26/EC226/EC326,18400
400248,Axial washer EC30,15700
1065378,Axial washer sealed EC206B,15000
1010758,"Axial washer with ear EC10,15,20",15900
1016519,Axial washer with ear EC206,14400
1079941,Axial washer with ear EC209/214/219,11100
1014061,Axial washer with ear EC30,24400
1058392,Axial washer with Seal EC209-219,38900
1058324,Axial washer with Seal EC226,41700
1058376,Axial washer with Seal EC233,59000
1030070,"Axle for spacer EC209W, EC214W",12800
1016534,"Axle for spacer EC219W, EC226W",10500
402885,Axle Grab arm GR05,14400
400521,Axle Grab arm GR10 / Grab support GR20/GR30,14800
400520,Axle Grab arm GR20/GR30,19900
1039995,Axle Grab arm GR30HD,15100
1066814,Axle Grab arm GRD40,13100
1036723,Axle Grab arm GRD45/50,13700
1032840,Axle Grab arm GRD60,25800
1044793,Axle Grab arm GRD60B/70/70B,17100
1063475,Axle grab cylinder & grab arm GRD40,26100
1036402,Axle grab cylinder against frame GRD45/50,9400
1029217,Axle grab cylinder against frame GRD60/GRD70,17000
1068863,Axle grab cylinder against frame GRD60B/70B,12200
1034640,Axle grab cylinder against Grab arm GRD45/50/60/70,17400
400191,Axle grab cylinder against Quick hitch - for weld,24700
402598,Axle grab cylinder GR05 - against Grab arm,13700
400461,Axle grab cylinder GR10 - against Grab arm,12500
402541,Axle grab cylinder GR10 - against quick hitch,11000
401157,Axle grab cylinder GR20 - against Quick hitch - S45/S50/S60,11000
400524,Axle grab cylinder GR20/GR30 - against Grab arm,15900
400522,Axle grab cylinder GR20/GR30 - against quick hitch,11400
1032520,Axle grab cylinder GR20R2-Rail - against frame,29000
1033783,Axle grab cylinder GR20R2-Rail - against Grab arm,22100
1016963,Axle grab cylinder GR20RR - against Grab arm,25900
1018414,Axle hook ECpup45/50 EC05B,7300
1017690,Axle hook ECpup45/50 EC10,16700
1007823,Axle hub long tarmac cutter,42100
1027081,Axle lock CW05,14400
404383,Axle lock wedge GJ500 as of 04-10-19,28700
400902,Axle lock wedge LE,18200
403269,Axle lock wedge SW48,23900
1027596,Axle Locking cylinder HS08ec,31500
400644,"Axle Locking cylinder SMP8, SMP3, SW48, LE, SMP35",6500
1046014,"Axle Locking cylinder SW33H, SW48H",5600
1032757,Axle Locking yoke Lehnhoff HS10ec,53100
401957,"Axle Mechanical lock - RFS45,S50,S60-",46000
405424,Axle Ø25-150 lubrication complete EC02/RFS30,23900
1020624,Axle Ø25-195 lubrication complete EC02/EC204/RFS30,31800
401295,Axle Ø30 PUP60,23000
405070,Axle Ø30-150 lubrication complete EC02/RFS30,26500
405503,Axle Ø30-195 lubrication complete EC02/EC204/RFS30,29200
405604,Axle Ø32-150 lubrication complete EC02/RFS30,36600
1038259,Axle Ø32-195 lubrication complete EC02/B/BU/EC204/RFS30/S30S,37500
1051605,"Axle Ø34,8-195 lubrication complete EC02/EC204/RFS30",134400
405470,Axle Ø35-150 lubrication complete EC02/RFS30,38000
405409,Axle Ø35-195 lubrication complete EC02/EC204/RFS30,32700
1047628,Axle Ø35-232 ear lubrication,54800
1015135,"Axle Ø37,8-195 lubrication complete EC02/EC204/RFS30",72800
405494,Axle Ø38-195 lubrication complete EC02/EC204/RFS30,36300
405509,Axle Ø40-195 lubrication complete EC02/EC204/RFS30,38000
1024254,Axle Ø50 Grab20 Rail M20 for washer,71900
1016966,Axle Ø50 Grab20 Rail M50,98000
1030543,Axle Ø50 Grab20R2-Rail-M20 for washer,44100
1007818,Axle Ø50. tarmac cutter S40 (370),16400
404628,Axle Ø50-297 ear,50600
404832,Axle Ø50-297 lubrication ear,74400
403808,Axle Ø50-333 ear,63100
1006280,Axle Ø50-333 lubrication ear,79300
404610,Axle Ø50-335 lubrication Takeuchi TB175,25000
1083566,Axle Ø50-S45-lubrication,92000
403822,Axle Ø60 top bracket 60/70,74100
403951,Axle Ø60-408 lubrication,95200
1030082,Axle Ø60-415-ear-Liebherr-SW33,254600
1056405,"Axle Ø65-405 Doosan DX140,160,165",90600
404685,Axle Ø65-412 lubrication,109000
1025112,Axle Ø70-610-ear,284000
402884,Axle Ø80-518 ear,122800
403133,Axle Ø90-585,197500
405558,Axle Ø90-607,222200
1063091,Axle OQ40-5,39800
1026993,Axle OQ45,39800
1032941,Axle OQ60-5,71000
1039609,Axle OQ65,89700
1068925,Axle OQ70 (540mm),93800
1020410,Axle OQ70/55 (640mm),102300
401478,Axle pin M20 L60 Atlas 1204-1604,22200
1011553,"Axle rotator leg EC20,219,226 cast yoke",62000
1004040,Axle S40 mechanical EC05B,50600
1011218,Axle safety hook ECpup 60/65,23000
1015045,Axle safety hook ECpup 70/80,24100
1018413,Axle safety hook ECpup45/50 EC05B,19600
1017863,Axle safety hook ECpup45/50 EC10/EC209,33300
1000739,Axle TFS30,24700
300785,Axle TFS40,63300
1082057,"Axle UNI Ø35 b8 (34,8)-S40-narrow S40 lubrication",39800
1024127,Axle UNI Ø35-262,38600
1043796,Axle UNI Ø35-262 lubrication,89000
1011107,Axle UNI Ø35-287,38600
1061087,"Axle UNI Ø35-287 (Ø34,84 Komatsu) lubrication",58600
1032853,Axle UNI Ø35-287 lubrication,92000
1008461,Axle UNI Ø35-317,38600
1038636,Axle UNI Ø35b8-287,49100
1078262,Axle UNI Ø35-S40-narrow S40 lubrication,44600
1077815,Axle UNI Ø35-S40-wide S40 lubrication,42100
1016175,"Axle UNI Ø38 (37,8k8)-282 -lubrication",108000
1015117,"Axle UNI Ø38 (37,8k8)-312 - lubrication",100600
1082213,"Axle UNI Ø38 (37,8k8)-S40-narrow S40 lubrication",59400
1035740,Axle UNI Ø40-262,37800
1035741,Axle UNI Ø40-262 lubrication,54800
1011109,Axle UNI Ø40-287,37800
1012050,Axle UNI Ø40-287 lubrication,108000
1007009,Axle UNI Ø40-312,38900
1010419,Axle UNI Ø40-312 lubrication,108000
1007942,Axle UNI Ø40-350,37800
1078242,Axle UNI Ø40-S40-narrow S40 lubrication,45400
1077813,Axle UNI Ø40-S40-wide S40 lubrication,48500
1009186,"Axle UNI Ø44,45-317",55100
1008719,"Axle UNI Ø44,45-376",58600
1079272,"Axle UNI Ø44,45-S45-narrow S45 lubrication",71600
1082062,"Axle UNI Ø45 b8 (44,8)-S40-wide S40 lubrication",41400
1047235,"Axle UNI Ø45(44,8)-287",55100
1011111,Axle UNI Ø45-287,42100
1011692,Axle UNI Ø45-287 lubrication,100800
1007683,Axle UNI Ø45-312,46900
1008403,Axle UNI Ø45-312 lubrication,59400
1007943,Axle UNI Ø45-343,42900
1018973,Axle UNI Ø45-343 lubrication,112700
1003617,Axle UNI Ø45-376,44100
1061219,Axle UNI Ø45-376,42100
1006681,Axle UNI Ø45-376 lubrication,55700
1077814,Axle UNI Ø45-S40-wide S40 lubrication,45400
1079276,Axle UNI Ø45-S45-narrow S45 lubrication,57100
1079278,Axle UNI Ø45-S45-wide S45 lubrication,57100
1079279,"Axle UNI Ø49,7-S45-narrow S45 lubrication",72500
1079280,"Axle UNI Ø49,7-S45-wide S45 lubrication",74400
1011043,"Axle UNI Ø50(49,7)-376 - lubrication",112700
1011112,Axle UNI Ø50-287,142000
1008065,Axle UNI Ø50-312,52000
1017195,Axle UNI Ø50-312 lubrication,119000
1007944,Axle UNI Ø50-350,48500
1024618,Axle UNI Ø50-350 link Mecalac double lubrication,67700
1003616,Axle UNI Ø50-376,48500
1005954,Axle UNI Ø50-376 lubrication,97100
1006869,Axle UNI Ø50-427,53200
1032692,Axle UNI Ø50-430 - lubrication,112700
1003060,Axle UNI Ø50-450,54000
1078181,Axle UNI Ø50-S40-wide S40 lubrication,40600
1075393,Axle UNI Ø50-S45-narrow S45 lubrication,90900
1075415,Axle UNI Ø50-S45-wide S45 lubrication,92000
1079772,Axle UNI Ø50-S60-narrow,51100
1007945,Axle UNI Ø55-350,55200
1010895,Axle UNI Ø55-350 lubrication,126500
1003615,Axle UNI Ø55-376,55200
1008773,Axle UNI Ø55-376 lubrication,126500
1006868,Axle UNI Ø55-427,63100
1019080,Axle UNI Ø55-450,28400
1080696,Axle UNI Ø55-S45-narrow S45 lubrication,51500
1082458,Axle UNI Ø55-S45-wide S45 lubrication,50800
1007946,Axle UNI Ø60-350,64800
1016059,Axle UNI Ø60-350 lubrication,135500
1003614,Axle UNI Ø60-376,64800
1083370,Axle UNI Ø60-376 lubrication,64000
1006867,Axle UNI Ø60-427,99800
1003061,Axle UNI Ø60-450,96300
1003057,Axle UNI Ø60-477,99700
1003053,Axle UNI Ø60-507,77200
1012064,Axle UNI Ø60-527,77800
1079281,Axle UNI Ø60-S45-narrow S45 lubrication,72500
1079282,Axle UNI Ø60-S45-wide S45 lubrication,58000
1070023,Axle UNI Ø60-S60-medium/wide,61300
1072394,Axle UNI Ø60-S60-narrow,48300
1007990,Axle UNI Ø65-427,81500
1008449,Axle UNI Ø65-427 lubrication,142600
1001708,Axle UNI Ø65-450,77200
1056870,"Axle UNI Ø65-450 (Ø64,75 CAT)",126200
1012413,Axle UNI Ø65-450 lubrication,149800
1001707,Axle UNI Ø65-477,80600
1006585,Axle UNI Ø65-477 lubrication,153400
1001795,Axle UNI Ø65-507,84900
1070022,Axle UNI Ø65-S60-medium/wide,69800
1070019,Axle UNI Ø65-S60-narrow,64400
1083603,Axle UNI Ø65-S60-narrow lubrication,57100
1073667,Axle UNI Ø65-S70-narrow,61000
1003062,Axle UNI Ø70-450,85300
1003058,Axle UNI Ø70-477,89200
1003054,Axle UNI Ø70-507,128900
1007885,Axle UNI Ø70-527,128900
1044248,Axle UNI Ø70-590,86300
1052474,Axle UNI Ø70-606,88700
1070028,Axle UNI Ø70-S60-medium/wide,75900
1070030,Axle UNI Ø70-S60-narrow,72800
1081499,Axle UNI Ø70-S70-medium,96900
1078240,Axle UNI Ø70-S70-narrow,73000
1024988,Axle UNI Ø71-477,121100
1036507,Axle UNI Ø71-507,117700
1013278,Axle UNI Ø75-450,118800
1016246,Axle UNI Ø75-477,113000
1003059,Axle UNI Ø80-477,109600
1003055,Axle UNI Ø80-507,118800
1007886,Axle UNI Ø80-527,120400
1044247,Axle UNI Ø80-590,121900
1052469,Axle UNI Ø80-606,122500
1070032,Axle UNI Ø80-S60-medium/wide,95100
1070031,Axle UNI Ø80-S60-narrow,74400
1073665,Axle UNI Ø80-S70-medium,117000
1073345,Axle UNI Ø80-S70-narrow,90600
1082106,Axle UNI Ø80-S70-wide,162000
1080753,Axle UNI Ø80-S80-narrow,142100
1009139,Axle UNI Ø90-507,171300
1024890,Axle UNI Ø90-527,169800
1044246,Axle UNI Ø90-590,172800
1052471,Axle UNI Ø90-606,160500
1078241,Axle UNI Ø90-S70-medium,139800
1073339,Axle UNI Ø90-S70-wide,129600
1080033,Axle UNI Ø90-S80-narrow,70400
1080754,Axle UNI Ø90-S80-wide,67900
1047524,Banjo bolt,5600
712214,Banjo bolt 4450-04-00 extended,1000
710273,Banjo bolt 4450-06-00 extended,1600
710284,Banjo bolt 4450-08-00 extended,2000
710277,Banjo bolt 4451-02,900
710271,Banjo bolt 4451-04,500
710272,Banjo bolt 4451-06,900
710274,Banjo bolt 4451-08,1700
1001681,Base plate S30/180 straight,94800
1005929,Base plate S70,496900
1051264,Bearing (axle 35) 339-481 UCF35,19900
6000296,Bearing 22211 E PC6000,28700
1047321,Bearing cover GRB,15100
1052905,Bearing LEV 208 2T,21000
1049624,Bearing LEV 210 2F,22700
1079542,Bearing ring EC204B with steering,120400
1066766,Bearing ring EC206B,134000
1077031,Bearing ring EC206B V2,137300
1061927,Bearing ring EC209,189800
1077029,Bearing ring EC209 V2,134600
1061928,Bearing ring EC214,213000
1077008,Bearing ring EC214 V2,150300
1077005,Bearing ring EC219 V2,162000
1077002,Bearing ring EC226/326 V2,192900
1076774,Bearing ring EC233 V2/EC333,234600
1061930,Bearing ring EC26/EC226 18 screw V2,267000
1061931,Bearing ring M10 EC233,331800
1033934,Bearings 6206-2RS,4500
6000020,Bearings GRB CM-UCF 210 2TB FKL,44100
6000051,Bearings GRB-L SNR UCF208,34600
8000191,Bellow adapter kit-CAT 308E-MIG2,42100
8000291,Bellow adapter kit-Hyundai,36900
8000190,Bellow adapter kit-Liebherr-MIG2,59100
8001979,Bellow adapter kit-Liebherr-MIG2 V2,10300
1064989,Bellow plate adapter-Liebherr-MIG2,2400
1039301,Bellow plate adapter-L-MIG2,8800
1033831,Bellow plate adapter-MIG2,2500
1039300,Bellow plate adapter-R-MIG2,8800
1061469,Bellow plate adapter-V2-MIG2,6800
810124,Bellow plate DF-Joystick,2500
810179,Bellow plate L8-Joystick,5100
811205,Bellow plate L8-Joystick Liebherr,38900
9000603,Bill of materials - EC206-//-//-//-OQ,800
9000864,Bill of materials - EC206B-//-//-//-OQ,800
9000604,Bill of materials - EC209-//-//-//-OQ,800
9000289,Bill of materials - EC209U/PS-//-Tilt.cyl-//-OQ,800
9000605,Bill of materials - EC214-//-//-//-OQ,800
9000609,Bill of materials - EC214W-//-//-//-OQ,800
9000601,Bill of materials - EC219-//-//-//-OQ,800
9000608,Bill of materials - EC219W-//-//-//-OQ,800
9000602,Bill of materials - EC226-//-//-//-OQ,800
9000606,Bill of materials - EC226W-//-//-//-OQ,800
9000607,Bill of materials - EC233-//-//-//-OQ,800
9000307,Bill of materials - Hose kit QSM Tilt & Motor EC214 - OQ,800
9000308,Bill of materials - Hose kit QSM Tilt & Motor EC219 - OQ,800
9000309,Bill of materials - Hose kit QSM Tilt & Motor EC226 - OQ,800
9000310,Bill of materials - Hose kit QSM Tilt & Motor EC233 - OQ,800
9000665,Bill of materials - Swivel kit QSM EC209 - OQ,800
9000295,Bill of materials - Swivel kit QSM EC214-EC233 - OQ,800
9000311,Bill of materials - Valve kit DC2 QSM ePS EC214-EC233 - OQ,800
9000540,Bill of materials - Valve kit ss10 QSM ePS EC214-EC233 - OQ,800
9000326,Bill of materials - Valve kit ss9IQ QSM ePS EC214-EC233 - OQ,800
1011625,Blade PP3200,81800
7002072,Blind plug Ø6 - Push-in,300
6000294,"Blind rivet 4,0x12,3 DIN7337 alu/steel",100
1061836,Block ECO40 W QH-1hy,200600
1077488,Block ECO40 W QH-1hy,147800
1061835,Block ECO40 W-QH-1hy 1cl,200600
1077487,Block ECO40 W-QH-1hy 1cl V2,171300
1061831,Block ECO40 W-QH-with dowel pins,57900
1077485,Block ECO40 W-QH-with dowel pins V2,58600
1077496,Block ECO40 W-QSM-quick hitch -1hy V2,171300
1065879,Block ECO40 W-QSM-with dowel pin,101100
1077495,Block ECO40 W-QSM-with dowel pin V2,102300
1078892,Block ECO40 W-S40 QH-1hy,143800
1078891,Block ECO40 W-S40 QH-1hy 1cl,160500
1078385,Block ECO40 W-S40-QH-with dowel pins,70400
1061839,Block ECO40 W-top bracket 1 hy,952
1069401,Block ECO40 W-top bracket 1hy 1cl V2,188300
1081403,Block ECO40 W-top bracket 1hy 1cl V3,143800
1069402,Block ECO40 W-top bracket 1hy V2,163600
1081402,Block ECO40 W-top bracket 1hy V3,137500
1069399,Block ECO40 W-top bracket V2,87700
1079426,Block ECO40 W-top bracket V3,108600
1054416,Block ECO45 W 3-hyd-QH with dowel pins,220700
1058900,Block ECO45 W-QSM cast - left with dowel pin,175900
1058935,Block ECO45 W-QSM cast - right with dowel pin,153100
1063740,Block ECO45 W-QSM-Quick hitch -3hy right,396600
1054417,Block ECO45 W-Quick hitch -3hy,557100
1073642,Block ECO45 W-S45-QH with dowelpin - for 2hy Left lower,132700
1074334,Block ECO45 W-S45-QH with dowelpin - for 2hy Right lower,138900
1078881,Block ECO45 W-S45-QH-2hy 1cl 1el left (assembly) DC3,347200
1078272,Block ECO45 W-S45-quick hitch -2hy 1cl 1el left (assembly),359600
1078359,Block ECO45 W-S45-quick hitch -2hy1el right (assembly),359600
1078279,Block ECO45 W-S45-quick hitch -3hy right (assembly),317900
1054418,Block ECO45 W-top bracket -3hy,504600
1076524,Block ECO45/50 W -QH 2hy V3,359600
1074018,Block ECO45/50 W QH with dowelpins V2,142300
1074021,Block ECO45/50 W -QH-2hy 1cl V3,239200
1063741,Block ECO45/50 W-QSM-quick hitch -2hy left,250000
1055712,Block ECO45/50 W-quick hitch -2hy V2,359600
1042479,Block ECO45/50 W-Quick hitch with dowel pin,155900
1041989,Block ECO45/50 W-top bracket,98500
1048025,Block ECO45/50 W-top bracket-2hy,151400
1074024,Block ECO45/50 W-top bracket-2hy 1cl V2,151900
1076514,Block ECO45/50 W-top bracket-2hy V2,149500
1027897,Block ECO50 - top bracket - right 2hy,143100
1055714,Block ECO50 W right-quick hitch -2hy V2,333300
1046073,Block ECO50 W-quick hitch -with dowel pin,265400
1048074,Block ECO50 W-top bracket-2hy,310200
1046074,Block ECO50 W-top bracket-with dowel pin,203700
1076530,Block ECO60 W -QH 2hy- V3,237700
1074019,Block ECO60 W QH with dowelpins V2,100000
1074022,Block ECO60 W -QH-2hy 1cl- V3,243800
1074025,Block ECO60 W top bracket -2hy 1cl- V2,174400
1076517,Block ECO60 W top bracket -2hy- V2,154300
1051128,Block ECO60 W-QSM cast - left with dowel pins,206800
1055736,Block ECO60 W-QSM-quick hitch -2hy left-V2,398100
1055737,Block ECO60 W-QSM-quick hitch -3hy right-V2,493800
1055715,Block ECO60 W-quick hitch -2hy 1cl-V2,379600
1055716,Block ECO60 W-quick hitch -2hy-V2,345700
1055717,Block ECO60 W-quick hitch -3hy-V2,473800
1042480,Block ECO60 W-Quick hitch with dowelpin,166700
1082331,Block ECO60 W-S60-QH -2hy 1cl 1el left (assemb),351900
1070300,Block ECO60 W-S60-QH with dowelpin -for 2hy left lower,110000
1071805,Block ECO60 W-S60-QH with dowelpin -for 2hy right lower,96000
1070496,Block ECO60 W-S60-QH with dowelpin -for 3hy right lower,92000
1081447,Block ECO60 W-S60-QH-2hy 1cl 1el left (assemb./DC3),347200
1073836,Block ECO60 W-S60-QH-2hy 1cl 1el left (assembly/DC3),413600
1071930,Block ECO60 W-S60-quick hitch -2hy 1cl 1el left (assembly),410500
1071931,Block ECO60 W-S60-quick hitch -3hy right (assembly),359600
1071932,Block ECO60 W-S60-quick hitch -3hy right (assembly),361100
1081448,Block ECO60 W-S60-quick hitch -3hy right (assembly),299400
1040424,Block ECO60 W-top bracket,121000
1048029,Block ECO60 W-top bracket-2hy,297800
1052826,Block ECO60 W-top bracket-3hy,237700
1027062,Block ECO60-QH-2hy 0el 0cl complete,163600
1076534,Block ECO70 W -QH 2hy-V3,419800
1074020,Block ECO70 W QH with dowelpins V2,157400
1074023,Block ECO70 W -QH-2hy 1cl-V3,328700
1074026,Block ECO70 W top bracket -2hy 1cl- V2,242300
1076519,Block ECO70 W top bracket -2hy- V2,211400
1047971,Block ECO70 W-for 3-hyd-quick hitch -with dowel pins,126500
1047970,Block ECO70 W-for 3hyd-top bracket,203700
1049274,Block ECO70 W-QSM cast - left with dowel pins,243800
1051314,Block ECO70 W-QSM cast - right with dowel pins,246900
1055738,Block ECO70 W-QSM-quick hitch -2hy left-V2,489200
1055739,Block ECO70 W-QSM-quick hitch -3hy right-V2,538600
1055720,Block ECO70 W-quick hitch -3hy-V2,342600
1042478,Block ECO70 W-quick hitch -with dowel pin,183600
1074953,Block ECO70 W-S70 -2hy 1el right (assembly),456800
1073808,Block ECO70 W-S70 QH cast - left lower with dowel pins,119600
1074950,Block ECO70 W-S70-QH -2hy 1cl 1el left (assembly),492300
1074951,Block ECO70 W-S70-QH -3hy right (assembly),453700
1077192,Block ECO70 W-S70-QH-2hy 1cl 1el left (assembly/DC3),475300
1042231,Block ECO70 W-top bracket,168200
1048032,Block ECO70 W-top bracket-2hy,231500
1052828,Block ECO70 W-top bracket-3hy,450600
1076540,Block ECO80 W-quick hitch -3hy-V3,759300
1050478,Block ECO80 W-quick hitch -with dowel pins,245400
1074033,Block ECO80 W-quick hitch -with dowel pins-V2,226900
1082919,Block ECO80 W-S80-QH -3hy 1el 1cl left (assembly/DC2),851900
1080052,Block ECO80 W-S80-QH -3hy 1el 1cl left (assembly/DC3),851900
1080053,Block ECO80 W-S80-QH -3hy right (assembly),851900
1076522,"Block ECO80 W-top bracket-3hy (2x1"" & 1x1/2"") V2",720700
1074035,"Block ECO80 W-top bracket-3hy 1cl (2x1"" & 1x1/2"") V2",450600
1051023,"Block ECO80 W-top bracket-3hy(2x1"" & 1x1/2"")",729900
1061758,Block feed EC206B,40000
1063696,Block rotation EC206B,45400
1063635,Block tilt EC206B,40000
301055,"Block-Distribution 1/4""",30100
1024278,Block-Feed EC209 ss0,63300
7001502,Block-Flow block PC6000 55l/min,123500
7001503,Block-Flow block PC9500 65l/min,123500
7001904,Block-Flow block PP3200 30l/min,102600
1048062,"Block-Machine Hitch lock 2x2 1/4"" for Stick untreated",13400
1050162,"Block-Machine Hitch lock for Stick 2x2x1/4"" complete",37500
1027628,Block-Overflow NG10,61300
730151,Block-Overflow NG4,22700
1005844,Block-Overflow NG6,23100
1069560,Block-Pressure reduction motor EC206B V2,85300
1019712,Block-Pressure reduction-EC209 complete,121900
1009993,Body CB03-90-290,50900
1013623,Body CB05-130-340. Sweep hardox,57900
1009194,Body DB01-50-400,42100
1009866,Body DB02-70-450,54000
1006792,Body DB11-400-700,257700
1007719,Body DB12-500-800,260800
1017768,Body GB05-250-1200,128900
1004153,Body GB11-500-1400,302500
1044057,Body GB17-900-1700. hardox sweep,507700
1032665,Body SB14-650-1600,371900
1020906,Body SB15-750-1600,555600
7001623,"Bolt set M12x45 with O-ring 1""-6000",4800
7001624,"Bolt set M14x45 with O-ring 11/4""-6000",7700
1036572,Bottom plate sweep arm,3700
1023853,Box - special tool,63600
1035995,Box-Checkered plastic- special tool,20500
1062227,Bracket assy cable holder V.block EC02,4600
1078815,Bracket for cover plate CW05GP,2000
1076455,Bracket with magnet EC204B rotation sensor,7100
8001847,Branch cable CAN DTM-DT/M12-ECO W ePS EC209B-EC233,33000
8000432,Branch cable CAN Souriau-DT/M12/JT-DC2 LF ePS,44900
8000264,Branch cable QH_SW-MAP JCB ss9-2,7400
8001272,Branch cable QLM ITT-MAP Volvo DC2,136700
8002685,Branch cable QLM ITT-MAP Volvo DC3,68800
841189,Breakout cable AI5 FCI-DC2,34300
8000153,Breakout cable BOOM DT-MAP Volvo,12500
8000546,Breakout cable CAN AMPS16-DT MAP CAT NG,70800
8000547,Breakout cable CAN AMPS16-DT/M12 MAP CAT NG,47500
842173,"Breakout cable CAN DT-DC2 EC 0,15/0,98m",28400
8000783,"Breakout cable CAN DT-DC2 EC 0,32/0,25m",22100
8001833,Breakout cable CAN DT-MAP Doosan,15700
8001580,Breakout cable CAN QSC GP AMPS16-Minif MAP CAT,56800
8000930,Breakout cable DI14 DT-MAP CAT NG,11100
8001341,"Breakout cable DI14 Minif-0,8m",6600
8001343,"Breakout cable DI14 Minif-1,2m",7400
8002213,"Breakout cable DI14 Minif-1,8m",8000
8001342,Breakout cable DI14 Minif-1m,8200
8001603,Breakout cable DI14 Minif-MAP CAT,11900
8000955,Breakout cable FNR SPD 2xEcono-MAP Hyundai,45200
8000151,Breakout cable FNR SPD Econo-MAP Volvo,36300
8001600,Breakout cable PWM Minif,4300
8000672,Breakout cable PWR Timer/JPT-MAP Liebherr,19800
842186,Breakout cable SPD DT-MAP Volvo,11400
1041326,Breakout cable VALVE Souriau-Likufix EC,97700
8000230,Breakout cable WC DT-MAP JCB,16500
8001542,Breakout cable WC Term-MAP Hyundai,15000
7000105,Breathing plug with filter,3500
1047648,Brush Cassette-SWD-1100 Ø915 SWD60,182100
1059445,Brush Cassette-SWD-1600 Ø700,197500
1069987,Brush Cassette-SWD40-1200 Ø700,206800
1069731,Brush Cassette-SWD40-340 Ø600,97500
1047646,Brush Cassette-SWD45/60-420 Ø600,102200
1069735,Brush Cassette-SWD45-1400 Ø700,213000
1047647,Brush Cassette-SWD60-1600 Ø915,216000
1051253,Brush Holder BVP SR,12800
1063776,Brush kit plastic/steel SR2000,515400
1033883,Brush ring Beeline Ø600/180,6000
1047895,"Brush ring Beeline Ø700x10""",6800
1047896,"Brush ring Beeline Ø915x10""",5100
1063775,"Brush ring steel Ø915x10""",14800
1051250,Brush roller SR 1300,284000
1073748,Brush roller SR 1300 V2,294800
1051251,Brush roller SR 1600,333300
1073750,Brush roller SR 1600 V2,344100
1056917,Brush roller SR 1800,333300
1073751,Brush roller SR 1800 V2,344100
1051310,Brush roller SR 2000,359600
1073754,Brush roller SR 2000 V2,370400
1051249,Brush roller SR 800,410500
1069808,Brush roller SR 800 V2,410500
1024972,Bucket CB01-35-240-S30/180,53500
1035358,Bucket CB01-35-240-S40,112700
1004250,Bucket CB02-60-290-S30/180,115700
1013155,"Bucket CB02-60-290-S30/180-CAT3T, wear steel",169800
1014494,Bucket CB02-60-290-S40,117900
1074469,Bucket CB02-60-290-S40-CAT3,155900
1044430,"Bucket CB02-65-305(12"")-S30/180",123300
1048919,Bucket CB03-100-340-S40,137200
1013084,"Bucket CB03-90-200-S40, wear steel",169800
1069759,Bucket CB03-90-290-CW05GP,225300
1004265,Bucket CB03-90-290-S30/180,120400
1009992,Bucket CB03-90-290-S40,111300
1023913,Bucket CB03-90-290-S40-CAT3T,174400
1077112,Bucket CB03-90-300-// (OQ painted),109400
1015449,Bucket CB03-90-300-S40,127900
1017588,Bucket CB05-115-300-S40,141500
1027168,"Bucket CB05-115-300-S40, wear steel",159000
1054487,Bucket CB05-115-300-S40-CAT3T,196000
1053858,Bucket CB05-115-300-S45,177500
1070303,Bucket CB05-130-340-//-CAT3T (painted),147100
1031936,Bucket CB05-130-340-HYD,159000
1004271,Bucket CB05-130-340-S40,119100
1004277,Bucket CB05-130-340-S45,127200
1010466,Bucket CB05-130-340-S50,148500
1062144,Bucket CB05-170-450-S40-CAT3T,182100
1056306,Bucket CB05-170-450-S45-CAT3T,191400
1056407,Bucket CB05-170-450-S50-CAT3T,191400
1046098,Bucket CB05C-70-200-S40,177500
1053702,Bucket CB08-120-300-S45,202200
1072326,Bucket CB08-120-300-S45-CAT2T,225300
1060482,Bucket CB08-120-300-S50-CAT2T,225300
1053751,Bucket CB08-155-400-// (painted),155900
1036078,Bucket CB08-155-400-HYD,162000
1031720,Bucket CB08-155-400-S40,151400
1025474,Bucket CB08-155-400-S45,148500
1038324,Bucket CB08-155-400-S45-CAT3T,223800
1030144,Bucket CB08-155-400-S50,165100
1036580,Bucket CB08-155-400-S50-CAT3T,223800
1015534,Bucket CB10-120-350-S45,265400
1055874,Bucket CB10-160-450-S45,308600
1072197,Bucket CB10-160-460-// (painted),294800
1004278,Bucket CB10-160-460-S45,273100
1012346,Bucket CB10-160-460-S45-CAT3T,382700
1004279,Bucket CB10-160-460-S50,308600
1009972,Bucket CB10-180-500-S45,354900
1050728,Bucket CB10C-110-300-HYD,268500
3-1680,Bucket CB10C-130-300-S45,310200
3-1681,Bucket CB10C-130-300-S50,328700
1044315,"Bucket CB10C-180-680/400-S45 hardox, roof angle 50",297800
1030982,Bucket CB15-200-300-S60,404300
1055417,Bucket CB15-200-300-S60-CAT2T,452200
1017839,Bucket CB15-250-400-S60,375000
1018347,Bucket CB15-290-450-S45-CAT3T,492300
1018228,Bucket CB15-290-450-S60,384300
1019348,Bucket CB15-290-450-S60-CAT3T,484600
1010255,"Bucket CB15-300-400-S60, extended",392000
1013378,"Bucket CB15-300-400-S60-CAT3T, extended",478400
1019006,Bucket CB15-320-500-S60,472200
1004280,Bucket CB15-350-560-S60,429000
1044058,"Bucket CB15-350-560-S60, axle 2244",526200
1016301,"Bucket CB15-350-580-S60, extended ext.bottom",547800
1050581,Bucket CB15-370-600-S60,433600
1008599,Bucket CB15C-260-300-S60,418200
1059687,Bucket CB20-270-450-S70,537000
1048961,Bucket CB20-270-450-S70-CAT3T,583300
1050977,Bucket CB20-370-600-S60,2394
1051241,Bucket CB20-370-600-S70,558600
1048960,Bucket CB20-370-600-S70-CAT3T,598800
1004283,Bucket CB20-400-660-S70,490700
1013462,Bucket CB20-400-660-S70-CAT3T,706800
1009571,Bucket CB25-550-600-S70,555600
1026679,Bucket CB25-550-600-S70-CAT3T,750000
1010193,Bucket CB25-550-600-S80,584900
1049741,Bucket CB29-800-700-S80,915100
1068040,Bucket CB29-800-700-S80-CAT3T,986100
1053413,"Bucket CB36-900-910(36"")-S80",1098800
1050136,Bucket DB01-20-300-S30/180-CAT3T,89400
1062643,Bucket DB01-35-450-S30/180,91200
1050143,Bucket DB01-35-450-S30/180-CAT4T,111900
1004239,Bucket DB01-50-400-S30/180,94000
1005751,Bucket DB01-50-400-S30/180-CAT3T,138000
1005750,Bucket DB01-50-400-S30/180-CAT4T,157400
1052612,Bucket DB02-100-600-S30/180,171300
1033716,Bucket DB02-100-600-S30/180-CAT4T,191400
1033393,Bucket DB02-100-600-S40,136900
1043821,Bucket DB02-100-600-S40-CAT4T,203700
1047720,Bucket DB02-120-750-S40-CAT5T,236100
1069747,Bucket DB02-70-450-// (painted),98800
1005752,Bucket DB02-70-450-S30/150-CAT3T,183600
1004241,Bucket DB02-70-450-S30/180,102900
1005754,Bucket DB02-70-450-S30/180-CAT3T,165100
1005755,Bucket DB02-70-450-S30/180-CAT4T,168200
1029262,Bucket DB02-70-450-S40,123900
1005757,Bucket DB02-90-550-S30/150-CAT4T,200600
1004243,Bucket DB02-90-550-S30/180,126100
1004244,Bucket DB02-90-550-S40,122500
1005759,Bucket DB02-90-550-S40-CAT4T,870
1077911,"Bucket DB02US-45-457(18"")-S30/180-CAT4T",223800
1056515,Bucket DB03-100-450-S40,148100
1055634,Bucket DB03-100-450-S40-CAT4T,177500
1004246,Bucket DB03-120-550-S40,139000
1005760,Bucket DB03-120-550-S40-CAT4T,175900
1064958,Bucket DB03-130-600-S40,200600
1056219,Bucket DB03-65-300-S40-CAT2T,169800
1075908,Bucket DB03-90-400-// (painted),126700
1070986,Bucket DB03-90-400-CW05GP,163600
1049707,Bucket DB03-90-400-S30/180,128100
1048123,Bucket DB03-90-400-S40,128200
1080484,Bucket DB03-90-400-S40-CAT3T,174400
1035381,Bucket DB04-145-600-S40,159000
1047902,Bucket DB04-145-600-S40-CAT4T,228400
1078022,"Bucket DB04US-90-610(24"")-S40-CAT4T",246900
1044181,Bucket DB05-120-450-S40,160500
1031454,Bucket DB05-120-450-S40-CAT4T,194400
1043031,"Bucket DB05-120-610(24"")-S30/180-CAT4T",206800
1042295,"Bucket DB05-120-610(24"")-S40",160500
1042294,"Bucket DB05-120-610(24"")-S40-CAT4T",209900
1043803,"Bucket DB05-120-610(24"")-S45-CAT4T",216000
1015957,Bucket DB05-130-500-S40,169800
1040394,Bucket DB05-130-500-S40-CAT4T,214500
1004247,Bucket DB05-160-600-S40,149500
1005761,Bucket DB05-160-600-S40-CAT4T,208300
1011038,Bucket DB05-160-600-S45,177500
1042304,"Bucket DB05-180-915(36"")-S40",206800
1042303,"Bucket DB05-180-915(36"")-S40-CAT6T",271600
1046899,"Bucket DB05-180-915(36"")-S45-CAT6T",277800
1054489,Bucket DB05-200-750(30'')-S40-CAT5T,246900
1031455,Bucket DB05-240-900-S40-CAT6T,263900
1042276,"Bucket DB05-60-305(12"")-S40",129500
1042277,"Bucket DB05-60-305(12"")-S40-CAT3T",148100
1043795,"Bucket DB05-60-305(12"")-S45-CAT3T",775
1031452,Bucket DB05-80-300-S40-CAT2T,188300
1063037,Bucket DB05-80-300-S40-CAT3T,208300
1043800,"Bucket DB05-90-458(18"")-S45-CAT3T",191400
1080503,"Bucket DB05T-130-24""-QS40-CAT4T-T59",1554000
1006625,Bucket DB06-200-600-HYD,191400
1080775,Bucket DB06-200-600-HYD-CAT4T,260800
1004248,Bucket DB06-200-600-S40,153700
1027155,"Bucket DB06-200-600-S40, wear steel",208300
1005762,Bucket DB06-200-600-S40-CAT4T,206800
1014493,Bucket DB06-200-600-S40-CAT4T-TS,282400
1004249,Bucket DB06-200-600-S45,160500
1005763,Bucket DB06-200-600-S45-CAT4T,234600
1010560,Bucket DB06-200-600-S50-CAT4T,243800
1061756,Bucket DB06-210-800-S40,267000
1013884,Bucket DB06-250-600-S40,209900
1017780,Bucket DB06-250-600-S45,220700
1055004,Bucket DB06-250-600-S50-CAT4T,291700
1078035,"Bucket DB06US-140-610(24"")-S40-CAT4T",277800
1042322,"Bucket DB07-120-458(18"")-S45",194400
1042323,"Bucket DB07-120-458(18"")-S45-CAT3T",263900
1027260,"Bucket DB07-160-450-S45-CAT3T 2""",267000
1042379,"Bucket DB07-160-610(24"")-S45",239200
1042381,"Bucket DB07-160-610(24"")-S45-CAT4T",322500
1081493,Bucket DB07-170-400-S40,262300
1043928,"Bucket DB07-190-750(30"")-S45-CAT5T",342600
1058874,Bucket DB07-200-600-S45,243800
1015492,Bucket DB07-200-600-S45-CAT4T FR,327200
1027241,"Bucket DB07-210-600-S45-CAT4T 2""",290100
1042390,"Bucket DB07-240-915(36"")-S45",361100
1042391,"Bucket DB07-240-915(36"")-S45-CAT5T",419800
1021694,Bucket DB07-250-700-S40,202200
1022246,Bucket DB07-250-700-S40-CAT4T,277800
1020540,Bucket DB07-250-700-S45,213000
1020512,Bucket DB07-250-700-S45-CAT4T,291700
1025465,Bucket DB07-250-700-S50,246900
1023529,Bucket DB07-250-700-S50-CAT4T,300900
1048274,Bucket DB07-280-800-S45,297800
1053312,Bucket DB07-280-800-S45-CAT4T,367300
1056916,Bucket DB07-290-700-S50,336400
1050752,Bucket DB07-320-900-S45,304000
1040673,Bucket DB07-320-900-S45-CAT5T,375000
1027228,"Bucket DB07-320-900-S45-CAT5T 2""",319400
1036582,"Bucket DB07-320-900-S50-CAT5T 2""",331800
1059751,Bucket DB07-330-1000-HYDREMA,354900
1042315,"Bucket DB07-80-305(12"")-S45",171300
1063461,Bucket DB07-90-300-S45-CAT2T,259300
1035803,Bucket DB08-330-800-HYD,342600
1034807,Bucket DB08-330-800-S45,342600
1034808,Bucket DB08-330-800-S45-CAT4T,378100
1034809,Bucket DB08-330-800-S50,362700
1076157,"Bucket DB08T-300-32""-QS45-CAT4T-T5",1807100
1077525,"Bucket DB08US-300-762(30"")-S45-CAT4T",509300
1055107,Bucket DB09-155-300-S45-CAT2T V2,341000
1061915,Bucket DB09-220-450-S45,351900
1055052,Bucket DB09-220-450-S45-CAT3T V2,358000
1054972,Bucket DB09-250-500-S45-CAT4T,390400
1079223,Bucket DB09-250-500-S50-CAT4T,399700
1059869,Bucket DB09-300-600-HYD,367300
1055144,Bucket DB09-300-600-S45-CAT4T V2,433600
1056980,Bucket DB09-300-600-S50,416700
1004253,Bucket DB09-350-700-S45,336400
1005769,Bucket DB09-350-700-S45-CAT4T,407400
1004254,Bucket DB09-350-700-S50,345700
1005770,Bucket DB09-350-700-S50-CAT4T,479900
1055095,Bucket DB09-450-900-S45-CAT5T V2,506200
1054884,Bucket DB09-500-1000-S45-CAT5T,487700
1004255,Bucket DB11-400-700-S45,393500
1005771,Bucket DB11-400-700-S45-CAT4T,469100
1007777,Bucket DB11-400-700-S45-CAT4T-TS,674400
1004256,Bucket DB11-400-700-S50,526200
1044062,"Bucket DB11-400-700-S60, axle 2244",530900
1033211,Bucket DB11-400-800-S50-CAT4T,484600
1084528,Bucket DB12-230-450-S60,350300
1040403,Bucket DB12-230-450-S60-CAT3T,407400
1042443,"Bucket DB12-230-458(18"")-S60",317900
1042403,"Bucket DB12-300-610(24"")-S60",381200
1042402,"Bucket DB12-300-610(24"")-S60-CAT3T",458300
1056393,Bucket DB12-375-600-S60,447500
1040056,Bucket DB12-375-600-S60-CAT3T,447500
1042412,"Bucket DB12-450-915(36"")-S60",520100
1005706,Bucket DB12-500-800-S45,461400
1005774,Bucket DB12-500-800-S45-CAT4T,541700
1004260,Bucket DB12-500-800-S60,453700
1005776,Bucket DB12-500-800-S60-CAT4T,558600
1080259,Bucket DB12-560-900-S60,489200
1040402,Bucket DB12-560-900-S60-CAT5T,558600
1018949,Bucket DB12-600-1000-S60,504600
1018929,"Bucket DB12-600-1000-S60-CAT5T 3""",652800
1027332,Bucket DB12-750-1200-S60,530900
1027321,"Bucket DB12-750-1200-S60-CAT5T 3""",751500
1042427,"Bucket DB12-760-1220(48"")-S60-CAT5T",726900
1042425,Bucket DB12-760-1220(48)-S60,654300
1077935,"Bucket DB12US-450-914(36"")-S60-CAT4T",796300
1046214,"Bucket DB13-430-600-S60-CAT3T 3""",628100
1026343,Bucket DB13-600-850-S1,862700
1024918,Bucket DB13-600-850-S60,654300
1024807,Bucket DB13-600-850-S60-CAT4T,800900
1064403,Bucket DB14-220-300-S60-CAT2T,567900
1040498,Bucket DB14-430-600-S60,598800
1035560,Bucket DB14-430-600-S60-CAT3T,606500
1046809,Bucket DB14-600-800-S60,615700
1026521,Bucket DB14-650-900-S1-CAT4T,1064800
1024947,Bucket DB14-650-900-S60,595700
1024945,Bucket DB14-650-900-S60-CAT4T,720700
1050643,Bucket DB14-650-900-S60-ESCO-UL-U30S-4T,1175900
1035569,Bucket DB14-870-1200-S60-CAT5T,912000
1080660,"Bucket DB14T-560-36""-QS60-CAT4T-T2",2467600
1077969,"Bucket DB15US-640-1067(42"")-S60-CAT5T",1140400
1069378,Bucket DB16-670-900-S60-CAT4T,804000
1073195,Bucket DB16-750-1000-CW30-CAT4T,825600
1004263,Bucket DB16-750-1000-S60,648100
1005779,Bucket DB16-750-1000-S60-CAT4T,773100
1044063,"Bucket DB16-750-1000-S60-CAT4T, axle 2244",964500
1075455,"Bucket DB18-1350-1524(60"")-S70-CAT6T",1267000
1059305,"Bucket DB18-375-457(18"")-S60-CAT2T",692900
1049730,Bucket DB18-550-600-S60-CAT3T,776200
1004266,Bucket DB18-900-1000-S60,899700
1005781,Bucket DB18-900-1000-S60-CAT4T,1043200
1050641,Bucket DB18-900-1000-S60-ESCO-UL-U30S-4T,1159000
1027570,Bucket DB21-1100-1100-S60-ESCO-UL-U25S-5T,794800
1004269,Bucket DB21-1100-1100-S70,922800
1005784,Bucket DB21-1100-1100-S70-CAT4T,1046300
1022161,Bucket DB21-1100-1200-S70-CAT4T,1322500
1047660,Bucket DB21-900-900-S70-CAT4T,1043200
1080502,"Bucket DB21T-1000-48""-QS70-CAT4T-T12",3098800
1004272,Bucket DB23-1250-1200-S70,1192900
1005786,Bucket DB23-1250-1200-S70-CAT4T,1163600
1057250,"Bucket DB23-1250-1200-S70-CAT4T 4,5""",1041700
1041738,Bucket DB23-1400-1300-S70,1219100
1050046,"Bucket DB23-1400-1300-S70, hardox sweep",1344100
1055442,"Bucket DB23-950-900-S70-CAT4T 4,5""-TS",1495400
1078076,"Bucket DB23US-1315-1219(48"")-S70-CAT6T",1719100
1019531,Bucket DB26-1400-1300-S70,1271600
1019515,Bucket DB26-1400-1300-S70-CAT4T,1274700
1019379,Bucket DB26-1400-1300-S70-CAT5T,1510800
1019536,Bucket DB26-1400-1300-S80-CAT4T,1489200
1044739,Bucket DB29-1600-1450-S70,1534000
1019362,Bucket DB29-1600-1450-S70-CAT5T,1746900
1019543,Bucket DB29-1600-1450-S80-CAT5T,1544800
1078162,"Bucket DB29US-1670-1524(60"")-S80-CAT6T",2285500
1020637,Bucket DB32-1800-1700-S80-CAT5T,2006200
1057243,Bucket DB32-1800-1700-S80-CAT5T (hardened axles),1384300
1027000,Bucket DBS16-750-1000-S60,4155
1079067,Bucket GB01-55-800-CW05GP,213000
1024979,Bucket GB01-55-800-S30/180,88100
1058834,Bucket GB02-100-1000-// (painted),146300
1050548,Bucket GB02-100-1000-S30/180,169800
1016630,Bucket GB02-100-1000-S40,165100
1048737,"Bucket GB02-100-1000-S40, changeable blade",222200
1068987,Bucket GB02-130-900-// (painted),157400
1069761,Bucket GB02-130-900-CW05GP,245400
1004236,Bucket GB02-130-900-S30/180,144400
1004871,Bucket GB02-130-900-S40,157400
1054365,Bucket GB02-145-1000-S40,172800
1009662,Bucket GB02-200-1200-S40,183600
1069756,Bucket GB02-90-900-CW05GP,214500
1003861,Bucket GB02-90-900-S30/150,144900
1003860,Bucket GB02-90-900-S30/180,116800
1079031,Bucket GB03-150-1100-// (painted),174400
1069753,Bucket GB03-150-1100-CW05GP,248500
1041201,Bucket GB03-150-1100-S30/180,179000
1019766,Bucket GB03-150-1100-S40,155900
1072012,Bucket GB03-150-1100-S40 support,162000
1076361,"Bucket GB03-150-1100-S40, changeable blade",253100
1035393,Bucket GB04-175-1000-S40,191400
1069757,Bucket GB04-175-1200-CW05GP,321000
1040135,Bucket GB04-175-1200-S40,199100
1059567,"Bucket GB04-175-1200-S40, changeable blade",239200
1077113,Bucket GB04-200-1000-// (OQ painted),168200
1057142,Bucket GB04-200-1000-// (painted),154300
1069750,Bucket GB04-200-1000-CW05GP,321000
1036079,Bucket GB04-200-1000-HYD,219100
1009991,Bucket GB04-200-1000-S40,191400
1046993,"Bucket GB04-200-1000-S40, changeable blade",271600
1003620,Bucket GB04-200-1000-S45,211400
1015700,Bucket GB04-250-1100-S40,213000
1059191,"Bucket GB04-250-1100-S40, wear steel, changeable blade",277800
1027510,Bucket GB05-250-1200-HYD,225300
1020497,Bucket GB05-250-1200-S40,208300
1072661,Bucket GB05-250-1200-S40 support,219100
1051041,"Bucket GB05-250-1200-S40, changeable blade",287000
1017767,Bucket GB05-250-1200-S45,217600
1069637,"Bucket GB05-250-1200-S45, changeable blade",300900
1072170,Bucket GB05-290-1400-//- (painted),256200
1064599,Bucket GB05-290-1400-CW10,327200
1027713,Bucket GB05-290-1400-S40,263900
1050917,Bucket GB05-290-1400-S45,271600
1055695,Bucket GB06-300-1200-//(painted),211400
1011846,Bucket GB06-300-1200-HYD,225300
1004143,Bucket GB06-300-1200-S40,194400
1051810,"Bucket GB06-300-1200-S40, changeable blade",273100
1004132,Bucket GB06-300-1200-S45,203700
1048183,Bucket GB06-325-1300-S45,279300
1064488,"Bucket GB06-325-1300-S45, changeable blade",425900
1057875,Bucket GB08-350-1200-S40,1319
1048657,"Bucket GB08-370-1300(51,5"") -S45, changeable blade",365700
1080628,Bucket GB08-370-1300-// (painted),290100
1011349,Bucket GB08-370-1300-CW10,376500
1075956,Bucket GB08-370-1300H-S45,459900
1007939,Bucket GB08-370-1300-HYD,307100
1003400,Bucket GB08-370-1300-S45,291700
1072634,Bucket GB08-370-1300-S45 support,308600
1004164,Bucket GB08-370-1300-S50,291700
1014904,"Bucket GB08-370-1300-S50, wear steel",379600
1053749,Bucket GB08-400-1400-// (painted),324100
1011353,Bucket GB08-400-1400-HYD,330200
1011891,Bucket GB08-400-1400-S45,299400
1038978,Bucket GB08-400-1400-S45 changeable blade,421300
1031514,Bucket GB08-400-1400-S50,330200
1047374,Bucket GB08-400-1400-S50 changeable blade,441400
1036185,"Bucket GB08-400-1400-S50, wear steel",413600
1052510,Bucket GB08-430-1500-CW10,402800
1042676,Bucket GB08-430-1500-HYD,359600
1016224,Bucket GB08-430-1500-S45,359600
1027226,Bucket GB08-430-1500-S45 changeable blade,496900
1036367,Bucket GB08-430-1500-S50,376500
1042160,Bucket GB08-430-1500-S50 changeable blade,496900
1016926,Bucket GB11-450-1400-S45,415100
1035634,Bucket GB11-450-1400-S60,515400
1085195,Bucket GB11-500-1400-// wear steel (painted),449100
1007776,"Bucket GB11-500-1400-S60, wear steel",2421
1084945,"Bucket GB11-500-1500-//wear steel, changeable blade (painted)",547800
1051803,"Bucket GB11-500-1500-S60, wear steel, changeable blade",608000
1074735,Bucket GB13-600-1600-// support (painted),515400
1010689,Bucket GB13-600-1600-CW30S,540100
1051569,Bucket GB13-600-1600H-S60 V2,583300
1003229,Bucket GB13-600-1600-S60,550900
1040340,Bucket GB13-600-1600-S60 support,583300
1070908,"Bucket GB13-600-1600-S60 support, changeable blade",631200
1071477,Bucket GB14-650-1600-// (painted),517000
1040237,Bucket GB14-650-1600-CW30,720700
1020545,Bucket GB14-650-1600-S60,577200
1037512,Bucket GB14-650-1600-S60 support,546300
1070910,"Bucket GB14-650-1600-S60 support, changeable blade",692900
1069268,Bucket GB15-750-1600-// (painted),640400
1004308,Bucket GB15-750-1600-S60,794800
1044046,Bucket GB15-750-1600-S60,822500
1024291,Bucket GB15-750-1600-S60 support,765400
1070912,"Bucket GB15-750-1600-S60 support, changeable blade",796300
1049441,"Bucket GB15-800-1700-S60, hardox sweep",814800
1013392,Bucket GB17-900-1700-// (painted),757700
1031609,Bucket GB17-900-1700-CW30,1015400
1070407,Bucket GB17-900-1700-S60 support,734600
1070915,"Bucket GB17-900-1700-S60 support, changeable blade",902800
1044056,"Bucket GB17-900-1700-S60, hardox sweep",847200
1072578,Bucket GB20-1100-1700-// (painted),973800
1051207,Bucket GB20-1100-1700-S60 changeable blade,1229900
1004173,Bucket GB20-1100-1700-S70,969100
1070462,Bucket GB20-1100-1700-S70 support,930600
1070919,"Bucket GB20-1100-1700-S70 support, changeable blade",1097200
1016874,Bucket GB20-1150-1800-S70,1134300
1070488,Bucket GB22-1250-1900-S70 support,1112600
1052120,"Bucket GB22-1250-1900-S70, changeable blade",1353400
1004204,Bucket GB24-1400-2000-S70,1100300
1070508,Bucket GB24-1400-2000-S70 support,1057100
1070921,"Bucket GB24-1400-2000-S70 support, changeable blade",1293200
1049515,"Bucket GB24-1400-2000-S70, hardox sweep",1297800
1048466,"Bucket GB24-1400-2000-S70,changeable blade",1345700
1074516,Bucket GB29-1600-2000-// (painted),1594100
1004311,Bucket GB29-1600-2000-S70,1688300
1049093,"Bucket GB29-1600-2000-S70, axles 42CrMoS4",844300
1004312,Bucket GB29-1600-2000-S80,1796300
1051287,Bucket GB29-1760-2200-S80 changeable blade,2049400
1064825,Bucket grind CW05GP,71900
1014955,Bucket PB14-630-330/2000-S60,642000
1044512,Bucket SB02-060-600-S30/180-CAT4T,214500
1035806,Bucket SB02-130-900-S40,208300
1026722,Bucket SB02-90-900-S30/180,141700
1054855,Bucket SB02-90-900-S40,192900
1075327,Bucket SB04-200-1000-//(Painted),183600
1027385,Bucket SB04-200-1000-S40,185200
1069762,Bucket SB06-300-1200-CW05GP,387300
1042763,Bucket SB06-300-1200-Hydrema,297800
1027426,Bucket SB06-300-1200-S40,213000
1037183,Bucket SB06-300-1200-S45,222200
1085148,Bucket SB08-370-1300-CW10,427500
1038468,Bucket SB08-370-1300-HYD,461400
1032393,Bucket SB08-370-1300-S45,361100
1038164,Bucket SB08-370-1300-S50,413600
1046077,Bucket SB11-500-1400-S60,654300
1032729,Bucket SB14-650-1600-S60,506200
1020905,Bucket SB15-750-1600-S60,780900
1044053,"Bucket SB17-900-1700-S60, axle 2244",682100
1083719,Bucket SB20-1100-1700-// (painted),1205200
1032783,Bucket SB20-1100-1700-S70,1246900
1032815,Bucket SB24-1400-2000-S70,1185200
1051816,Bucket side SG03 R&L,61900
1051851,Bucket side SG06 R&L,69400
1003581,Bucket side SG12 R&L,84900
1051733,Bucket side SG19 R&L,74200
1051778,Bucket side SG26 R&L,81300
1048892,Bucket SKB02-70-600-S30/180,155900
1057942,Bucket SKB03-110-600-S30/180,179000
1056587,Bucket SKB03-110-600-S40,183600
1048912,Bucket SKB04-170-600-S40,277800
1085160,Bucket SKB04-170-600-S40-CAT4T,336400
1050831,Bucket SKB06-220-800-HYD,382700
1054118,Bucket SKB06-220-800-S40,382700
1080178,Bucket SKB06-220-800-S40-CAT4T,429000
1049024,Bucket SKB06-220-800-S45,375000
1074718,Bucket SKB09-400-1000-CW10,642000
1048943,Bucket SKB09-400-1000-S45,535500
1080311,Bucket SKB09-400-1000-S45-CAT5T,617300
1061855,Bucket SKB09-400-1000-S50,598800
1060442,Bucket SKB11-500-1100-S60,620400
1063673,Bucket SKB11-500-1100-S60-CAT6T,910500
1049329,Bucket SKB14-620-1300-S60,836400
1048281,Bucket SKB17-850-1300-S60,868800
1052211,Bucket SKB20-1050-1300-S70,1084900
1049852,Bucket SKB23-1300-1500-S70,1486100
1073727,Bucket SKB23-1300-1500-S80,1382700
1049124,Bucket TB07-250-600-HYD,327200
1032570,Bucket TB07-250-600-S40,270100
1018955,Bucket TB07-250-600-S45,273100
1032784,Bucket TB07-250-600-S50,302500
1022879,Bucket TB09-350-700-S45,358000
1079137,Bucket TB09-400-800-HYD,385800
1068071,Bucket TB09-400-800-S45,384300
1009041,Bucket TB12-500-800-S60,433600
1008988,Bucket TB14-600-800-S60,544800
1010526,Bucket TB14-650-830-S60,609600
1016001,Bucket TB16-700-900-S60,575600
1044054,"Bucket TB16-700-900-S60, axle 2244",449100
1033590,Bucket TB18-900-900-S70,816400
1048746,Bushing 20/16-ECO right QS80,3100
6000137,Bushing 25/28/35x25,6900
6000138,Bushing 25/28x30,4300
6000052,Bushing 30/34x25,3000
6000014,"Bushing 60x70x70, steel FE 510, BGFR internal grease groove",59900
6000112,"Bushing 70x80x100, steel FE 510, BGFR internal grease groove",11400
6000001,"Bushing BWG-F 25/31/38/1,5x20",8600
6000335,Bushing BWG-F 30/40/50/5x30,3100
631003,Bushing BWG-F 35/45/55/5x30,11400
631002,Bushing BWG-F 35/45/60/5x30,5700
631001,Bushing BWG-F 40/50/55/5x30,5600
6000086,Bushing BWG-F 50/60/65/5x35,7700
630901,Bushing Connex 70x60x60,44100
1031436,Bushing EC30 ePS,11700
1041270,Bushing holder SWD,37000
630003,Bushing tilt EC02 WB802/EB1 30/34x30,1600
630307,Bushing tilt EC05 WB802/EB1 40/44x30,2200
630308,Bushing tilt EC10 WB802/EB1 50/55x50,5600
630309,Bushing tilt EC15 WB802/EB1 55/60x50,9900
630301,Bushing tilt EC20 WB802/EB1 60/65x60,6500
6000004,Bushing tilt EC204 WB802/EB1 55/60x25,7700
630322,"Bushing tilt EC206, EC209 WB802/EB1 65/70x25",9000
630321,Bushing tilt EC214/EC219 WB802/EB1 85/90x35,13300
630320,Bushing tilt EC226 WB802/EB1 100/105x40,13700
6000087,Bushing tilt EC233 WB802/EB1 120/125x50,15000
630302,Bushing tilt EC30 WB802/EB1 70/75x60,7400
630004,Bushing WB700/EB4 28/31x25,1700
1003363,"Bushing WB700/EB4 32/36x30 top nut EC05, EC10, EC15",3100
1003362,Bushing WB700/EB4 40/44x40 top nut EC20,3500
630314,Bushing WB702/EB3 30/34x35,3100
630304,Bushing WB802/EB1 100/105x50,11400
6000105,Bushing WB802/EB1 105/110x50,14400
630104,Bushing WB802/EB1 23/20x25,1700
630001,Bushing WB802/EB1 25/28/35x16 WF,2600
630401,Bushing WB802/EB1 30/34/45x30WF,2800
630306,Bushing WB802/EB1 32/35x30,2400
630402,Bushing WB802/EB1 35/39/50x35WF,3900
630315,Bushing WB802/EB1 35/39x30,2800
630408,Bushing WB802/EB1 40/44/55x30WF,5400
630404,Bushing WB802/EB1 40/44/55x40 WF,4500
630313,Bushing WB802/EB1 40/44x40,3000
630101,Bushing WB802/EB1 45/50x40,3700
630102,Bushing WB802/EB1 45/50x50,3900
630403,"Bushing WB802/EB1 50/55/65x37,5 WF",11000
630406,Bushing WB802/EB1 50/55/65x50 WF,11000
630316,Bushing WB802/EB1 50/55x40,7700
630303,Bushing WB802/EB1 55/60x60,8500
630405,Bushing WB802/EB1 60/65/75x50 WF,9900
630305,Bushing WB802/EB1 60/65x30,4500
630310,Bushing WB802/EB1 60/65x45,6000
630311,Bushing WB802/EB1 70/75x40,5100
630312,Bushing WB802/EB1 70/75x80,9900
630103,Bushing WB802/EB1 80/85x40,6000
630105,Bushing WB802/EB1 80/85x50,10300
630319,Bushing WB802/EB1 85/90x40,14000
300845,Buzzer-quick hitch lock,5100
8001813,C2C-DC2,504600
841375,C2C-DC2,490700
841374,C2C-ss10/ss9/ss5/ss0,498500
8001815,C2C-ss10/ss9/ss5/ss0 ePS2,521600
8000814,Cabin Cable Doosan Entry plate complete,33300
8001310,Cabin Harness Doosan eML FEH,175900
8000529,Cabin harness MAP CAT NG-DC2,229900
8000973,Cabin harness MAP CAT NG-QCM DC2,236100
8001010,Cabin harness MAP CAT NG-TC DC2,287000
8000837,Cabin harness MAP Doosan compact-DC2Cabin harness MAP Doosan,271600
8000858,Cabin harness MAP Hyundai HW-DC2,450600
8000859,Cabin harness MAP Hyundai HX-DC2,489200
8000860,Cabin harness MAP Hyundai HX-LCR-DC2,493800
8001016,Cabin harness MAP Kobelco-DC2,396600
8001278,Cabin harness MAP Komatsu -11-DC2,60800
8000187,Cabin harness MAP Komatsu PW-DC2,57900
8000631,Cabin harness MAP Liebherr-DC2,246900
8000522,Cabin harness MAP Volvo-DC2,194400
8002504,Cabin harness Volvo ECR58,68400
8001328,Cabin Module Harness Takeuchi eML FEH,287000
1039028,Cabin Module plate Komatsu,5100
8000648,Cabin Module plate Liebherr,16800
8000687,"Cable 0,7m IO d-sub X3 full-featured-DC2",59600
8002832,Cable CAT CX1-MGMX2,30900
8002827,Cable CAT eML-MGMX3,13700
8002830,Cable CAT NG 3rd party BOOM DC3,43800
8002831,Cable CAT QPM-CX1,61700
1074897,Cable clamp ECO45/60/70/80 W-top bracket,1900
6000385,Cable Clamp Ø6mm DIN72571,100
1042247,"Cable ECO W-machine-DC2-DTM(12+6)-QS/QSC-2,5m",44000
1042248,"Cable ECO W-machine-DC2-DTM(12+6)-QS/QSC-3,5m",51700
1025831,"Cable ECO60/70 machine ss5, SVAB (3m)",54600
8002839,"Cable ECO60/80W S-type MQH - ss5, ss10 (3,5m)",79900
8000815,Cable Entry plate complete Doosan,39800
1033022,Cable ePS ECO Quick Hitch ss5/ss9/SVAB,29500
1033021,Cable ePS ECO tiltrotator ss5/ss9/SVAB,22400
1042245,Cable ePS ECO W tiltrotator ss5/ss9/SVAB,20700
841886,Cable Feed QS,5100
830102,Cable Gland ASC11T PG11 Metal,1500
8001112,Cable harness DC2 eML-CM QCM C2C EMU,236100
1033641,Cable harness DC2 MAP Liebherr MIG2-CM,79900
8001330,Cable harness DC2 PWR QSC GP-CM QCM,86900
8001901,Cable harness DC3 eML-MGM,62500
8001881,Cable harness DC3 MAP CAT NG CAN-MGM,70400
8001973,Cable harness DC3 MAP Kobelco M2C-MGM,50500
8002963,Cable Harness Volvo F-series Smart Connect,31600
1004676,Cable holder L.Block EC02,4600
841117,Cable IO d-sub X3-DC2,36900
8002474,Cable M12-5P -> 2x M12-5S Y-splitter-DC2 EC204B,17700
1069559,Cable M12-5P -> 2x M12-5S Y-splitter-DC2-DC3,8300
8002148,Cable MCM -> CAN+IO-DC3,61900
810423,Cable Pot C257,28400
1043597,Cable Pressure reducer Econoseal-Ampseal-DC2,11300
8001181,Cable Pressure sensor DT,11900
810484,Cable Proportional roller HECR DF,8000
841888,Cable QS,41700
8000946,Cable QS - QLM - Tiltrotator DTM 10m,73800
8000717,Cable QSC-NO/NC emulator EC-DC2,35000
8000592,Cable QSC-QH Quick Hitch JT-DT 5m,8000
8002199,Cable quick hitch S45 John Deere Gen C,29600
1019212,Cable ss9 dump Komatsu,4000
1027310,"Cable tie 2,5x120 Black",100
1021586,"Cable tie 4,8x371",3900
1021587,"Cable tie 7,8x360",100
1055319,"Cable tie 7x340 2-lock, Black",200
842062,Cable tie bracket lok04,100
8001288,"Cable tie kit 3,6x140mm - 100pcs Black",700
8001294,"Cable tie kit 4,8x360mm - 100pcs Black",2200
8000948,"Cable tie kit 7,8x360mm - 100pcs",6500
8001414,Cable tie mount 25x25mm black,100
842193,Cable X1 35P voltage supply - MAP Volvo EW E-DC2,27000
8000586,Cable-tiltrotator lock valve-engcon gear lock system,7300
841118,Cabling Track control-DC2,53900
6000411,Cage nut M6,100
6000400,Cage nut M8,500
610957,Cage nuts M10 C,200
610952,Cage nuts M10 D,300
610959,Cage nuts M8 C,100
851202,Camera cable PON 10m M16-M16,84100
8000526,CAN Junction box,41200
1016550,"Carrier EC209-226, EC30 ePS",10800
1034084,Carrier GRD60,19000
1044829,Carrier GRD70,10800
1063516,Carrier Left GRD40/SWD40,14400
1055465,Carrier Left GRD45/50 V2,24400
1055560,Carrier Left GRD60 V3,22700
1079922,Carrier Left GRD60B,18200
1044834,Carrier Left GRD70,21300
1063518,Carrier Right GRD40/SWD40,13300
1055467,Carrier Right GRD45/50 V2,28900
1037868,Carrier Right GRD60 V2,22800
1055562,Carrier Right GRD60 V3,22700
1079923,Carrier Right GRD60B,18200
1044835,Carrier Right GRD70,21300
1058447,Carrier SWD45 V2 Left,10200
1058446,Carrier SWD45 V2 Right,10200
1034118,Carrier SWD45/60,27900
7001792,Cartridge valve 3-way-DC2,36600
7000075,Cartridge Valve lock 12V Flying leads EC02 V2,54500
730154,"Cavity Plug A&B 1/8""",70800
7000384,Cavity Plug RJV EC02/EC204,29000
7001095,"Cavity Plug Thomas magnet 1/4""",68200
730182,Cavity Plug White C1020/CP10-2,14400
1024116,Central lubrication kit ECO,52500
1050794,Central lubrication kit ECO W V2,45400
303290,Centre ring - EC02,99700
1000773,"Centre ring - EC05B, EC206",144900
302840,"Centre ring - EC10 - should have shim, as of 05-01",211400
201827,"Centre ring - EC15 - should have shim, as of 05-01-01",243800
302807,"Centre ring - EC20 - should have shim, as of 05-01-01",433600
302842,"Centre ring - EC30 - should have shim, as of 05-01",473800
1016565,Centre ring EC204,78200
1058173,Chainwheel SR Sweep hole 25H7&K&S D-58-17,22100
1058172,Chainwheel SR/SWD Sweep 30H7&K&S D-58-25,58600
1069609,"Chainwheel SR/SWD Sweep V2, with bushing clamp - 3",25800
1034588,Chainwheel SWD 25H7&K&S D-58-17,25500
1034589,Chainwheel SWD 30H7&K&S D-58-25,36400
7001752,Check Valve FPS C20 5G,16000
6000106,Circlip (tiltcyl EC233),2800
6000048,Circlip SgA 15,100
640201,Circlip SgA 20,100
640203,Circlip SgA 25,100
6000018,Circlip SgA 26,100
640202,Circlip SgA 30,100
640208,Circlip SgH 42 31133,100
640204,Circlip SgH 48,500
640205,Circlip SgH 56,500
640219,Circlip SgH 62,500
640218,Circlip SgH 68,400
790101,Clamp bracket - Accumulator,13400
790103,Clamp bracket - Accumulator,13400
7000602,Clamp bracket - Accumulator 114-124mm,29900
7001319,Clamp bracket - Accumulator 121-129mm,20700
6000250,Clamp bracket Ø25,400
790146,Clamp ring Tex-sleeve - 04,2500
790147,Clamp ring Tex-sleeve - 06,2000
790148,Clamp ring Tex-sleeve - 08,300
790181,Clamp ring Tex-sleeve - 12,600
7000367,Clamp ring Tex-sleeve - TP-04,2500
1045180,Clamp washer for cable-ECO50 W right-top bracket,3000
1071298,"Clamping half EC206,209,214 1022942-Black RAL9005",10300
1071376,"Clamping half EC206,209,214 1022942-BlackGrey RAL7021",10300
1071378,"Clamping half EC206,209,214 1022942-Candy white B9A",10300
1071379,"Clamping half EC206,209,214 1022942-CrystalRedMet SAAB505",10300
1071381,"Clamping half EC206,209,214 1022942-DoosanOrange RAL209DE1,6",10300
1071382,"Clamping half EC206,209,214 1022942-EngconFineSilver",10300
1071383,"Clamping half EC206,209,214 1022942-GreyWhite RAL9002",10300
1071386,"Clamping half EC206,209,214 1022942-Kobelco Aqua Blue",10600
1071388,"Clamping half EC206,209,214 1022942-KubotaOrange RAL2180",10300
1071389,"Clamping half EC206,209,214 1022942-Liebherr grey RAL7043",10300
1071391,"Clamping half EC206,209,214 1022942-OQ grey RAL7022",8000
1071402,"Clamping half EC206,209,214 1022942-OysterWhite RAL1013",10300
1071392,"Clamping half EC206,209,214 1022942-Pastell orange RAL2003",10600
1074805,"Clamping half EC206,209,214 1022942-Platinum Grey RAL7036",10300
1071393,"Clamping half EC206,209,214 1022942-PorscheOrange 8C6",10300
1071394,"Clamping half EC206,209,214 1022942-Pure Orange RAL2004",10300
1071395,"Clamping half EC206,209,214 1022942-Red RAL3020",10300
1071403,"Clamping half EC206,209,214 1022942-Signal White RAL9003",10300
1071399,"Clamping half EC206,209,214 1022942-silver RAL9006",10300
1083814,"Clamping half EC206,209,214 1022942-TeleGrey 2 RAL",17000
1079245,"Clamping half EC206,209,214 1022942-Traffic White RAL9016",10300
1071401,"Clamping half EC206,209,214 1022942-TrafficBlue RAL5017",10300
1071377,"Clamping half EC206,209,214 1022942-UltramarineBlue RAL5002",10300
1071404,"Clamping half EC206,209,214 1022942-White RAL9010",10300
1071405,"Clamping half EC206,209,214 1022942-Yellow Green RAL6018",17000
1022942,"Clamping half EC206,209,214 EngconYellow complete",20500
1054052,"Clamping half EC206,209,214 without color complete",3900
1016393,Clamping half EC219/226/326 EngconYellow complete,22400
1071409,Clamping half EC219/EC226 1016393-Black RAL9005,21900
1076748,Clamping half EC219/EC226 1016393-BlackGrey RAL7021,21900
1083951,Clamping half EC219/EC226 1016393-Chocolate Brown RAL8017,13700
1071411,Clamping half EC219/EC226 1016393-Deep Orange RAL2011,13000
1071414,Clamping half EC219/EC226 1016393-ELME blue NCS-S7020-R90B,13700
1071417,Clamping half EC219/EC226 1016393-GoldenYellow RAL1004,13700
1084802,Clamping half EC219/EC226 1016393-Granite grey RAL7026,13700
1071419,Clamping half EC219/EC226 1016393-Liebherr grey RAL7043,13700
1071420,Clamping half EC219/EC226 1016393-OQ grey RAL7022,13700
1078336,Clamping half EC219/EC226 1016393-Pure Orange RAL2004,10300
1083711,Clamping half EC219/EC226 1016393-Pure Red RAL3028,13700
1076635,Clamping half EC219/EC226 1016393-Red Orange RAL2001,21900
1071424,Clamping half EC219/EC226 1016393-TrafficBlue RAL5017,13000
1071425,Clamping half EC219/EC226 1016393-TrafficOrange RAL2009,14000
1071427,Clamping half EC219/EC226 1016393-UltramarineBlue RAL5002,21900
1071435,Clamping half EC219/EC226 1016393-Volvo 706 ocean blue,11400
1054053,Clamping half EC219/EC226 without color complete,4800
1071441,Clamping half EC233 1040020-Black RAL9005,6300
1071442,Clamping half EC233 1040020-OQ grey RAL7022,6300
1071443,Clamping half EC233 1040020-Silver RAL9006,6300
1084246,Clamping half EC233 1040020-TurquoiseBlue RAL5018,19100
1071600,Clamping half EC233 1040020-UltramarineBlue RAL5002,19100
1040020,Clamping half EC233/EC333 EngconYellow complete,22400
1063793,Clamping half sensor QSM40/60/S40/45/60/70/80 Injection mold,200
1065219,Clamping half sensor QSM40/QSM60/S40/S45/S60/S70 Machined,2600
1051262,Clamping iron mantle -SR1600,21000
1051263,Clamping iron mantle -SR1800,20100
1051260,Clamping iron mantle -SR800,13400
5000012,Cleaning projectile 1/2 UC-18,100
5000010,Cleaning projectile 1/4 UC-10,100
5000013,Cleaning projectile 3/4 UC-18,200
5000011,Cleaning projectile 3/8 UC-14,100
730148,Coil 12V cartridge valve lock,20200
7000076,Coil 12V cartridge valve lock V2,25000
7001961,Coil 12V CT-9400 DT,13700
730343,Coil 12V DT Hydac,16500
730178,Coil 12V Dump valve CT512 NC+3way-DC2,23100
730176,Coil 12V Dump valve CT514 NC,22100
730132,Coil 12V Duplomatic,27900
730134,Coil 12V Duplomatic Flying leads,27900
730144,Coil 12V EC02,37800
7000897,Coil 12V NG4 On/Off DT,14200
730163,Coil 12V NG4 On/Off Flying leads,14200
730184,Coil 12V NG4 Prop Flying leads,20700
730117,Coil 12V NG6 JT on/off,20700
7001735,Coil 12V NG6 JT on/off ATOS,9000
730193,Coil 12V NG6 on/off Atos EC05A,33200
730155,Coil 12V NG6 On/Off Flying leads 936-4844,20700
730185,Coil 12V NG6 Prop Flying leads 936-4955,20700
730192,Coil 12V NG6 prop JT,27900
7001734,Coil 12V NG6 prop JT ATOS,10800
730129,Coil 12V Prop Din.,30100
841217,Coil 12V/36W series 8/10 prop - wheel control block DC2,52200
841143,Coil 12V-DC2 EMDV-08,26500
841203,Coil 12V-wheel control-DC2,26500
730156,Coil 18V ATOS,90900
7001962,Coil 24V CT-9400 DT,13700
730338,Coil 24V DT04-2 Hydac WK06Y,10500
730179,Coil 24V Dump valve CT512 NC+3way-DC2,22700
730177,Coil 24V Dump valve CT514 NC,26500
730198,Coil 24V NG4 Flying leads,18500
7000206,Coil 24V NG4 On/Off DT,14400
730118,Coil 24V NG6 JT on/off,20700
7001736,Coil 24V NG6 JT on/off ATOS,23900
730197,Coil 24V NG6 On/Off Flying leads,14200
730130,Coil 24V Prop Hirschmann,58800
841144,Coil 24V-DC2 EMDV-08,26500
841204,Coil 24V-wheel control-DC2,26500
730309,Coil lock CC-P-024-LD (HFX),64500
7000205,Coil NG4 12V,13300
730313,Coil NG4 12V JT,18200
730311,Coil NG4 24V JT,14200
1042065,Coil NG4 IQS lock 12V DT,22100
1042066,Coil NG4 IQS lock 24V DT,22100
730336,Coil NG4 prop 12V JT,12800
7001924,Coil S130-12DU-20S,5200
7001925,Coil S130-24DU-20S,5200
7001926,Compensator L10S-3C00-0N LS 230 bar (0+25 bar),25800
1035325,"Connection block 1""-3/4""",34100
1035473,"Connection block 1,5""-3/4""",48900
1042313,"Connection block 1/2""-3/4""",44600
1051007,"Connection block 2x 1""-->1x 1,1/4""",65600
1027520,"Connection block 2x 1/2"" / 2x 3/4"" NG10",52200
405670,"Connection block 2x 1/2"" / 2x 3/8"" NG6",27000
1050000,"Connection block 2x 1/2"" NG6 crossed channels",23800
1081491,"Connection block 2x 1/2""-->1x 3/4""",35300
1009586,"Connection block 2x 1/4"" NG4",25600
1036082,"Connection block 2x 1/4"" NG4 Top+Gable",62700
400036,"Connection block 2x 1/4"" NG6",9900
400068,Connection block 4-channel EC10 yellow zinc passivated,17900
300069,Connection block 4-channel EC20,69000
1024046,Connection block 5V/6CH EC219/EC10-for Slip ring,57100
1024045,"Connection block 6-ch EC15,EC226-for Slip ring",60200
1025502,Connection block 6-ch EC209-for Slip ring,89700
1025491,Connection block 6-ch EC30-for Slip ring,89700
200674,Connection block 6-channel EC10 Marine,124200
203430,Connection block 6-channel EC20,78200
203431,Connection block 6-channel EC30,46100
202443,"Connection block 6-kanal 1/2"" HF EC30",33800
303605,Connection block centre ss0 with swivel 6-channel complete,851900
1075808,"Connection block CW10, HYDS QSM EC206B",138900
1077682,"Connection block CW10, HYDS QSM EC209B",132700
1008198,Connection block EC05B,54300
1016582,Connection block EC206 for Slip ring,46300
1024966,Connection block EC206 NOT for Slip ring,56900
1069516,Connection block ECO60 W-S60-quick hitch -left,97400
1069728,Connection block ECO60 W-S60-quick hitch -right,88900
1031024,Connection block extra HF 3/4 under ECHF S1,82900
1028393,"Connection block extra HF 3/4"" under ECHF",39700
1031934,"Connection block extra HF 3/4"" under ECHF V2",52000
1020167,Connection block HFX,166700
1027766,Connection block P for ss0 ECHF/QSM,81300
1057230,Connection block P for ss0 QSM45,45200
1026282,Connection block P ss9 ECHF/QSM 12V,296300
1027707,Connection block P ss9 ECHF/QSM 24V,296300
1056908,Connection block P ss9 QSM45 12V,220700
1058798,Connection block P ss9 QSM45 24V,220700
1027363,Connection block P with pressure reducer ECHF/QSM,153400
1055945,Connection block P with pressure reducer QSM45/50,114200
1052639,Connection block QS60 ECO feed,79800
1037805,"Connection block QS70,QS80 ECO feed V1",146500
1051019,Connection block QS80 Quick Hitch ECO feed V2,163600
1069733,"Connection block QS80, CW30/40 QSM",69400
401085,Connection block quick hitch lock complete,85300
1024176,Connection block rotation ECHF,92000
1026249,Connection block tilt ECHF,54000
1028391,Connection block under ECHF V3,78500
1026134,Connection block under engcon High flow V2,40100
1063677,Connection block under QSM40 EC206B,103900
1052650,Connection block under QSM45,144000
1067649,Connection block under QSM50,155900
1049290,Connection block under QSM60-steel,191400
1049313,Connection block under QSM70-steel,276200
8000520,Connection board right Volvo EW/EWR as of 32200,14000
8000519,Connection board Volvo left EW/EWR as of 32200,14000
810442,Connection card APL2,44100
1078275,Connection plate S40 bolted,5400
1074147,Connection plate S45 bolted,5600
1071434,Connection plate S60 bolted,5600
1080924,Connection plate S60 bolted V2,4600
1074887,Connection plate S70 bolted,2800
1079999,Connection plate S80 bolted,9400
1026556,Connection plate-ECO-QS 5V/6CH,11100
820202,Connector device AMP 23P DC1 female complete,22200
820208,Connector device AMP 8P DC1,5100
820203,Connector device AMP 8P DC1 female complete,47
820216,Connector device FCI 16P µ-prop Joystick female complete,4500
8000024,Connector JT Break Out ss9 powerless tilt,25300
810214,Connector ss5 not coupling complete,16500
810213,Connector ss5 with coupling complete,15900
8001565,Connector X31,200
6000295,Connex Ø20x40,6800
8000259,Console to wheel control Komatsu,8600
400618,Control set machine electrical set RF,46500
200096A 12V,Control set RF servo 12V,134700
200096A,Control set RF servo 24V,134700
1056060,"Coupling ECO 1"" female V3",118200
1054580,"Coupling ECO 1/2"" female V3",59300
1053683,"Coupling ECO 1/4"" female V3",81800
1053693,"Coupling ECO 1/4"" male",46300
1050579,"Coupling ECO 3/4"" female V3",87000
1053029,"Coupling ECO 3/8"" female V3",76500
1053128,"Coupling ECO QSD 3/8"" female V3",47100
1055420,"Coupling ECO QSD/QSM 1/2"" female V3",52200
1063731,"Coupling ECO QSM 1/4"" female",42600
1055682,"Coupling ECO QSM 3/8"" female V3",48800
1025586,"Coupling ECO45/50 3/8"" female-quick hitch",60500
1028873,"Coupling ECO45/50 3/8"" male - top bracket V2",32400
790321,"Coupling ECO60 1/2"" female - quick hitch (Tema) FF5010ENG",222200
790311,"Coupling ECO60 1/2"" male - top bracket (Tema) FF5020ENG",98100
1027633,"Coupling ECO60 1/2"" male - top bracket V2",34900
1029142,"Coupling ECO70 3/4"" male - top bracket V2",69800
1043099,"Coupling ECO80 1"" male-top bracket",62700
1003586,"Coupling kit 1/2"" Free end hose",4300
1003584,"Coupling kit 1/4"" Free end hose",3500
1027528,"Coupling kit 3/4"" Free end hose",8500
1041233,"Coupling kit 3/4"" Free end hose QS70 Quick Hitch EC-Oil",9700
1003585,"Coupling kit 3/8"" Free end hose",4500
1041647,Cover block QH-power plug-ECO50 W right-quick hitch,58500
1041646,Cover block-power plug-ECO50 W-top bracket,67900
1011719,Cover ECpupD 60/65,37000
1063949,Cover ECpupD 60/65 EC226,25000
1041613,Cover End lock None ePS,2900
302893,Cover GJ500 with hooks,36900
1030542,Cover Grab20R2-Rail,27000
8002140,Cover hand support spare part kit - MIG2,2100
841892,Cover Hand support-Left-MIG2,400
841893,Cover Hand support-Right-MIG2,500
1034601,Cover plate Brushes Ø180,5600
1034746,Cover plate Brushes Ø250,10300
1064282,Cover plate Cable power ECO45/50 W QSM cast,2100
1051584,Cover plate Cable power ECO60 W QSM,6000
1064866,Cover plate Center-EC02B,7300
1001212,Cover plate Center-EC02-swivel & cover,20700
303444,Cover plate Centre-EC02/EC02B-without swivel,8000
1080244,"Cover plate Centre-EC104,EC204B-without swivel",3400
1026857,Cover plate CW05EC,9900
1063819,Cover plate CW05GP,13700
1025237,Cover plate CW10,22100
1007778,Cover plate CW30,22200
1042817,Cover plate CW30 0 degrees,31000
1075451,Cover plate CW30/CW40 QSM 0°,27900
1013058,Cover plate CW30S,24700
1061224,Cover plate CW45Sec,33200
790209,Cover plate DS/GD 2,400
790214,Cover plate DS/GD 3,400
1029826,Cover plate EC02B/EC204-tilt cylinder-DC2/ss10/ss5,7700
1076425,Cover plate EC204B TM-module,3100
1037465,Cover plate ECO QSD45/50,26200
1063797,Cover plate ECO under QSM40,27500
1056687,Cover plate ECO under QSM45/QSM50(left),4000
1067925,Cover plate ECO under QSM50 Right,7900
1044083,Cover plate ECO under QSM60,9900
1048075,Cover plate ECO under QSM70,37500
1078257,Cover plate ECO40 W-S40-QH,700
1074695,Cover plate ECO45/50 W - QH,900
1074691,Cover plate ECO60/70/80 W - QH,800
1080105,Cover plate ECO80 S80,28100
1080060,Cover plate for inductive sensor S40,1400
202600,Cover plate GJ300,13300
1064311,Cover plate GRD Coupling - QSM40 magnet,29500
1056107,Cover plate GRD/SWD Coupling - QSD45/50/QSM45 magnet,26200
1035475,Cover plate GRD/SWD Coupling - QSD60,16200
1049327,Cover plate GRD/SWD Coupling - QSM60 magnet,24500
1049358,Cover plate GRD/SWD Coupling - QSM70 magnet,34700
1033054,Cover plate HS10ec,19900
1013795,Cover plate Hydrema bent,15100
1079686,Cover plate HYDS,7400
1078384,Cover plate large S45,4200
1035663,Cover plate Lock stay SWD45,5100
1035671,Cover plate Lock stay SWD60,3100
1043859,Cover plate Locking kit SW33H original,6500
841864,Cover plate MIG2 proportional roller,400
730320,Cover plate NG6,16700
1049191,Cover plate Power plug-ECO QSM without electricity,2700
1057688,Cover plate Power plug-ECO40W-quick hitch,2800
1069398,Cover plate Power plug-ECO40W-top bracket V2,3900
1041098,Cover plate Power plug-ECO45 W-quick hitch,2500
1041099,Cover plate Power plug-ECO45/50 W-top bracket,2500
1027105,Cover plate Power plug-ECO45-quick hitch,2500
1041140,Cover plate Power plug-ECO60 W-top bracket,2400
1041139,Cover plate Power plug-ECO60/70 W-quick hitch,2000
1027151,Cover plate Power plug-ECO60-quick hitch,2800
1027165,Cover plate Power plug-ECO60-top bracket,2900
1042239,Cover plate Power plug-ECO70/80 W-Top,3000
1027173,Cover plate Power plug-ECO70-quick hitch,2800
1027187,Cover plate Power plug-ECO70-top bracket,2800
1045175,Cover plate Power plug-ECO80 W-quick hitch,4300
1045174,Cover plate Power plug-ECO80 W-top bracket,3000
1074564,Cover plate PP3200/PC6000/PC9500 V2,6500
1028214,Cover plate QS45-without ECO-block,17400
1037473,Cover plate QS45-without ECO-block V2,18200
1039655,Cover plate QS50-without ECO-block V2,19100
1028105,Cover plate QS60-without ECO-block,23900
1034517,Cover plate QS60-without ECO-block V2,23000
1034902,Cover plate QS70/QSM70-without ECO-block V2,32400
1050955,Cover plate QS80,8000
1051541,Cover plate QS80-without distribution block,7400
1039790,Cover plate QS80-without ECO-block,67900
1064036,Cover plate QSM40-without ECO-block,9300
1056804,Cover plate QSM45-without ECO-block,18400
1047838,Cover plate QSM60-without ECO-block,19900
1074015,Cover plate QSM60-without ECO-block V2,19300
1027635,Cover plate Quick hitch -HS08ec,20800
1063412,Cover plate S30S,3500
1005382,Cover plate S40 bent,11400
1080055,Cover plate S40 left,6300
1080056,Cover plate S40 right,6300
1015126,Cover plate S40M bent,24100
1056928,Cover plate S40S/QS40/S40,14500
1073648,Cover plate S45 - without ECO-block,3900
1074128,Cover plate S45 - without side-block,10300
1003095,"Cover plate S45, S50 bent (Not EC10)",15100
302313,"Cover plate S45, S50 EC10 (RFS45/50--> 2008-05)",23100
1071240,Cover plate S60,10000
1071029,Cover plate S60 - without ECO-block,23000
1070776,Cover plate S60 - without side-block,10500
1003109,Cover plate S60 bent RF / EC219,23000
301533,"Cover plate S60 EC15, EC15B, EC20",22400
1078659,Cover plate S60 V2 left - Splitted,3500
1078658,Cover plate S60 V2 right - Splitted,3500
1074714,Cover plate S70,7300
1073694,Cover plate S70 - without ECO-block,29900
1073393,Cover plate S70 - without side-block,28100
1003069,Cover plate S70 bent,31800
1003094,Cover plate S80 bent,36600
1080128,Cover Plate S80 Left,7300
1080280,Cover Plate S80 Right,7300
1063796,Cover plate Side QSM40 - sensor,1500
1061548,Cover plate Side QSM45 V2 - sensor,1700
1044173,Cover plate Side QSM60 - sensor,5400
1058912,Cover plate Side QSM60 V2 - sensor,3700
1069623,Cover plate Side QSM60 V3 - sensor,1700
1048078,Cover plate Side QSM70 - sensor,3100
1061519,Cover plate Side QSM70 V3 - sensor,2300
1074156,Cover plate Side QSM70 V4 - sensor,1200
1077504,Cover plate Side S40 - sensor,1000
1025118,Cover plate Side-QS45-QS60,5600
1077615,Cover plate slip ring EC204B,2300
1026200,Cover plate Slip ring ECHF V2,2400
1079904,Cover plate Slip ring HYDS,1100
1050384,Cover plate Slip ring QSM,1400
1078383,Cover plate small S45,2400
1027901,Cover plate SW33 V2,14800
1042113,Cover plate SW48 V2,22200
1063795,Cover plate swivel EC206B QSM,2200
1024433,Cover plate Tilt cylinder EC206 central lubrication,42900
1068975,Cover plate Tilt cylinder-left-EC02B/EC204,6900
1029783,Cover plate Tilt cylinder-left-EC204,5400
1076687,Cover plate Tilt cylinder-leftEC204B,3400
1029781,Cover plate Tilt cylinder-right-EC02B/EC204,6000
1076686,Cover plate Tilt cylinder-right-EC204B,2900
730152,Cover plate UNI NG4,14000
1070785,Cover plate valve block ss0 EC206B,24100
401983,Cover plate Verachtert CW30,6800
1051525,Cover PP600,15300
1058260,Cover QS40,4500
1053624,Cover QS45 V3,7700
1025581,Cover QS45/50 V2,4800
1033390,Cover QS60,6500
1031335,Cover QS60 HECO,4600
1054935,"Cover QS60 V4 ECO 1/2""",12300
1052669,"Cover QS60 V4 ECO 3/4""",26700
1055335,Cover QS60 V4 small,10500
1040065,Cover QS70,12500
1052582,Cover QS70 middle,5400
1040068,Cover QS70 small,4600
1052640,Cover QS70 V2 ECO,12500
1036314,Cover QS80,14400
1050471,Cover QS80-V2,8000
1063398,Cover S30S,2900
1052680,Cover Swivel EC226/326 QSM,12500
1052691,Cover Swivel EC233/EC333 QSM,12300
1074349,Cover Tilt Axle EC204BS,32100
1065626,Cover Tilt Axle EC206S/EC209S Cast,22100
1065799,Cover Tilt Axle EC214S/EC219S Cast,22100
1065871,Cover Tilt Axle EC226S/EC326 Cast,22800
1065908,Cover Tilt Axle EC233S/EC333 Cast,31000
1000046,Cover Tilt Cylinder EC02,7700
1023891,Cover Tilt Cylinder EC02 holder Unit cable,6600
1017169,Cover Tilt Cylinder EC02-DC2,12300
711055,Crimping nipple 4409-04-04,3500
711056,Crimping nipple 4409-06-06,3900
712102,Crimping nipple 4462-04-04 WEO straight,2500
7001194,Crimping nipple 4494-04-03,1800
7001195,Crimping nipple 4494-04-04,2500
711040,Crimping nipple 4494-04-06,3400
7001196,Crimping nipple 4501-02-03,2700
711009,Crimping nipple 4501-02-04,1200
711010,Crimping nipple 4501-04-03,1700
712321,Crimping nipple 4501-04-06,1000
711011,Crimping nipple 4501-06-04,1200
711019,Crimping nipple 4501-06-08,1600
711008,Crimping nipple 4501-08-06,1200
712314,Crimping nipple 4501-12-08,2000
7001126,Crimping nipple 4501-16-12,4300
711000,Crimping nipple 4502-04-04,1000
711001,Crimping nipple 4502-06-04,1700
711005,Crimping nipple 4502-06-06,1000
7001201,Crimping nipple 4502-06-08,2000
711004,Crimping nipple 4502-08-06,1600
711002,Crimping nipple 4502-08-08,1600
711003,Crimping nipple 4502-10-10,3100
7000060,Crimping nipple 4502-12-12,2000
7001477,Crimping nipple 4502-16-12,5600
7001478,Crimping nipple 4502-16-16,6800
7001479,Crimping nipple 4502-20-16,12000
7000846,Crimping nipple 4503-02-03,1400
711039,Crimping nipple 4503-02-04,1900
7001202,Crimping nipple 4503-04-03,1800
711042,Crimping nipple 4503-06-04,1400
711043,Crimping nipple 4503-08-06,3900
7001204,Crimping nipple 4503-12-08,4500
7001127,Crimping nipple 4503-16-12,9400
7001205,Crimping nipple 4504-02-03,1400
712311,Crimping nipple 4504-02-04,1100
711023,Crimping nipple 4504-06-04,3900
7000918,Crimping nipple 4504-06-08 45°,4600
7000220,Crimping nipple 4504-08-06,3200
7001123,Crimping nipple 4504-12-08,4600
7001125,Crimping nipple 4504-16-12,10800
711022,Crimping nipple 4508-04-04,1600
711025,Crimping nipple 4508-06-06,3100
711024,Crimping nipple 4508-08-08,3900
7000061,Crimping nipple 4508-12-12 45°,3700
711030,Crimping nipple 4509-04-04,2200
711031,Crimping nipple 4509-06-06,2400
711032,Crimping nipple 4509-08-08,3400
712301,Crimping nipple 4509-10-10,10800
712309,Crimping nipple 4509-12-12,10300
711013,Crimping nipple 4511-04-04,900
7001121,Crimping nipple 4511-06-04,1100
711014,Crimping nipple 4511-06-06,900
7001122,Crimping nipple 4511-08-06,1500
711015,Crimping nipple 4511-08-08,1200
712312,Crimping nipple 4511-12-12,2500
711047,Crimping nipple 4512-04-04,1600
711041,Crimping nipple 4512-04-06,5400
711045,Crimping nipple 4512-06-06,2000
711046,Crimping nipple 4512-08-08,2400
712313,Crimping nipple 4512-12-12,3900
7001626,Crimping nipple 4512-16-16,9900
7001627,Crimping nipple 4512-20-16,14200
711062,Crimping nipple 4513-08-04,500
711060,Crimping nipple 4513-10-04,1200
711082,Crimping nipple 4516-06-04,200
7001237,Crimping nipple 4521-05-06,1200
7001239,Crimping nipple 4521-06-06,1100
7001242,Crimping nipple 4521-08-08,1700
7001246,Crimping nipple 4521-16-12,4800
7001247,Crimping nipple 4522-04-04,800
7001248,Crimping nipple 4522-06-04,1200
711084,"Crimping nipple 4526-08-08 flange 3000 1/2""",3700
711083,"Crimping nipple 4526-12-08 flange 3000 3/4""",5600
7001257,Crimping nipple 4527-06-04,1500
7001282,Crimping nipple 4528-06-04,1500
7001283,Crimping nipple 4528-06-06,1900
7001581,Crimping nipple 4529-04-04,3200
7001580,Crimping nipple 4529-06-04,6000
711051,Crimping nipple 4540-06-04,2800
711052,Crimping nipple 4540-10-04,2400
7001326,Crimping nipple 4550-02-03,1300
711089,Crimping nipple 4550-02-04,1200
711090,Crimping nipple 4550-04-03,3900
711091,Crimping nipple 4550-04-04,1100
711092,Crimping nipple 4550-04-06,1300
711093,Crimping nipple 4550-06-04,1600
711094,Crimping nipple 4550-06-06,1300
711095,Crimping nipple 4550-08-06,4300
711096,Crimping nipple 4550-08-08,2100
711099,Crimping nipple 4553-06-04,1000
711075,Crimping nipple 4553-08-04,400
711070,Crimping nipple 4553-10-04,1200
711073,Crimping nipple 4553-15-06,2400
711076,Crimping nipple 4554-10-04,600
711079,Crimping nipple 4555-10-04,600
7001187,Crimping nipple 4557-04-04,1900
7001208,Crimping nipple 4557-06-06,2000
7001209,Crimping nipple 4557-08-06,2600
7001149,Crimping nipple 4557-08-08,2400
7001188,Crimping nipple 4558-06-06,2100
7001063,Crimping nipple 4558-08-06,3000
7001132,Crimping nipple 4558-08-08,3200
7001003,Crimping nipple 4559-04-04,1600
7001004,Crimping nipple 4559-06-04,1800
7001129,Crimping nipple 4559-06-06,2200
7001130,Crimping nipple 4559-08-06,3000
7001005,Crimping nipple 4559-08-08,3200
7000995,Crimping nipple 4560-04-04,1300
7001293,Crimping nipple 4560-04-06,2400
7000996,Crimping nipple 4560-06-04,1700
7000997,Crimping nipple 4560-06-06,1300
7000998,Crimping nipple 4560-08-06,2400
7001131,Crimping nipple 4560-08-08,1900
7001001,Crimping nipple 4560-12-12,5100
7001466,Crimping nipple 4560-16-16,8600
7000739,Crimping nipple 4564-04-04,2600
7000738,Crimping nipple 4585-04-04,10500
712308,"Crimping nipple 4590-04-01 rotary swivel joint 1/4""",16800
712307,"Crimping nipple 4590-06-01 rotary swivel joint 3/8""",19300
712306,"Crimping nipple 4590-08-01 rotary swivel joint 1/2""",22400
7001648,"Crimping nipple 4590-08-02 rotary swivel joint 1/2""",17300
712305,"Crimping nipple 4590-12-01 rotary swivel joint 3/4""",34600
7001677,Crimping nipple ORFS 17/16-12-1,7600
7000695,Crossover valve (160bar) KPDR80,51400
640104,Cup spring 16.3/31.5,400
1081517,Customer upgrade kit GHH1200V2 T2,401200
1046996,"Cutting edge 16x150 L=1000mm 6"" bolted painted",74500
1019768,Cutting edge 16x150 L=1100mm welded,27000
1051053,"Cutting edge 16x150 L=1200mm 6"" bolted painted",75000
1004135,Cutting edge 16x150 L=1200mm welded,28400
1064493,"Cutting edge 16x150 L=1300mm 6"" bolted painted",78700
1033398,Cutting edge 16x150 L=600mm welded,22200
1057133,"Cutting edge 20x200 L=1200mm 6"" bolted painted",99700
1048659,"Cutting edge 20x200 L=1300mm 6"" bolted painted",100000
1038981,"Cutting edge 20x200 L=1400mm 6"" bolted painted",100900
1027229,"Cutting edge 20x200 L=1500mm 6"" bolted painted",111400
1027257,"Cutting edge 20x200 L=1600mm 6"" bolted painted",111600
1028429,"Cutting edge 20x200 L=1700mm 6"" bolted painted",120100
1048468,"Cutting edge 20x200 L=2000mm 6"" bolted painted",133800
1003300,Cutting edge 25x200 L=1300mm welded,55600
1035028,"Cutting edge 25x200 L=1600mm 6"" welded",67400
1020520,Cutting edge 25x200 L=700mm welded,41700
1051290,"Cutting edge 25x254 L=2200mm 6"" bolted painted",358000
1004367,Cutting edge 30x250 L=1600mm welded,134100
1073053,Cutting edge SG09 painted,26500
1047520,Cutting edge SK02/SG03 painted,40900
302086,Cutting edge SK05/SG06 painted,37500
302094,Cutting edge SK10/SG12 painted,41000
201000,Cutting edge SK15/SG19 & SK20/SG26 painted,66400
1072803,Cutting edge SK15/SK20 ELME painted,65600
302522,Cutting edge SK30/SG33 painted,109000
1009545,Cutting knife Ø370,48900
1006993,Cutting knife Ø470,72400
1028243,Cutting knife Ø470 with screw nut & washer,72400
710323,Cutting ring connection T10L,3000
710343,Cutting ring connection XGE10LR ED,1000
710363,Cutting ring connection XWE-10-LR,2800
710350,Cutting ring EMB 7012210100,1000
710194,Cutting ring nut M10L,200
660405,"Cutting steel bolt UNC 3/4""x57 12.9 untreated",1400
660404,"Cutting steel bolt UNC 3/4""x64 12.9 untreated",1900
660401,"Cutting steel bolt UNC 3/4""x69 12.9 untreated",1400
660402,"Cutting steel bolt UNC 3/4""x89 12.9 untreated",1400
660406,"Cutting steel bolt UNC 5/8""x52 12.9 untreated",1400
1065869,Cylinder 40/25-325. GHH1000L,63300
405187,Cylinder axle EC02,15700
404276,"Cylinder axle EC05, EC10, EC15 hardened",12800
1008258,"Cylinder axle EC10B,15B,20B hardened",15600
302853,Cylinder axle EC20 hardened,14000
1016572,Cylinder axle EC204,12500
1075902,Cylinder axle EC204B,8600
1016458,"Cylinder axle EC206, EC206B, EC209, EC209B, EC214",26700
1016398,"Cylinder axle EC219, EC319, EC226, EC326",19900
1060739,Cylinder axle EC226 ELME,11300
1039687,Cylinder axle EC233/EC333,27500
1011241,Cylinder axle EC26,42100
302854,Cylinder axle EC30 hardened,22400
1033376,Cylinder axle locking yoke Lehnhoff HS10ec,51500
405242,Cylinder axle SMP2,55100
402750,Cylinder axle TFS60HD,37000
1011530,Cylinder axle wacher EC26,17700
303558,cylinder block EC02 NG4,113100
1078390,"Cylinder cover GRD45/50B, GR10 HYDS",6500
1071180,Cylinder holder GAF,17900
1069284,"Cylinder Ø50/30-400, GAF-GHH V2 (Bartex)",78400
1031181,"Cylinder Ø50/30-400, GHH1200",165100
1050862,"Cylinder Ø50/30-560, GHH1500",169800
1071179,Cylinder pin GAF,5400
1033632,Cylinder rod,163600
1073101,Cylinder SG09,350300
1047677,Cylinder SK02/SG03,245400
1038793,Cylinder SWD arm Ø50/25-150,88400
1056206,Cylindrical pin,10200
650204,"Cylindrical pin 8,0 M6x25 EC02 swivel",100
650208,Cylindrical pin CPIG Ø14x80 DIN7979,1200
1020539,Cylindrical pin CPK Ø10x24 m6,300
6000002,Cylindrical pin CPK Ø10x28 m6,300
1015672,Cylindrical pin CPK Ø10x35 m6,400
1022911,Cylindrical pin CPK Ø10x50,400
1005045,Cylindrical pin CPK Ø10x55 m6,400
1001706,Cylindrical pin CPK Ø10x60 m6,500
1044816,Cylindrical pin CPK Ø10x70 m6 R2 bevel 45° R2,6000
650220,Cylindrical pin CPK Ø12x55 m6,1200
650219,Cylindrical pin CPK Ø14x80 m6,2200
650221,Cylindrical pin CPK Ø16x100 m6,1300
650213,Cylindrical pin CPK Ø16x30 m6,800
650215,Cylindrical pin CPK Ø16x36 m6,1000
650218,Cylindrical pin CPK Ø16x45 m6,1200
650211,Cylindrical pin CPK Ø20x50 m6,1400
650217,Cylindrical pin CPK Ø20x60 m6,1300
650201,Cylindrical pin CPK Ø3x12 m6,200
6000336,Cylindrical pin CPK Ø4x20 m6,100
6000375,Cylindrical pin CPK Ø6x20 m6,100
1063782,"Cylindrical pin CPK Ø6x50 m6 R1,5 bevel 45° R1,5",1000
650216,Cylindrical pin CPK Ø8x20 m6,200
6000175,Cylindrical pin CPK Ø8x30 m6,300
1022912,Cylindrical pin CPK Ø8x45 m6,200
1036131,Cylindrical pin CPK Ø8x50 m6 R2 bevel 45° R2,3400
640303,DAMPER TP120/75 M16X45 65°,16800
841320,DC2-1PY-WCLS-24V-16M,629600
8000416,DC2-2PY-Hyundai-24V-16M,390400
8000418,DC2-2PY-Hyundai-CC-24V-16M,603400
841301,DC2-MAP0-1PY-12V/24V-16M,387300
8001303,DC2-MAP0-1PY-12V/24V-OQ,455200
8002535,DC2-MAP0-2PY-12V/24V-16M,529300
8001304,DC2-MAP0-2PY-12V-OQ,572500
841303,DC2-MAP0-2PY-24V-16M,368800
841363,DC2-MAP0-2PY-24V-16M-1EX,645100
8001321,DC2-MAP0-2PY-24V-OQ,572500
8001320,DC2-MAP0-2PY-CC-24V-OQ,817900
841305,DC2-MAP0-CC-12/24V,666700
8001608,DC2-MAP0-DPWMO2-12V/24V-16M,535500
8002536,DC2-MAP0-ORGPY-12V/24V-16M,529300
8001319,DC2-MAP0-PWMO1-12V/24V-OQ,393500
8001318,DC2-MAP0-PWMO1-CC-24V-OQ,649700
8001824,DC2-MAP0-PWMO2-12V/24V-16M,509300
8001302,DC2-MAP0-PWMO2-12V/24V-OQ,446000
8001317,DC2-MAP0-PWMO2-CC-24V-OQ,692900
841825,DC2-MAP0-PWMO2CV-CC-24V-16M,534000
8001111,DC2-MAP0-WC.2-12V/24V,851900
8001044,"DC2-MAP3-CAT Next Gen,320,330-CC",524700
8001865,DC2-MAP3-eML(AGW)-24V,395100
8000528,DC2-MAP3-MIG2-PWM2-CAT Next Gen,538600
8000510,DC2-MAP3-MIG2-PWM2-Volvo EW/EWR From 32200-24V,2502
841402,DC2-MAP3-PWM2-CAT-3XX-12V/24V-OTHERS,302500
8000509,DC2-MAP3-PWM2-Volvo EW/EWR From 32200-24V,317900
841414,DC2-MAP3-PWM2-VOLVO-D-24V-OFFICIAL,234600
8000147,DC2-MAP3-PWMO2CV-Volvo-EW60E-12V-OFFICIAL,354900
8001566,DC2-MAP4-DPWMO2,479900
8001539,DC2-MAP4-PWMO2,478400
8001275,DC2-MAP4-PWMO2-24V,478400
8001238,DC2-MAP7-1PY-12V,475300
8001060,DC2-QSC EC+QH1-MAP3-MIG2-1PY-WC.2-12V,1314800
8001080,DC2-QSC EC+QH1-MAP3-MIG2-PWMO2-CAT NG 301-310-12V-16M,813300
8000685,"DC2-QSC EC+QH5-MAP1-1PY-WC.3-Atlas/Sundahls-24V-15,1M",1163600
8000792,DC2-QSC EC+QH5-MAP3-MIG2-1PY-CV-24V-16M-PWMO2,1192900
8000795,DC2-QSC EC+QH5-MAP3-MIG2-1PY-CV-24V-16M-PWMO2,1192900
8000959,DC2-QSC EC+QH5-MAP3-MIG2-1PY-CV-24V-16M-PWMO2,1192900
8000964,DC2-QSC EC+QH5-MAP3-MIG2-1PY-CV-24V-16M-PWMO2,1192900
8000800,DC2-QSC EC+QH5-MAP3-MIG2-1PY-CV-WCLS.2-24V-16M-PWMO2,1685200
8000961,DC2-QSC EC+QH5-MAP3-MIG2-1PY-CV-WCLS.2-24V-16M-PWMO2,1685200
8000960,DC2-QSC EC+QH5-MAP3-MIG2-1PY-CV-WCLS.2-24V-PWMO2-1EX,2013900
8000892,DC2-QSC EC+QH5-MAP3-MIG2-2PY-CV-CC-24V-16M,1467600
8000898,DC2-QSC EC+QH5-MAP3-MIG2-2PY-CV-CC-24V-16M,1467600
8001347,DC2-QSC EC+QH5-MAP3-MIG2-PWM2-24V,927500
8001224,DC2-QSC EC+QH5-MAP3-MIG2-PWM2-330-24V,927500
8001223,DC2-QSC EC+QH5-MAP3-MIG2-PWM2-330-CC-24V,1175900
8001348,DC2-QSC EC+QH5-MAP3-MIG2-PWM2-CC-24V,1175900
8001116,DC2-QSC EC-MAP0-1PY-12V/24V-16M,455200
8001123,DC2-QSC EC-MAP0-1PY-CC-12V-16M,705200
8001125,DC2-QSC EC-MAP0-1PY-WC.2-12V/24V-16M,947500
8001338,DC2-QSC EC-MAP0-2PY- WCF-24V-16M,1032400
8001118,DC2-QSC EC-MAP0-2PY-12V-16M,572500
8001119,DC2-QSC EC-MAP0-2PY-24V-16M,572500
8001128,DC2-QSC EC-MAP0-2PY-CC-12V-16M,817900
8001129,DC2-QSC EC-MAP0-2PY-CC-24V-16M,817900
8001134,DC2-QSC EC-MAP0-2PY-WC.2-12V/24V-16M,1064800
8001143,DC2-QSC EC-MAP0-PWMO1-12V/24V-16M,416700
8001150,DC2-QSC EC-MAP0-PWMO2-12V/24V-16M,430600
8001153,DC2-QSC EC-MAP0-PWMO2CV-12V-16M,524700
8001154,DC2-QSC EC-MAP0-PWMO2CV-24V-16M,530900
8001155,DC2-QSC EC-MAP0-PWMO2CV-CC-12V-16M,771600
8001022,DC2-QSC EC-MAP2-MIG2-2PY-24V-16M-Delvator,785500
8001049,DC2-QSC EC-MAP2-MIG2-2PY-24V-16M-Delvator,785500
8001023,DC2-QSC EC-MAP2-MIG2-2PY-CC-24V-16M-Delvator,1034000
8001199,DC2-QSC EC-MAP2-MIG2-PWMO2-24V-16M,660500
8001189,DC2-QSC EC-MAP2-PWM2-12V/24V-OTHERS,317900
8001190,DC2-QSC EC-MAP2-PWM2-12V/24V-OTHERS,317900
8001194,DC2-QSC EC-MAP2-PWM2-CAT-3XX-CC-24V-OTHERS,547800
8001269,DC2-QSC EC-MAP2-PWM2-WCF-24V-OFFICIAL,810200
8001265,DC2-QSC EC-MAP3-eML(AGW)-24V,395100
8000791,DC2-QSC EC-MAP3-MIG2-1PY-CV-24V-16M-PWMO2,876500
8000796,DC2-QSC EC-MAP3-MIG2-1PY-CV-24V-16M-PWMO2,876500
8000799,DC2-QSC EC-MAP3-MIG2-1PY-CV-24V-16M-PWMO2,876500
8000963,DC2-QSC EC-MAP3-MIG2-1PY-CV-24V-16M-PWMO2,876500
8000790,DC2-QSC EC-MAP3-MIG2-1PY-CV-CC-24V-16M-PWMO2,1092600
8000965,DC2-QSC EC-MAP3-MIG2-1PY-CV-CC-24V-16M-PWMO2,1196000
8000967,DC2-QSC EC-MAP3-MIG2-1PY-CV-CC-24V-16M-PWMO2-1EX,1407400
8000788,DC2-QSC EC-MAP3-MIG2-1PY-CV-WCLS.2-24V-16M-PWMO2,1370400
8000798,DC2-QSC EC-MAP3-MIG2-1PY-CV-WCLS.2-24V-16M-PWMO2,1370400
8000787,DC2-QSC EC-MAP3-MIG2-1PY-CV-WCLS.2-24V-16M-PWMO2-1EX,1697500
8000797,DC2-QSC EC-MAP3-MIG2-1PY-CV-WCLS.2-24V-16M-PWMO2-1EX,1697500
8000889,DC2-QSC EC-MAP3-MIG2-2PY-CV-24V-16M,901200
8000897,DC2-QSC EC-MAP3-MIG2-2PY-CV-CC-24V-16M,1149700
8000895,DC2-QSC EC-MAP3-MIG2-2PY-CV-Hyundai HW-24V-16M,875000
8001162,DC2-QSC EC-MAP3-MIG2-ORGPY-24V-16M,683600
8001166,DC2-QSC EC-MAP3-MIG2-ORGPY-24V-16M,683600
8001168,DC2-QSC EC-MAP3-MIG2-ORGPY-24V-16M,683600
8001170,DC2-QSC EC-MAP3-MIG2-ORGPY-24V-16M,683600
8001165,DC2-QSC EC-MAP3-MIG2-ORGPY-CC-24V-16M,930600
8001167,DC2-QSC EC-MAP3-MIG2-ORGPY-CC-24V-16M,930600
8001169,DC2-QSC EC-MAP3-MIG2-ORGPY-CC-24V-16M,930600
8001171,DC2-QSC EC-MAP3-MIG2-ORGPY-CC-24V-16M,930600
8001221,DC2-QSC EC-MAP3-MIG2-PWM2,612700
8001222,DC2-QSC EC-MAP3-MIG2-PWM2-CC,861100
8001324,DC2-QSC EC-MAP3-MIG2-PWMO2,660500
8000595,DC2-QSC EC-MAP3-MIG2-PWMO2- CAN-24V,660500
8001079,DC2-QSC EC-MAP3-MIG2-PWMO2-12V-16M,660500
8001196,DC2-QSC EC-MAP3-MIG2-PWMO2-12V-16M,660500
8001179,DC2-QSC EC-MAP3-MIG2-PWMO2-24V-18M,660500
8001180,DC2-QSC EC-MAP3-MIG2-PWMO2-24V-18M,660500
8001176,DC2-QSC EC-MAP3-MIG2-PWMO2-CC-24V-18M,884300
8001178,DC2-QSC EC-MAP3-MIG2-PWMO2-CC-24V-18M,910500
8001195,DC2-QSC EC-MAP3-MIG2-PWMO2-WCF-12V-16M,1155900
8001205,DC2-QSC EC-MAP3-PWM2-24V,317900
8001184,DC2-QSC EC-MAP3-PWM2-24V-OFFICIAL,317900
8001204,DC2-QSC EC-MAP3-PWM2-24V-OFFICIAL,317900
8001183,DC2-QSC EC-MAP3-PWM2-CC-24V-OFFICIAL,564800
8001208,"DC2-QSC EC-MAP3-PWM2-VOLVO-D,E-WCF-24V-OTHERS",3427
8001230,DC2-QSC EC-MAP3-PWM2-WCF-24V,810200
8000594,DC2-QSC EC-MAP3-PWMO2- CAN-24V,317900
8001268,DC2-QSC EC-MAP3-PWMO2CV-12V-OFFICIAL,470700
8001206,DC2-QSC EC-MAP3-PWMO2CV-WCF-12V-OFFICIAL,964500
8001396,DC2-QSC EC-MAP4-ORGPY,351900
8002176,DC3-MAP0-BCM,583300
8002892,DC3-MAP0-BCM-12V,591000
8002893,DC3-MAP0-BCM-24V,591000
8002190,DC3-MAP0-CFM,591000
8002537,DC3-MAP4-BCM-Volvo ECR58-12V,643500
8002929,DC3-MAP4-eML-CAT M-Series,422800
8001992,DC3-MAP4-eML-CAT-313-335NG,422800
8001977,DC3-MAP4-eML-Develon,422800
8001900,DC3-MAP4-eML-Kobelco-7/11,405900
8002875,DC3-MAP4-eML-Komatsu PC-12,422800
8002177,DC3-MAP4-eML-Takeuchi TB395W,422800
8001902,DC3-MAP4-eML-Volvo EC/EW/ECR/EWR,422800
8002806,DC3-MAP4-MiC4,422800
8000075,Decal - 10A,300
9000065,Decal - 12V - 30mm,500
9000066,Decal - 24V - 30mm,300
9000237,Decal - Activation lock hydraulics - 50x44mm,500
9000268,Decal - CAT NG,1100
9000370,Decal - DC2 Inside,1100
841173,Decal - DF - 4R - Empty - DC2,3900
841165,Decal - DF/Otto - 2R - DC2,3900
841172,Decal - DF/Otto - 2R - Empty - DC2,3900
841155,Decal - Double feeder - DC2,2200
9000091,Decal - EC Gen2 with bucket - 30cm,3900
9000092,Decal - EC Gen2 with bucket - 60cm,9700
1053361,Decal - EC-Oil - 126x40,1500
1053362,Decal - EC-Oil - 152x48,600
1053363,Decal - EC-Oil - 167x53,700
9000714,Decal - engcon - Cut out 1000x300 - Black,3100
9000715,Decal - engcon - Cut out 1000x300 - Yellow,3100
980105,Decal - engcon - Cut out 115x23 - Black,1500
980106,Decal - engcon - Cut out 115x23 - Yellow,1500
980107,Decal - engcon - Cut out 155x30 - Black,1200
980108,Decal - engcon - Cut out 155x30 - Yellow,1200
980109,Decal - engcon - Cut out 198x40 - Black,1500
980110,Decal - engcon - Cut out 198x40 - Yellow,1500
9000089,Decal - engcon - Cut out 285x55 - Yellow,1500
9000088,Decal - engcon - Cut out 350x70 - Yellow,1500
9000354,Decal - engcon - Cut out 500x99 - Black,3200
9000355,Decal - engcon - Cut out 500x99 - Yellow,3200
9000718,Decal - engcon - Cut out 550x140 - Black,1600
9000719,Decal - engcon - Cut out 550x140 - Yellow,1600
980103,Decal - engcon - Cut out 68x13 - Black,1100
980104,Decal - engcon - Cut out 68x13 - Yellow,1100
9000716,Decal - engcon - Cut out 750x220 - Black,2100
9000717,Decal - engcon - Cut out 750x220 - Yellow,2100
1053360,Decal - engcon EC-Oil - 131x21,500
1053359,Decal - engcon EC-Oil - 175x28,1200
9000336,Decal - engcon streamer - 100x500 - Black,1400
9000337,Decal - engcon streamer - 100x500 - Yellow,1400
9000067,Decal - ePS 90mm,1500
9000071,Decal - GRD/SWD open-close - 25x56mm,800
841876,Decal - Joystick - Liebherr - Empty,2900
9000750,Decal - Keep dry - 170x120,600
9000744,Decal - Keep dry - 297x210,500
9000084,Decal - Komatsu - Wheel control,1700
841181,Decal - L8 - 6R - DC2,3900
841182,Decal - L8 - 6R - Empty - DC2,3900
841158,Decal - L8 - DC2,3900
841170,Decal - L8 - Empty - DC2,3900
841869,Decal - MIG2,1500
9000103,Decal - MIG2 - Atlas - User1,2800
9000104,Decal - MIG2 - Atlas - User2,2800
9000230,Decal - MIG2 - Doosan - Wheel control,1200
9000258,Decal - MIG2 - Hyundai HW,1200
9000259,"Decal - MIG2 - Hyundai HX-L, HX-LCR",800
8000757,Decal - MIG2 - Liebherr - Track control,1500
8000756,Decal - MIG2 - Liebherr - Wheel control,1100
9000364,Decal - MIG2 - Yellow - Empty - DC2,800
841868,Decal - MIG2 Empty,1500
9000697,Decal - Non-Flammable Gas UN3164 - 75x90,300
9000232,Decal - Operation lock hydraulics - 135x50mm,600
9000739,Decal - Paint can - Black,100
9000738,Decal - Paint can - Yellow,500
9000265,Decal - QSC - 30mm,500
8000265,Decal - QSC operation - 185x143mm,2900
841154,Decal - Quick hitch lock - DC2,3900
8000067,Decal - Quick hitch lock - ss9-2,5100
9000574,Decal - Speed limit Wheel control - 50x44,300
841161,Decal - Symbol sheet - MIG2,3900
8000065,Decal - Symbol sheet - ss9-2,5100
9000083,Decal - Track control,2500
841163,Decal - Track control - DC2,3900
9000335,Decal - Track control CAT NG,1400
9000157,Decal - Warning in Cabin - 190x75,700
9000352,Decal - Warning in cabin for NA - 100x163,400
9000049,Decal - Warning on GRD - 65x55,600
9000347,Decal - Warning on GRD for NA - 65x55,600
9000679,Decal - Warning on SR SWD - 65x55,600
9000680,Decal - Warning on SR SWD for NA - 60x50,500
980102,Decal - Warning on Tilcylinder - 70x39,300
980101,Decal - Warning on Tiltcylinder - 100x55,400
9000343,Decal - Warning on Tiltcylinder for NA - 70x67,300
841164,Decal - Wheel control - DC2,3900
1025945,Decal kit - EC02,6500
1033114,Decal kit - EC10B GR,42
1033115,Decal kit - EC15B GR,44
1033125,Decal kit - EC204,7700
1033121,Decal kit - EC206,7700
1033122,Decal kit - EC206 GR,11000
1025951,Decal kit - EC209,7700
1033120,Decal kit - EC209 GR,11000
1033113,Decal kit - EC20B GR,11100
1033124,Decal kit - EC214,8600
1033123,Decal kit - EC214 GR,11400
1033119,Decal kit - EC219 GR,12300
1025952,Decal kit - EC219/EC319,9700
1025953,Decal kit - EC226,9700
1033118,Decal kit - EC226 GR,12300
1025950,"Decal kit - EC30, EC233",9700
1033116,"Decal kit - EC30, EC233 GR",12300
8000213,Decal kit - L8,13400
8000212,Decal kit - MIG2,22200
1017395,Decal kit - ss9,2900
8000039,Decal kit - ss9-2,3900
9000672,Decal sheet - Cable markings - DC3,4800
1047517,Decal sheet - L8 Volvo EW/EWR from 32200,1800
1047518,Decal sheet - MIG2 Volvo EW/EWR from 32200,1800
9000735,Decal sheet - QSC video EN - 210x297,2400
9000734,Decal sheet - QSC video SV - 210x297,2400
842047,Decal sheet - Warning changed function - DC2,3000
9000678,Decal sheet - Warning changed function - DC3,2400
9000921,Decal-Flip MIG2 rollers-16 pcs on A4,2300
820113,Deutsch DT04-12PA connector device,7400
820110,Deutsch DT04-2P connector device,2800
820108,Deutsch DT04-4P connector device,3500
820109,Deutsch DT04-6P connector device,4300
820112,Deutsch DT04-8PA connector device,5400
820226,Deutsch DT06-12SA connector device,8200
820219,Deutsch DT06-2S connector device,2800
820218,Deutsch DT06-4S connector device,4000
820220,Deutsch DT06-6S connector device,4600
820225,Deutsch DT06-8SA connector device,5600
8000177,Deutsch DTM04-12PA connector device,6500
8000064,Deutsch DTM04-3P connector device,3200
8000054,Deutsch DTM04-6P connector device,5400
8000244,Deutsch DTM06-12SA connector device,8500
8000653,Deutsch DTM06-2S connector device,3200
8000063,Deutsch DTM06-3S connector device,3700
8000652,Deutsch DTM06-4S connector device,5400
8000053,Deutsch DTM06-6S connector device,6000
8002372,Deutsch Dust protection to DT04-4P,1000
8000086,Deutsch Dust protection to DT06-2S,1700
810658,Deutsch Housing 12S (DT06-12SA),4800
810641,Deutsch Housing 2P (DT04-2P),1000
810640,Deutsch Housing 2S (DT06-2S),1000
8000004,Deutsch Housing 3P (DTM04-3P),3200
8000003,Deutsch Housing 3S (DTM06-3S E007),3200
810645,Deutsch Housing 4P (DT04-4P),1900
810644,Deutsch Housing 4S (DT06-4S),2200
810649,Deutsch Housing 6P (DT04-6P),2900
8000007,Deutsch Housing 6P (DTM04-6P),3400
810668,Deutsch Housing 6S (DT06-6S CE02),3400
810648,Deutsch Housing 6S (DT06-6S),2800
810655,Deutsch Housing 8P (DT04-8PA),2700
810654,Deutsch Housing 8S (DT06-8SA),2800
810653,Deutsch Pin Size 16,200
8001055,Deutsch Pin Size 16 kit (20st),3700
8000001,Deutsch Pin Size 20,400
810652,Deutsch Socket Size 16 (DT),400
8000002,Deutsch Socket Size 20 (DTM),400
810660,Deutsch wedgelock W12S (socket DT),400
810643,Deutsch wedgelock W2P (pin DT),100
810642,Deutsch wedgelock W2S (socket DT),100
810647,Deutsch wedgelock W4P (pin DT) GREEN,200
810646,Deutsch wedgelock W4S (socket DT),200
810651,Deutsch wedgelock W6P (pin DT) GREEN,200
810671,Deutsch wedgelock W6S (Socket DT) GREEN,200
810650,Deutsch wedgelock W6S (Socket DT) orange,200
810657,Deutsch wedgelock W8P (pin DT),200
810656,Deutsch wedgelock W8S (socket DT),200
8000006,Deutsch wedgelock WM-3P (Pin DTM),200
8000005,Deutsch wedgelock WM-3S (Socket DTM),200
8000009,Deutsch wedgelock WM-6P (Pin DTM),300
730323,"Directional valve 1/4"" 6/2-12V",68400
7000208,"Directional valve 1/4"" 6/2-12V JT",96000
7000209,"Directional valve 1/4"" 6/2-24V JT",97700
730127,Directional valve closed EC05 12V,109600
730342,Directional valve closed NG10 12V,89000
730341,Directional valve closed NG10 24V,87000
7000101,Directional valve closed NG4 12V DT,46900
7000148,Directional valve closed NG4 12V DT,42600
730112,Directional valve closed NG6 12V JT,53400
7001619,Directional valve closed NG6 12V JT ATOS,23100
730110,Directional valve closed NG6 24V JT,65100
7001618,Directional valve closed NG6 24V JT ATOS,23900
730128,Directional valve crossparallel EC05 12V,66400
730119,Directional valve crossparallel NG6 JT 12V,45500
730120,Directional valve crossparallel NG6 JT 24V,50800
730122,Directional valve double acting 12V EC05,116200
730121,Directional valve lock EC05 12V,88700
730308,Directional valve lock GS02-35-0-0-V-00 (HFX),88900
730102,Directional valve lock NG6 12V.4D01-3146-0601-B1-GOR-JT,43400
730340,Directional valve NG10 12V,108000
730339,Directional valve NG10 24V,109900
7000192,Directional valve NG10 open to tank 24V,105100
7000099,Directional valve NG4 12V DT,54800
730146,Directional valve NG4 12V Flying leads EC02,69800
730328,Directional valve NG4 12V JT,52200
730153,Directional valve NG4 closed 12V Flying leads,43500
730330,Directional valve NG4 closed 12V JT,42900
730334,Directional valve NG4 closed 24V JT,41700
730317,Directional valve NG4 crossparallel 12V JT EC209,48100
730318,Directional valve NG4 crossparallel 24V JT EC209,55900
730321,Directional valve NG4 crossparallel external T without Coil,104000
7002084,Directional valve NG4 Duplomatic 12V DT,56300
7000328,Directional valve NG4 EC204 ss9 DT 24v,21500
1042047,Directional valve NG4 IQS lock 12V DT ss10 Coil A,159000
1042045,Directional valve NG4 IQS lock 12V DT ss9 Coil A,192900
1042190,Directional valve NG4 IQS lock 24V DT ss10 Coil A,159000
1042188,Directional valve NG4 IQS lock 24V DT ss9 Coil A,197500
1042189,Directional valve NG4 IQS lock 24V DT ss9 Coil B,464
7000102,Directional valve NG4 lock 12V DT,43500
730161,Directional valve NG4 lock 12V Flying leads,49400
730312,Directional valve NG4 lock 12V JT,42900
730168,Directional valve NG4 lock 24V Flying leads,60200
730310,Directional valve NG4 lock 24V JT,42900
730149,Directional valve NG4 prop 12V Flying leads - tilt,168200
7000504,Directional valve NG4 Prop 12V JT,103900
7000103,Directional valve NG4 Prop rotation 12V DT,112700
730150,Directional valve NG4 Prop rotation 12V Flying leads EC02,145500
7000100,Directional valve NG4 Prop tilt 12V DT,112700
730329,Directional valve NG4 Prop tilt 12V JT,111100
730145,Directional valve NG4 tilt 12V Flying leads,69400
730332,Directional valve NG4 tilt 12V JT,44900
730101,Directional valve NG6 12V. 4D01-3203-0302-B1-GOR-JT,72800
7001617,Directional valve NG6 12V. 4D01-3203-0302-B1-GOR-JT ATOS,33000
730103,Directional valve NG6 24V,82600
7001616,Directional valve NG6 24V JT ATOS,33000
730124,Directional valve NG6 24V open to tank,104500
730181,Directional valve NG6 closed 12V Flying leads,41000
730104,Directional valve NG6 lock 24V,60800
730303,Directional valve NG6 lock 24V Flying leads,50900
730166,Directional valve NG6 on/off 12V Flying leads,85300
730190,Directional valve NG6 prop 12V engcon JT,168200
7001614,Directional valve NG6 prop 12V engcon JT ATOS,97100
7000092,Directional valve NG6 prop 12V engcon JT open to tank,165100
7001615,Directional valve NG6 prop 12V engcon JT open to tank ATOS,97100
730191,Directional valve NG6 prop 12V Flying leads,169800
730199,Directional valve NG6 soft closing 12V Flying leads,40600
730123,Directional valve NG6 soft closing 24V,59900
730301,Directional valve NG6 soft closing 24V Flying leads,83200
7000114,Directional valve open NG6 24V - cross,75800
730109,Directional valve open NG6 24V - parallel,87300
730113,"Directional valve ORTA 1/2""-6/2-12V DIN43650A",146100
730115,"Directional valve ORTA 3/8""-6/2-12V DIN43650A",94400
7000641,"Directional valve pilot operated 11,7bar cartridge",58600
1026061,Dirt deflector QS45,3500
1025256,Dirt deflector QS60,3500
1026055,Dirt deflector QS70,3700
1045166,"Dirt protection block/coupling ECO 1""",4300
1028229,"Dirt protection block/coupling ECO 1/2""",2200
1028275,"Dirt protection block/coupling ECO 3/4""",2200
1028274,"Dirt protection block/coupling ECO 3/8""",2200
1054419,"Dirt protection ECO 1/4""",2800
1026893,Dirt protection ECO45/50 S-top bracket,27600
1001281,Display ss9 - with decal kit raster 1017395,51100
8000037,Display ss9 - without decal kit raster,50800
1040756,"Drive rivet KDS-SMS 1549 2,5x6 A2",100
730165,Dump valve CT512 NC,73000
730164,Dump valve CT514NC,130700
1019709,Dumper block 12V EC209 complete,256200
1026714,Dumper block 12V JT NG6 EC206 - complete,163600
1006174K,Dumper block 12V NG6 - complete,162000
1022207,Dumper block 24V EC209 complete,250000
1006172K,Dumper block 24V flangable 51mm - complete,211400
1008968K,Dumper block 24V NG6 - complete,162000
790118,"Dust protection 1/2"" Coupling-female 5016",900
790121,"Dust protection 1/2"" male 5026",900
790116,"Dust protection 1/4"" Coupling-female 2516",900
790119,"Dust protection 1/4"" male 2526",900
790125,"Dust protection 1/8"" Coupling-female 2315",1100
790126,"Dust protection 1/8"" male 125",800
790194,"Dust protection 3/4"" Coupling-female 7516",2200
790195,"Dust protection 3/4"" Coupling-male 7526",1500
790117,"Dust protection 3/8"" Coupling-female",900
790120,"Dust protection 3/8"" male 3826",900
1033051,Dust protection for M12 Female connector,800
1033052,Dust protection for M12 Male connector,800
7001811,DX-upgrade kit EC214-QSM-QS60,242300
7001778,DX-upgrade kit EC219-QSM-QS60,169800
750503,Ear piston rod-20 grab,18800
750502,Ear piston rod-tilt cylinder-EC20,30600
750504,Ear piston rod-tilt cylinder-EC30,24100
1017581,EC02-S30/180-S30/180-DC2,1662000
1060108,EC02-S30/180-S30/180-DC2,1662000
1008147,EC02-S30/180-S30/180-ss9IQ,1662000
1078829,EC102-S30-Direct connect-ss0,1183600
1079469,EC102-S30-Direct connect-ss0,1183600
1079560,EC102-S30-Direct connect-ss0,1183600
1079595,EC102-S30-Direct connect-ss0,1183600
1079610,EC102-S30-Direct connect-ss0,1183600
1079791,EC102-S30-Direct connect-ss0,1183600
1079792,EC102-S30-Direct connect-ss0,1183600
1079796,EC102-S30-Direct connect-ss0,1183600
1079840,EC102-S30-Direct connect-ss0,1183600
1079844,EC102-S30-Direct connect-ss0,1183600
1079870,EC102-S30-Direct connect-ss0,1183600
1080002,EC102-S30-Direct connect-ss0,1183600
1080004,EC102-S30-Direct connect-ss0,1183600
1080009,EC102-S30-Direct connect-ss0,1183600
1080016,EC102-S30-Direct connect-ss0,1183600
1080051,EC102-S30-Direct connect-ss0,1183600
1080207,EC102-S30-Direct connect-ss0,1183600
1080243,EC102-S30-Direct connect-ss0,1183600
1080256,EC102-S30-Direct connect-ss0,1183600
1080334,EC102-S30-Direct connect-ss0,1183600
1080594,EC102-S30-Direct connect-ss0,1183600
1080989,EC102-S30-Direct connect-ss0,1183600
1081197,EC102-S30-Direct connect-ss0,1183600
1081441,EC102-S30-Direct connect-ss0,1183600
1081573,EC102-S30-Direct connect-ss0,1183600
1081615,EC102-S30-Direct connect-ss0,1183600
1081625,EC102-S30-Direct connect-ss0,1183600
1081758,EC102-S30-Direct connect-ss0,1183600
1081767,EC102-S30-Direct connect-ss0,1183600
1083565,EC102-S30-Direct connect-ss0,1183600
1083642,EC102-S30-Direct connect-ss0,1183600
1084507,EC102-S30-Direct connect-ss0,1183600
1078828,EC102-S30-S30-ss0,1104900
1082448,EC102-S30-S30-ss1,1151200
1081380,EC104-S40-Direct connect-ss0,1484600
1081542,EC104-S40-Direct connect-ss0,1484600
1081612,EC104-S40-Direct connect-ss0,1484600
1081658,EC104-S40-Direct connect-ss0,1484600
1081682,EC104-S40-Direct connect-ss0,1484600
1081853,EC104-S40-Direct connect-ss0,1484600
1081854,EC104-S40-Direct connect-ss0,1484600
1082258,EC104-S40-Direct connect-ss0,1484600
1082298,EC104-S40-Direct connect-ss0,1484600
1083206,EC104-S40-Direct connect-ss0,1484600
1083858,EC104-S40-Direct connect-ss0,1484600
1082131,EC104-S40-S40-ss0,1405900
1082449,EC104-S40-S40-ss1,1452200
1085011,EC106-S40-Direct connect-ss0,1767000
1085167,EC106-S40-Direct connect-ss0,1767000
1084386,EC106-S40-S40-ss0,1640400
1085391,EC106-S40-S40-ss1,1657400
1073881,EC202-//-Direct connect-ss0,1819400
1073882,EC202-//-Direct connect-ss0,1819400
1073884,EC202-//-Direct connect-ss0,1819400
1075328,EC202-//-Direct connect-ss0,1819400
1075329,EC202-//-Direct connect-ss0,1819400
1076957,EC202-//-Direct connect-ss0,1819400
1077126,EC202-//-Direct connect-ss0,1819400
1076958,EC202-//-Direct connect-ss9IQ,1819400
1076959,EC202-//-Direct connect-ss9IQ,1819400
1076960,EC202-//-Direct connect-ss9IQ,1819400
1076961,EC202-//-Direct connect-ss9IQ,1819400
1076962,EC202-//-Direct connect-ss9IQ,1819400
1076963,EC202-//-Direct connect-ss9IQ,1819400
1070379,EC202-CW05GP 0°-CW05GP-DC2,1725300
1070380,EC202-CW05GP 0°-CW05GP-ss0,1725300
1070381,EC202-CW05GP 0°-CW05GP-ss9IQ,1725300
1070382,EC202-CW05GP 0°-CW05GP-ss9SQ,1725300
1071985,EC202-CW05GP 0°-Direct connect-ss0,1804000
1079684,EC202-CW05GP 0°-Direct connect-ss0,1804000
1083174,EC202-CW05GP 0°-Direct connect-ss0,1804000
1071856,EC202-CW05GP 0°-Direct connect-ss9IQ,1804000
1077558,EC202-CW05GP 0°-Direct connect-ss9IQ,1804000
1084918,EC202-CW05GP 0°-Direct connect-ss9IQ,1804000
1071530,EC202-CW05GP 0°-Direct connect-ss9SQ,1804000
1076022,EC202-CW05GP 0°-Direct connect-ss9SQ,1804000
1082839,EC202-CW05GP 0°-Direct connect-ss9SQ,1804000
1084506,EC202-CW05GP 0°-Direct connect-ss9SQ,1804000
1069166,EC202-S30S/180-Direct connect-DC2,1740700
1069175,EC202-S30S/180-Direct connect-DC2,1740700
1069332,EC202-S30S/180-Direct connect-DC2,1740700
1069707,EC202-S30S/180-Direct connect-DC2,1740700
1069709,EC202-S30S/180-Direct connect-DC2,1740700
1070671,EC202-S30S/180-Direct connect-DC2,1740700
1070841,EC202-S30S/180-Direct connect-DC2,1740700
1071503,EC202-S30S/180-Direct connect-DC2,1740700
1071541,EC202-S30S/180-Direct connect-DC2,1740700
1071586,EC202-S30S/180-Direct connect-DC2,1740700
1072398,EC202-S30S/180-Direct connect-DC2,1740700
1072670,EC202-S30S/180-Direct connect-DC2,1740700
1073029,EC202-S30S/180-Direct connect-DC2,1740700
1073324,EC202-S30S/180-Direct connect-DC2,1740700
1073348,EC202-S30S/180-Direct connect-DC2,1740700
1074318,EC202-S30S/180-Direct connect-DC2,1740700
1074724,EC202-S30S/180-Direct connect-DC2,1740700
1075334,EC202-S30S/180-Direct connect-DC2,1740700
1075914,EC202-S30S/180-Direct connect-DC2,1740700
1075977,EC202-S30S/180-Direct connect-DC2,1740700
1076353,EC202-S30S/180-Direct connect-DC2,1740700
1076883,EC202-S30S/180-Direct connect-DC2,1740700
1077513,EC202-S30S/180-Direct connect-DC2,1740700
1077535,EC202-S30S/180-Direct connect-DC2,1740700
1078906,EC202-S30S/180-Direct connect-DC2,1740700
1079065,EC202-S30S/180-Direct connect-DC2,1740700
1079918,EC202-S30S/180-Direct connect-DC2,1740700
1080548,EC202-S30S/180-Direct connect-DC2,1740700
1081541,EC202-S30S/180-Direct connect-DC2,1740700
1084176,EC202-S30S/180-Direct connect-DC2,1740700
1071120,EC202-S30S/180-Direct connect-ss0,1740700
1071699,EC202-S30S/180-Direct connect-ss0,1740700
1074621,EC202-S30S/180-Direct connect-ss0,1740700
1074828,EC202-S30S/180-Direct connect-ss0,1740700
1074884,EC202-S30S/180-Direct connect-ss0,1740700
1076516,EC202-S30S/180-Direct connect-ss0,1740700
1076658,EC202-S30S/180-Direct connect-ss0,1740700
1077536,EC202-S30S/180-Direct connect-ss0,1740700
1079456,EC202-S30S/180-Direct connect-ss0,1740700
1079779,EC202-S30S/180-Direct connect-ss0,1740700
1081641,EC202-S30S/180-Direct connect-ss0,1740700
1083062,EC202-S30S/180-Direct connect-ss0,1740700
1075397,EC202-S30S/180-Direct connect-ss10,1740700
1082822,EC202-S30S/180-Direct connect-ss10,1740700
1083266,EC202-S30S/180-Direct connect-ss10,1740700
1085242,EC202-S30S/180-Direct connect-ss10,1740700
1069207,EC202-S30S/180-Direct connect-ss9IQ,1740700
1069263,EC202-S30S/180-Direct connect-ss9IQ,1740700
1069273,EC202-S30S/180-Direct connect-ss9IQ,1740700
1070363,EC202-S30S/180-Direct connect-ss9IQ,1740700
1070751,EC202-S30S/180-Direct connect-ss9IQ,1740700
1070777,EC202-S30S/180-Direct connect-ss9IQ,1740700
1071552,EC202-S30S/180-Direct connect-ss9IQ,1740700
1071700,EC202-S30S/180-Direct connect-ss9IQ,1740700
1071756,EC202-S30S/180-Direct connect-ss9IQ,1740700
1071803,EC202-S30S/180-Direct connect-ss9IQ,1740700
1072187,EC202-S30S/180-Direct connect-ss9IQ,1740700
1072914,EC202-S30S/180-Direct connect-ss9IQ,1740700
1073055,EC202-S30S/180-Direct connect-ss9IQ,1740700
1074704,EC202-S30S/180-Direct connect-ss9IQ,1740700
1076419,EC202-S30S/180-Direct connect-ss9IQ,1740700
1076503,EC202-S30S/180-Direct connect-ss9IQ,1740700
1079166,EC202-S30S/180-Direct connect-ss9IQ,1740700
1079240,EC202-S30S/180-Direct connect-ss9IQ,1740700
1080234,EC202-S30S/180-Direct connect-ss9IQ,1740700
1080250,EC202-S30S/180-Direct connect-ss9IQ,1740700
1080922,EC202-S30S/180-Direct connect-ss9IQ,1740700
1084263,EC202-S30S/180-Direct connect-ss9IQ,1740700
1069374,EC202-S30S/180-Direct connect-ss9SQ,1740700
1074826,EC202-S30S/180-Direct connect-ss9SQ,1740700
1081748,EC202-S30S/180-Direct connect-ss9SQ,1740700
1063285,EC202-S30S/180-S30/180-DC2,1662000
1079687,EC202-S30S/180-S30/180-DC2-Pure Orange RAL2004,1787000
1068611,EC202-S30S/180-S30/180-ss0,1662000
1068612,EC202-S30S/180-S30/180-ss9IQ,1662000
1068613,EC202-S30S/180-S30/180-ss9SQ,1662000
1075335,EC202U-//-//-//-ZD,807100
1079525,EC202U-//-//-//-ZD Agate Grey RAL7038,933600
1079526,EC202U-//-//-//-ZD OQ Grey RAL7022,933600
1081865,EC204B-CW05GP 0°-CW05GP-DC2,1905900
1081544,EC204B-CW05GP 0°-CW05GP-ss0,1905900
1081564,EC204B-CW05GP 0°-CW05GP-ss9IQ,1905900
1083954,EC204B-CW05GP 0°-CW05GP-ss9SQ,1905900
1083888,EC204B-CW05GP 0°-Direct connect-DC2,1984600
1084640,EC204B-CW05GP 0°-Direct connect-DC2,1984600
1084007,EC204B-CW05GP 0°-Direct connect-ss0,1984600
1081283,EC204B-CW05GP 0°-Direct connect-ss9IQ,1984600
1081285,EC204B-CW05GP 0°-Direct connect-ss9IQ,1984600
1081417,EC204B-CW05GP 0°-Direct connect-ss9IQ,1984600
1081575,EC204B-CW05GP 0°-Direct connect-ss9IQ,1984600
1081683,EC204B-CW05GP 0°-Direct connect-ss9IQ,1984600
1083042,EC204B-CW05GP 0°-Direct connect-ss9IQ,1984600
1083678,EC204B-CW05GP 0°-Direct connect-ss9IQ,1984600
1084614,EC204B-CW05GP 0°-Direct connect-ss9IQ,1984600
1084739,EC204B-CW05GP 0°-Direct connect-ss9IQ,1984600
1081391,EC204B-CW05GP 0°-Direct connect-ss9SQ,1984600
1082097,EC204B-CW05GP 0°-Direct connect-ss9SQ,1984600
1082151,EC204B-CW05GP 0°-Direct connect-ss9SQ,1984600
1082597,EC204B-CW05GP 0°-Direct connect-ss9SQ,1984600
1082858,EC204B-CW05GP 0°-Direct connect-ss9SQ,1984600
1083977,EC204B-CW05GP 0°-Direct connect-ss9SQ,1984600
1083147,EC204B-CW05GP 0°GR05-Direct connect-ss9SQ,2688300
1080327,EC204B-QSM40-Direct connect-DC2,1969100
1081037,EC204B-QSM40-Direct connect-DC2,1969100
1081162,EC204B-QSM40-Direct connect-DC2,1969100
1081169,EC204B-QSM40-Direct connect-DC2,1969100
1081840,EC204B-QSM40-Direct connect-DC2,1969100
1082163,EC204B-QSM40-Direct connect-DC2,1969100
1082517,EC204B-QSM40-Direct connect-DC2,1969100
1082804,EC204B-QSM40-Direct connect-DC2,1969100
1082985,EC204B-QSM40-Direct connect-DC2,1969100
1083107,EC204B-QSM40-Direct connect-DC2,1969100
1083428,EC204B-QSM40-Direct connect-DC2,1969100
1084466,EC204B-QSM40-Direct connect-DC2,1969100
1084876,EC204B-QSM40-Direct connect-DC2,1969100
1085193,EC204B-QSM40-Direct connect-DC2,1969100
1085227,EC204B-QSM40-Direct connect-DC2,1969100
1081680,EC204B-QSM40-Direct connect-DC2 GreyRAL7024,2094100
1084268,EC204B-QSM40-Direct connect-DC2-Black RAL9005,2094100
1080213,EC204B-QSM40-Direct connect-DC2-H65,2231500
1080214,EC204B-QSM40-Direct connect-DC2-H65,2231500
1080328,EC204B-QSM40-Direct connect-DC2-H65,2231500
1080595,EC204B-QSM40-Direct connect-DC2-H65,2231500
1080911,EC204B-QSM40-Direct connect-DC2-H65,2231500
1081309,EC204B-QSM40-Direct connect-DC2-H65,2231500
1081442,EC204B-QSM40-Direct connect-DC2-H65,2231500
1081681,EC204B-QSM40-Direct connect-DC2-H65,2231500
1082375,EC204B-QSM40-Direct connect-DC2-H65,2231500
1083028,EC204B-QSM40-Direct connect-DC2-H65,2231500
1084139,EC204B-QSM40-Direct connect-DC2-H65,2231500
1084169,EC204B-QSM40-Direct connect-DC2-H65,2231500
1084722,EC204B-QSM40-Direct connect-DC2-H65,2231500
1081931,EC204B-QSM40-Direct connect-ss0,1969100
1083046,EC204B-QSM40-Direct connect-ss0,1969100
1085317,EC204B-QSM40-Direct connect-ss0,1969100
1083301,EC204B-QSM40-Direct connect-ss10,1969100
1081012,EC204B-QSM40-Direct connect-ss9IQ,1969100
1081443,EC204B-QSM40-Direct connect-ss9IQ,1969100
1081446,EC204B-QSM40-Direct connect-ss9IQ,1969100
1081571,EC204B-QSM40-Direct connect-ss9IQ,1969100
1081589,EC204B-QSM40-Direct connect-ss9IQ,1969100
1082107,EC204B-QSM40-Direct connect-ss9IQ,1969100
1082251,EC204B-QSM40-Direct connect-ss9IQ,1969100
1082445,EC204B-QSM40-Direct connect-ss9IQ,1969100
1083360,EC204B-QSM40-Direct connect-ss9IQ,1969100
1083399,EC204B-QSM40-Direct connect-ss9IQ,1969100
1083736,EC204B-QSM40-Direct connect-ss9IQ,1969100
1084200,EC204B-QSM40-Direct connect-ss9IQ,1969100
1085478,EC204B-QSM40-Direct connect-ss9IQ,1969100
1085501,EC204B-QSM40-Direct connect-ss9IQ,1969100
1081476,EC204B-QSM40-Direct connect-ss9IQ-H65,2544800
1083906,EC204B-QSM40-Direct connect-ss9IQ-H65,2544800
1081967,EC204B-QSM40-Direct connect-ss9IQ-H65-Green RAL6038,2669800
1080307,EC204B-QSM40-Direct connect-ss9SQ,1969100
1081561,EC204B-QSM40-Direct connect-ss9SQ,1969100
1081827,EC204B-QSM40-Direct connect-ss9SQ,1969100
1082013,EC204B-QSM40-Direct connect-ss9SQ,1969100
1082354,EC204B-QSM40-Direct connect-ss9SQ,1969100
1083090,EC204B-QSM40-Direct connect-ss9SQ,1969100
1080112,EC204B-QSM40-QS40-DC2,1890400
1080929,EC204B-QSM40-QS40-DC2-H65,2152800
1080110,EC204B-QSM40-QS40-DC2-H65-T80,2152800
1082865,EC204B-QSM40-QS40-ss0,1890400
1081978,EC204B-QSM40-QS40-ss10,1890400
1080460,EC204B-QSM40-QS40-ss9IQ,1890400
1080498,EC204B-QSM40-QS40-ss9SQ,1890400
1080260,EC204BS-QSM40-Direct connect-DC2,2047800
1082746,EC204BS-QSM40-Direct connect-DC2,2047800
1083857,EC204BS-QSM40-Direct connect-DC2,2047800
1084536,EC204BS-QSM40-Direct connect-DC2,2047800
1085241,EC204BS-QSM40-Direct connect-DC2,2047800
1085345,EC204BS-QSM40-Direct connect-DC2,2047800
1078639,EC204BS-QSM40-Direct connect-DC2-H65,2052500
1080310,EC204BS-QSM40-Direct connect-DC2-H65,2310200
1080329,EC204BS-QSM40-Direct connect-DC2-H65,2310200
1080816,EC204BS-QSM40-Direct connect-DC2-H65,2310200
1080937,EC204BS-QSM40-Direct connect-DC2-H65,2310200
1081190,EC204BS-QSM40-Direct connect-DC2-H65,2310200
1081640,EC204BS-QSM40-Direct connect-DC2-H65,2310200
1082240,EC204BS-QSM40-Direct connect-DC2-H65,2310200
1082259,EC204BS-QSM40-Direct connect-DC2-H65,2310200
1082834,EC204BS-QSM40-Direct connect-DC2-H65,2310200
1083167,EC204BS-QSM40-Direct connect-DC2-H65,2310200
1083652,EC204BS-QSM40-Direct connect-DC2-H65,2310200
1084478,EC204BS-QSM40-Direct connect-DC2-H65,2310200
1084767,EC204BS-QSM40-Direct connect-DC2-H65,2125000
1085316,EC204BS-QSM40-Direct connect-DC2-H65,2310200
1085404,EC204BS-QSM40-Direct connect-DC2-H65,2310200
1082069,EC204BS-QSM40-Direct Connect-DC3-H65,2277800
1082519,EC204BS-QSM40-Direct connect-ss0,2047800
1080167,EC204BS-QSM40-Direct connect-ss9IQ,2047800
1080985,EC204BS-QSM40-Direct connect-ss9IQ,2047800
1082072,EC204BS-QSM40-Direct connect-ss9IQ,2047800
1082389,EC204BS-QSM40-Direct connect-ss9IQ,2047800
1082911,EC204BS-QSM40-Direct connect-ss9IQ,2047800
1083854,EC204BS-QSM40-Direct connect-ss9IQ,2047800
1083925,EC204BS-QSM40-Direct connect-ss9IQ,2047800
1083693,EC204BS-QSM40-Direct connect-ss9IQ-H65,2623500
1085416,EC204BS-QSM40-Direct connect-ss9IQ-H65,2623500
1080173,EC204BS-QSM40-Direct connect-ss9IQ-White RAL9010,2172800
1080021,EC204BS-QSM40-QS40-DC2,1969100
1077960,EC204BS-QSM40-QS40-DC2-H65-T81,2231500
1080111,EC204BS-QSM40-QS40-DC2-H65-T81,2231500
1083685,EC204BS-QSM40-QS40-DC2-H65-T81-Black RAL9005,2356500
1082067,EC204BS-QSM40-QS40-DC3-H65-T83,2277800
1080161,EC204BS-QSM40-QS40-ss9IQ,1969100
1082508,EC204BU-//-//-//-ZD,1993800
1083563,EC204BU-//-//-//-ZD Agate Grey RAL7038,2118800
1063455,EC204-S40-Direct connect-DC2,1887400
1031633,EC204-S40-Direct connect-ss10,1984600
1060110,EC204-S40GR05-S40-DC2,2512400
1031127,EC204-S40-S40-DC2,1808600
1060104,EC204-S40-S40-DC2,1808600
1071592,EC204-S40S-Direct connect-ss0,1887400
1077532,EC204-S40S-Direct connect-ss0,1887400
1078186,EC204-S40S-Direct connect-ss0,1887400
1081769,EC204-S40S-Direct connect-ss0,1887400
1069271,EC204-S40S-Direct connect-ss9IQ,8344
1068994,EC204-S40SGR05-QS40-DC2,2512400
1070354,EC204-S40SGR05-QS40-DC2-T72,2774700
1063959,EC204-S40S-QS40-DC2,1808600
1063948,EC204-S40S-QS40-DC2-T72,2071000
1069066,EC204-S40S-QS40-ss9IQ,1839500
1081321,EC206B-CW10-Direct connect-DC2,2631200
1083131,EC206B-CW10-Direct connect-DC2,2631200
1084192,EC206B-CW10-Direct connect-DC2,2631200
1082808,EC206B-CW10-Direct connect-ss0,2631200
1081406,EC206B-CW10-Direct connect-ss9IQ,2631200
1082404,EC206B-CW10-Direct connect-ss9IQ,2631200
1083733,EC206B-CW10-Direct connect-ss9IQ,2631200
1084095,EC206B-CW10-Direct connect-ss9IQ,2631200
1082628,EC206B-CW10-Direct connect-ss9SQ,2631200
1082779,EC206B-CW10-Direct connect-ss9SQ,2631200
1084091,EC206B-CW10-Direct connect-ss9SQ,2631200
1082195,EC206B-CW10GR10-Direct connect-DC2,3412000
1082523,EC206B-CW10GR10-Direct connect-DC2,3412000
1082769,EC206B-CW10GR10-Direct connect-ss0,3412000
1072766,EC206B-QSM40Q-Direct connect-DC2,2442900
1073157,EC206B-QSM40Q-Direct connect-DC2,2442900
1073160,EC206B-QSM40Q-Direct connect-DC2,2442900
1073241,EC206B-QSM40Q-Direct connect-DC2,2442900
1074144,EC206B-QSM40Q-Direct connect-DC2,2442900
1074483,EC206B-QSM40Q-Direct connect-DC2,2442900
1075302,EC206B-QSM40Q-Direct connect-DC2,2442900
1076671,EC206B-QSM40Q-Direct connect-DC2,2442900
1077663,EC206B-QSM40Q-Direct connect-DC2,2442900
1077919,EC206B-QSM40Q-Direct connect-DC2,2442900
1079443,EC206B-QSM40Q-Direct connect-DC2,2442900
1080270,EC206B-QSM40Q-Direct connect-DC2,2442900
1081060,EC206B-QSM40Q-Direct connect-DC2,2442900
1081233,EC206B-QSM40Q-Direct connect-DC2,2442900
1081295,EC206B-QSM40Q-Direct connect-DC2,2442900
1081570,EC206B-QSM40Q-Direct connect-DC2,2442900
1083427,EC206B-QSM40Q-Direct connect-DC2,2442900
1084224,EC206B-QSM40Q-Direct connect-DC2,2442900
1072607,EC206B-QSM40Q-Direct connect-DC2-H65,2705200
1072762,EC206B-QSM40Q-Direct connect-DC2-H65,2705200
1074442,EC206B-QSM40Q-Direct connect-DC2-H65,2705200
1076059,EC206B-QSM40Q-Direct connect-DC2-H65,2705200
1076888,EC206B-QSM40Q-Direct connect-DC2-H65,2705200
1077619,EC206B-QSM40Q-Direct connect-DC2-H65,2705200
1079986,EC206B-QSM40Q-Direct connect-DC2-H65,2705200
1080097,EC206B-QSM40Q-Direct connect-DC2-H65,2705200
1080952,EC206B-QSM40Q-Direct connect-DC2-H65,2705200
1081360,EC206B-QSM40Q-Direct connect-DC2-H65,2705200
1081454,EC206B-QSM40Q-Direct connect-DC2-H65,2705200
1081985,EC206B-QSM40Q-Direct connect-DC2-H65,2705200
1082130,EC206B-QSM40Q-Direct connect-DC2-H65,2705200
1083877,EC206B-QSM40Q-Direct connect-DC2-H65,2705200
1084778,EC206B-QSM40Q-Direct connect-DC2-H65,2705200
1072603,EC206B-QSM40Q-Direct connect-ss0,2442900
1074317,EC206B-QSM40Q-Direct connect-ss0,2442900
1074619,EC206B-QSM40Q-Direct connect-ss0,2442900
1076255,EC206B-QSM40Q-Direct connect-ss0,2442900
1080953,EC206B-QSM40Q-Direct connect-ss0,2442900
1080981,EC206B-QSM40Q-Direct connect-ss0,2442900
1080996,EC206B-QSM40Q-Direct connect-ss0,2442900
1081647,EC206B-QSM40Q-Direct connect-ss0,2442900
1081721,EC206B-QSM40Q-Direct connect-ss0,2442900
1081828,EC206B-QSM40Q-Direct connect-ss0,2442900
1083047,EC206B-QSM40Q-Direct connect-ss0,2442900
1085357,EC206B-QSM40Q-Direct connect-ss0,2442900
1072713,EC206B-QSM40Q-Direct connect-ss9IQ,2442900
1072834,EC206B-QSM40Q-Direct connect-ss9IQ,2442900
1073334,EC206B-QSM40Q-Direct connect-ss9IQ,2442900
1074258,EC206B-QSM40Q-Direct connect-ss9IQ,2442900
1074465,EC206B-QSM40Q-Direct connect-ss9IQ,2442900
1076239,EC206B-QSM40Q-Direct connect-ss9IQ,2442900
1079638,EC206B-QSM40Q-Direct connect-ss9IQ,2442900
1082759,EC206B-QSM40Q-Direct connect-ss9IQ,2442900
1082778,EC206B-QSM40Q-Direct connect-ss9IQ,2442900
1082832,EC206B-QSM40Q-Direct connect-ss9IQ,2442900
1082994,EC206B-QSM40Q-Direct connect-ss9IQ,2442900
1084899,EC206B-QSM40Q-Direct connect-ss9IQ,2442900
1085250,EC206B-QSM40Q-Direct connect-ss9IQ,2442900
1081206,EC206B-QSM40Q-Direct connect-ss9IQ-H65,3018500
1082137,EC206B-QSM40Q-Direct connect-ss9IQ-H65,3018500
1072797,EC206B-QSM40Q-Direct connect-ss9SQ,2442900
1072817,EC206B-QSM40Q-Direct connect-ss9SQ,2442900
1074044,EC206B-QSM40Q-Direct connect-ss9SQ,2442900
1076197,EC206B-QSM40Q-Direct connect-ss9SQ,2442900
1077309,EC206B-QSM40Q-Direct connect-ss9SQ,2442900
1078176,EC206B-QSM40Q-Direct connect-ss9SQ,2442900
1079836,EC206B-QSM40Q-Direct connect-ss9SQ,2442900
1080496,EC206B-QSM40Q-Direct connect-ss9SQ,2442900
1081404,EC206B-QSM40Q-Direct connect-ss9SQ,2442900
1082179,EC206B-QSM40Q-Direct connect-ss9SQ,2442900
1082826,EC206B-QSM40Q-Direct connect-ss9SQ,2442900
1082975,EC206B-QSM40Q-Direct connect-ss9SQ,2442900
1083354,EC206B-QSM40Q-Direct connect-ss9SQ,2442900
1074488,EC206B-QSM40Q-Direct connect-ss9SQSG,2442900
1076626,EC206B-QSM40Q-Direct connect-ss9SQSG,2442900
1081313,EC206B-QSM40Q-Direct connect-ss9SQSG,2442900
1083878,EC206B-QSM40Q-Direct connect-ss9SQSG,2442900
1069770,EC206B-QSM40Q-QS40-DC2,2287000
1075303,EC206B-QSM40Q-QS40-DC2-H65,2549400
1069528,EC206B-QSM40Q-QS40-DC2-H65-T72,2549400
1084840,EC206B-QSM40Q-QS40-DC2-SignalWhiteRAL9003,2412000
1073290,EC206B-QSM40Q-QS40-DC2-T72,2549400
1084490,EC206B-QSM40Q-QS40-ss0,2287000
1077244,EC206B-QSM40Q-QS40-ss10,2287000
1071998,EC206B-QSM40Q-QS40-ss9IQ,2287000
1081774,EC206B-QSM40Q-QS40-ss9IQ AgateGreyRAL7038,2412000
1072037,EC206B-QSM40Q-QS40-ss9IQ-H65,2862600
1074233,EC206B-QSM40Q-QS40-ss9IQSG,2287000
1081743,EC206B-QSM40Q-QS40-ss9SQ,2287000
1084468,EC206BS-CW10-Direct connect-ss0,2709900
1084643,EC206BS-CW10-Direct connect-ss0,2709900
1084644,EC206BS-CW10-Direct connect-ss0,2709900
1082467,EC206BS-CW10-Direct connect-ss9IQ,2709900
1083588,EC206BS-CW10-Direct connect-ss9IQ,2709900
1082219,EC206BS-CW10GR10-Direct connect-DC2,3490700
1083587,EC206BS-CW10GR10-Direct connect-DC2,3490700
1082806,EC206BS-CW10GR10-Direct connect-ss0,3490700
1083089,EC206BS-CW10-Tilt.cyl-ss0,2554000
1083992,EC206BS-CW10-Tilt.cyl-ss9IQ,2554000
1085012,EC206BS-HYDS-Direct connect-ss0,2598800
1084363,EC206BS-HYDS-Direct connect-ss9IQ,2598800
1084364,EC206BS-HYDS-Direct connect-ss9IQ,2598800
1084178,EC206BS-HYDSGR10-Direct connect-DC2,3379600
1082930,EC206BS-HYDSGR10-Direct connect-ss9IQ,3379600
1083032,EC206BS-HYDSGR10-Direct connect-ss9IQ,3379600
1083481,EC206BS-HYDSGR10-Direct connect-ss9IQ,3379600
1084744,EC206BS-HYDS-HYD-ss9IQ,2442900
1075453,EC206BS-QSM40Q-Direct connect-DC2,2521600
1079960,EC206BS-QSM40Q-Direct connect-DC2,2521600
1081210,EC206BS-QSM40Q-Direct connect-DC2,2521600
1076956,EC206BS-QSM40Q-Direct connect-DC2-H65,2784000
1076965,EC206BS-QSM40Q-Direct connect-DC2-H65,2784000
1077701,EC206BS-QSM40Q-Direct connect-DC2-H65,2784000
1079101,EC206BS-QSM40Q-Direct connect-DC2-H65,2784000
1079172,EC206BS-QSM40Q-Direct connect-DC2-H65,2784000
1080318,EC206BS-QSM40Q-Direct connect-DC2-H65,2784000
1080954,EC206BS-QSM40Q-Direct connect-DC2-H65,2784000
1081637,EC206BS-QSM40Q-Direct connect-DC2-H65,2784000
1083482,EC206BS-QSM40Q-Direct connect-DC2-H65,2784000
1084265,EC206BS-QSM40Q-Direct connect-DC2-H65,2784000
1084613,EC206BS-QSM40Q-Direct connect-DC2-H65,2784000
1085438,EC206BS-QSM40Q-Direct connect-DC2-H65,2784000
1082070,EC206BS-QSM40Q-Direct Connect-DC3-H65,2842600
1082485,EC206BS-QSM40Q-Direct connect-ss0-H65,3097200
1083166,EC206BS-QSM40Q-Direct connect-ss9IQ,2521600
1083691,EC206BS-QSM40Q-Direct connect-SS9IQ,2521600
1083692,EC206BS-QSM40Q-Direct connect-ss9IQ,2521600
1083694,EC206BS-QSM40Q-Direct connect-SS9IQ,2521600
1084138,EC206BS-QSM40Q-Direct connect-ss9IQ,2521600
1082780,EC206BS-QSM40Q-Direct connect-SS9IQ-H65,3097200
1083132,EC206BS-QSM40Q-Direct connect-ss9IQ-H65,3097200
1079828,EC206BS-QSM40Q-Direct connect-ss9SQ,2521600
1080596,EC206BS-QSM40Q-Direct connect-ss9SQ,2521600
1076937,EC206BS-QSM40Q-Direct connect-ss9SQSG,2521600
1070310,EC206BS-QSM40Q-QS40-DC2,2365700
1069730,EC206BS-QSM40Q-QS40-DC2-H65,2628100
1066361,EC206BS-QSM40Q-QS40-DC2-H65-T57,2628100
1068693,EC206BS-QSM40Q-QS40-DC2-H65-T57,2628100
1083812,EC206BS-QSM40Q-QS40-DC2-H65-T57-TeleGrey2RAL7046,2753100
1082774,EC206BS-QSM40Q-QS40-DC2-H65-T57-YellowGreenRAL6018,2753100
1082068,EC206BS-QSM40Q-QS40-DC3-H65-T83,2686700
1081001,EC206BS-QSM40Q-QS40-ss10,2365700
1072000,EC206BS-QSM40Q-QS40-ss9IQ,2365700
1079291,EC206BU-//-//-//-OQ Grey RAL7022,1541700
1079723,EC206BU-//-//-//-ZD,1415100
1079238,EC206BU-//-//-//-ZD Agate Grey RAL7038,1541700
1076855,EC206BU-//-Direct connect-//,2546300
1083108,EC206-QS45GR10-Direct connect-DC2-H5,3626500
1060208,EC206-QS45GR10-QS45-DC2-H5-T19,3470700
1048412,EC206-QS45GR10-QS45-DC2-T19,2930880
1029589,EC206-QS45-QS45-ss9IQ,2427500
1065915,EC206-QS45-QS45-ss9IQ-H5,3003100
1026633,EC206-S40GR05-S40-DC2,3067900
1025274,EC206-S40-S40-DC2,1600300
1062860,EC206-S40SGR05-QS40-DC2,3067900
1063397,EC206-S40SGR05-QS40-DC2-T72,3330200
1062864,EC206-S40S-QS40-DC2,2287000
1062849,EC206-S40S-QS40-DC2-T57,2549400
1025528,"EC206-S45-Volvo EC45/50/55, ECR48/50/58-ss10",1868800
1064004,EC206U-//-//-//-OQ Grey RAL7022,1327200
1039144,EC209-//-Tilt.cyl-ss9IQ-24V,2020100
1068188,EC209B-QSM45Q-Direct connect-DC2-12V,3165100
1068514,EC209B-QSM45Q-Direct connect-DC2-12V,3165100
1068589,EC209B-QSM45Q-Direct connect-DC2-12V,3165100
1068666,EC209B-QSM45Q-Direct connect-DC2-12V,3165100
1068787,EC209B-QSM45Q-Direct connect-DC2-12V,3165100
1068926,EC209B-QSM45Q-Direct connect-DC2-12V,3165100
1068927,EC209B-QSM45Q-Direct connect-DC2-12V,3165100
1069115,EC209B-QSM45Q-Direct connect-DC2-12V,3165100
1069124,EC209B-QSM45Q-Direct connect-DC2-12V,3165100
1069169,EC209B-QSM45Q-Direct connect-DC2-12V,3165100
1069206,EC209B-QSM45Q-Direct connect-DC2-12V,3165100
1069245,EC209B-QSM45Q-Direct connect-DC2-12V,3165100
1069767,EC209B-QSM45Q-Direct connect-DC2-12V,3165100
1070780,EC209B-QSM45Q-Direct connect-DC2-12V,3165100
1071511,EC209B-QSM45Q-Direct connect-DC2-12V,3165100
1071544,EC209B-QSM45Q-Direct connect-DC2-12V,3165100
1071545,EC209B-QSM45Q-Direct connect-DC2-12V,3165100
1071855,EC209B-QSM45Q-Direct connect-DC2-12V,3165100
1072260,EC209B-QSM45Q-Direct connect-DC2-12V,3165100
1074545,EC209B-QSM45Q-Direct connect-DC2-12V,3165100
1074835,EC209B-QSM45Q-Direct connect-DC2-12V,3165100
1077802,EC209B-QSM45Q-Direct connect-DC2-12V,3165100
1078848,EC209B-QSM45Q-Direct connect-DC2-12V,3165100
1084376,EC209B-QSM45Q-Direct connect-DC2-12V,3165100
1081960,EC209B-QSM45Q-Direct connect-DC2-12V SilverRAL9006,3290100
1070621,EC209B-QSM45Q-Direct connect-DC2-12V-H48,3427500
1071955,EC209B-QSM45Q-Direct connect-DC2-12V-H48,3427500
1071984,EC209B-QSM45Q-Direct connect-DC2-12V-H48,3427500
1072223,EC209B-QSM45Q-Direct connect-DC2-12V-H48,3427500
1077689,EC209B-QSM45Q-Direct connect-DC2-12V-H48,3427500
1077856,EC209B-QSM45Q-Direct connect-DC2-12V-H48,3427500
1077889,EC209B-QSM45Q-Direct connect-DC2-12V-H48,3427500
1081632,EC209B-QSM45Q-Direct connect-DC2-12V-H48,3427500
1082595,EC209B-QSM45Q-Direct connect-DC2-12V-H48,3427500
1078372,EC209B-QSM45Q-Direct connect-DC2-12V-H48-Black RAL9005,3552500
1076737,EC209B-QSM45Q-Direct connect-DC2-12V-H50,3740700
1068169,EC209B-QSM45Q-Direct connect-DC2-24V,3165100
1068170,EC209B-QSM45Q-Direct connect-DC2-24V,3165100
1068823,EC209B-QSM45Q-Direct connect-DC2-24V,3165100
1070720,EC209B-QSM45Q-Direct connect-DC2-24V,3165100
1071140,EC209B-QSM45Q-Direct connect-DC2-24V,3165100
1074368,EC209B-QSM45Q-Direct connect-DC2-24V,3165100
1074631,EC209B-QSM45Q-Direct connect-DC2-24V,3165100
1068006,EC209B-QSM45Q-Direct connect-DC2-24V-H48,3427500
1069161,EC209B-QSM45Q-Direct connect-DC2-24V-H48,3427500
1069688,EC209B-QSM45Q-Direct connect-DC2-24V-H48,3427500
1071014,EC209B-QSM45Q-Direct connect-DC2-24V-H48,3427500
1072429,EC209B-QSM45Q-Direct connect-DC2-24V-H48,3427500
1079173,EC209B-QSM45Q-Direct connect-DC2-24V-H48,3427500
1081405,EC209B-QSM45Q-Direct connect-DC2-24V-H48,3427500
1079346,EC209B-QSM45Q-Direct connect-DC2-24V-H48-Black RAL9005,3552500
1075452,EC209B-QSM45Q-Direct connect-DC2-24V-H50,3740700
1075296,EC209B-QSM45Q-Direct connect-DC2-24V-H51,3740700
1067863,EC209B-QSM45Q-Direct connect-ss0,3165100
1070779,EC209B-QSM45Q-Direct connect-ss0,3165100
1074883,EC209B-QSM45Q-Direct connect-ss0,3165100
1074885,EC209B-QSM45Q-Direct connect-ss0,3165100
1075371,EC209B-QSM45Q-Direct connect-ss0,3165100
1077257,EC209B-QSM45Q-Direct connect-ss0,3165100
1084041,EC209B-QSM45Q-Direct connect-ss0,3165100
1085171,EC209B-QSM45Q-Direct connect-ss0,3165100
1067762,EC209B-QSM45Q-Direct connect-ss0-H48,3740700
1067961,EC209B-QSM45Q-Direct connect-ss0-H48,3740700
1067776,EC209B-QSM45Q-Direct connect-ss9IQ-12V,3165100
1067965,EC209B-QSM45Q-Direct connect-ss9IQ-12V,3165100
1069562,EC209B-QSM45Q-Direct connect-ss9IQ-12V,3165100
1069768,EC209B-QSM45Q-Direct connect-ss9IQ-12V,3165100
1072979,EC209B-QSM45Q-Direct connect-ss9IQ-12V,3165100
1074153,EC209B-QSM45Q-Direct connect-ss9IQ-12V,3165100
1079760,EC209B-QSM45Q-Direct connect-ss9IQ-12V,3165100
1081914,EC209B-QSM45Q-Direct connect-ss9IQ-12V,3165100
1082484,EC209B-QSM45Q-Direct connect-ss9IQ-12V,3165100
1068502,EC209B-QSM45Q-Direct connect-ss9IQ-24V,3165100
1068857,EC209B-QSM45Q-Direct connect-ss9IQ-24V,3165100
1078661,EC209B-QSM45Q-Direct connect-ss9IQ-24V,3165100
1079241,EC209B-QSM45Q-Direct connect-ss9IQ-24V,3165100
1081533,EC209B-QSM45Q-Direct connect-ss9IQ-24V,3165100
1070595,EC209B-QSM45Q-Direct connect-ss9SQ-12V,3165100
1072547,EC209B-QSM45Q-Direct connect-ss9SQ-24V,3165100
1077753,EC209B-QSM45Q-Direct connect-ss9SQ-24V,3165100
1080279,EC209B-QSM45Q-Direct connect-ss9SQST-12V-H48,3740700
1069075,EC209B-QSM45Q-QS45-DC2-12V,3009300
1077353,EC209B-QSM45Q-QS45-DC2-12V-H48,3271600
1068198,EC209B-QSM45Q-QS45-DC2-12V-H48-T51,3271600
1077374,EC209B-QSM45Q-QS45-DC2-12V-H48-T51-Black RAL9005,3396600
1072230,EC209B-QSM45Q-QS45-DC2-12V-H50-T65,3896600
1068799,EC209B-QSM45Q-QS45-DC2-12V-T51,3271600
1069076,EC209B-QSM45Q-QS45-DC2-24V,3009300
1068197,EC209B-QSM45Q-QS45-DC2-24V-H48-T51,3271600
1067962,EC209B-QSM45Q-QS45-DC2-24V-T51,3271600
1085064,EC209B-QSM45Q-QS45-DC2-24V-T51-WhiteRAL9003,3396600
1074521,EC209B-QSM45Q-QS45-ss0,3009300
1082167,EC209B-QSM45Q-QS45-ss10-24V,3009300
1074154,EC209B-QSM45Q-QS45-ss9IQ-12V,3009300
1068590,EC209B-QSM45Q-QS45-ss9IQ-24V,3009300
1080325,EC209B-QSM45Q-QS45-ss9SQST-12V-H48,3584900
1073282,EC209B-QSM50Q-Direct connect-DC2-12V,3165100
1076680,EC209B-QSM50Q-Direct connect-DC2-12V,3165100
1080674,EC209B-QSM50Q-Direct connect-DC2-12V,3165100
1084261,EC209B-QSM50Q-Direct connect-DC2-12V,3165100
1084898,EC209B-QSM50Q-Direct connect-DC2-12V,3165100
1083299,EC209B-QSM50Q-Direct connect-DC2-12V-H48,3427500
1077673,EC209B-QSM50Q-Direct connect-DC2-24V,3165100
1085056,EC209B-QSM50Q-Direct connect-DC2-24V,3165100
1072592,EC209B-QSM50Q-Direct connect-DC2-24V-H48,3427500
1079465,EC209B-QSM50Q-Direct connect-DC2-24V-H48,3427500
1073626,EC209B-QSM50Q-Direct connect-ss9IQ-12V,3165100
1076639,EC209B-QSM50Q-Direct connect-ss9IQ-12V,3165100
1079149,EC209B-QSM50Q-Direct connect-ss9IQ-12V,3165100
1079418,EC209B-QSM50Q-Direct connect-ss9IQ-12V,3165100
1074850,EC209B-QSM50Q-Direct connect-ss9IQ-24V,3165100
1077768,EC209B-QSM50Q-Direct connect-ss9IQ-24V,3165100
1069531,EC209B-QSM50Q-QS50-DC2-12V,3009300
1076666,EC209B-QSM50Q-QS50-DC2-12V-H48,3271600
1069532,EC209B-QSM50Q-QS50-DC2-12V-H48-T51,3271600
1081198,EC209B-QSM50Q-QS50-DC2-12V-H48-T51-Red RAL3020,3396600
1073936,EC209B-QSM50Q-QS50-DC2-12V-T51,3271600
1069534,EC209B-QSM50Q-QS50-DC2-24V,3009300
1080410,EC209B-QSM50Q-QS50-DC2-24V-H48,3271600
1069535,EC209B-QSM50Q-QS50-DC2-24V-H48-T51,3271600
1072581,EC209B-QSM50Q-QS50-DC2-24V-T51,3271600
1081543,EC209B-QSM50Q-QS50-ss0,3009300
1079825,EC209B-QSM50Q-QS50-ss10-12V,3009300
1078595,EC209B-QSM50Q-QS50-ss10-24V,3009300
1079479,EC209B-QSM50Q-QS50-ss9IQ-12V,3009300
1074255,EC209B-QSM50Q-QS50-ss9IQ-12V-H48,3584900
1069537,EC209B-QSM50Q-QS50-ss9IQ-24V,3009300
1081756,EC209B-QSM50Q-QS50-ss9IQSGSX-12V,3009300
1083230,EC209B-QSM50Q-QS50-ss9IQSX-12V,3009300
1083031,EC209BS-CW10 0°-CW10-ss0,3072500
1083973,EC209BS-CW10 0°-CW10-ss9IQ-12V,3072500
1083610,EC209BS-CW10 0°-Direct connect-DC3-24V,3305600
1083720,EC209BS-CW10 0°-Direct connect-ss0,3228400
1085132,EC209BS-CW10 0°-Direct connect-ss9IQ-12V,3228400
1085253,EC209BS-CW10 0°-Direct connect-ss9IQ-12V,3228400
1083306,EC209BS-CW10 0°-Direct connect-ss9IQ-24V,3228400
1083473,EC209BS-CW10 0°-Direct connect-ss9SQ-12V,3228400
1083839,EC209BS-CW10 0°-Direct connect-ss9SQ-12V,3228400
1085383,EC209BS-CW10 0°-Direct connect-ss9SQ-12V,3228400
1083440,EC209BS-CW10 0°-Direct connect-ss9SQ-24V,3228400
1085178,EC209BS-CW10 0°-Direct connect-ss9SQ-24V,3228400
1083025,EC209BS-CW10GR10 0°-CW10-DC2-12V,4010800
1084137,EC209BS-CW10GR10 0°-Direct connect-DC2-12V,4166700
1083223,EC209BS-CW10GR10 0°-Direct connect-DC2-24V,4166700
1084250,EC209BS-CW10GR10 0°-Direct connect-DC2-24V,4166700
1084242,EC209BS-CW10GR10 0°-Direct connect-ss9IQ-12V,4166700
1083964,EC209BS-CW10GR10 0°-Direct connect-ss9IQ-24V,4166700
1084155,EC209BS-CW10GR10 0°-Direct connect-ss9IQ-24V,4166700
1083326,EC209BS-CW10GR10 0°-Direct connect-ss9SQSG-24V,4166700
1082766,EC209BS-HYDS-Direct connect-DC2-12V,3321000
1082798,EC209BS-HYDS-Direct connect-DC2-12V,3321000
1083777,EC209BS-HYDS-Direct connect-DC2-12V,3321000
1084426,EC209BS-HYDS-Direct connect-DC2-24V,3321000
1082246,EC209BS-HYDS-Direct connect-ss0,3321000
1083312,EC209BS-HYDS-Direct connect-ss0,3321000
1083165,EC209BS-HYDS-Direct connect-ss9IQ-12V,3321000
1083847,EC209BS-HYDS-Direct connect-ss9IQ-12V,3321000
1083742,EC209BS-HYDS-Direct connect-ss9IQ-24V-Black RAL9005,3446000
1080887,EC209BS-HYDSGR10-Direct connect-DC2-12V,4259300
1080889,EC209BS-HYDSGR10-Direct connect-DC2-12V,4259300
1080921,EC209BS-HYDSGR10-Direct connect-DC2-12V,4259300
1080923,EC209BS-HYDSGR10-Direct connect-DC2-12V,4259300
1080945,EC209BS-HYDSGR10-Direct connect-DC2-12V,4259300
1080951,EC209BS-HYDSGR10-Direct connect-DC2-12V,4259300
1082575,EC209BS-HYDSGR10-Direct connect-DC2-12V,4259300
1083991,EC209BS-HYDSGR10-Direct connect-DC2-12V,4259300
1084216,EC209BS-HYDSGR10-Direct connect-DC2-12V,4259300
1084611,EC209BS-HYDSGR10-Direct connect-DC2-12V,4259300
1084323,EC209BS-HYDSGR10-Direct connect-DC2-12V-Black RAL9005,4384300
1080950,EC209BS-HYDSGR10-Direct connect-DC2-24V,4259300
1081471,EC209BS-HYDSGR10-Direct connect-DC2-24V,4259300
1082346,EC209BS-HYDSGR10-Direct connect-DC2-24V,4259300
1082453,EC209BS-HYDSGR10-Direct connect-DC2-24V,4259300
1084260,EC209BS-HYDSGR10-Direct connect-DC2-24V,4259300
1080956,EC209BS-HYDSGR10-Direct connect-DC2-24V-Black RAL9005,4384300
1085440,EC209BS-HYDSGR10-Direct connect-ss0,4259300
1080906,EC209BS-HYDSGR10-Direct connect-ss9IQ-12V,4259300
1080944,EC209BS-HYDSGR10-Direct connect-ss9IQ-12V,4259300
1081106,EC209BS-HYDSGR10-Direct connect-ss9IQ-12V,4259300
1081244,EC209BS-HYDSGR10-Direct connect-ss9IQ-12V,4259300
1081358,EC209BS-HYDSGR10-Direct connect-ss9IQ-12V,4259300
1084489,EC209BS-HYDSGR10-Direct connect-ss9IQ-12V,4259300
1081032,EC209BS-HYDSGR10-Direct connect-ss9IQ-24V,4259300
1080691,EC209BS-HYDSGR10-Direct connect-ss9IQ-24V-Black RAL9005,4384300
1082307,EC209BS-HYDSGR10-Direct connect-ss9IQSG-12V,4259300
1080870,EC209BS-HYDSGR10-Direct connect-ss9SQST-12V,4259300
1081274,EC209BS-HYDSGR10-Direct connect-ss9SQST-12V,4259300
1080888,EC209BS-HYDSGR10-Direct connect-ss9SQST-24V,4259300
1080531,EC209BS-HYDSGR10-HYD-DC2-12V,4103400
1082475,EC209BS-HYDSGR10-HYD-DC2-24V,4103400
1080959,EC209BS-HYDSGR10-HYD-DC2-24V-Black RAL9005,4228400
1082174,EC209BS-HYDSGR10-HYD-ss9IQ-12V,4103400
1082413,EC209BS-HYDSGR10-HYD-ss9IQ-24V,4103400
1080948,EC209BS-HYDSGR10-HYD-ss9IQ-24V-Black RAL9005,4228400
1082490,EC209BS-HYDS-HYD-ss0,3165100
1083225,EC209BS-HYDS-HYD-ss9IQ-12V,3165100
1081953,EC209BS-QS50Q-Direct connect-DC3-24V-H48,3583300
1068173,EC209BS-QSM45Q-Direct connect-DC2-12V,3243800
1068308,EC209BS-QSM45Q-Direct connect-DC2-12V,3243800
1069165,EC209BS-QSM45Q-Direct connect-DC2-12V,3243800
1069287,EC209BS-QSM45Q-Direct connect-DC2-12V,3243800
1069567,EC209BS-QSM45Q-Direct connect-DC2-12V,3243800
1070224,EC209BS-QSM45Q-Direct connect-DC2-12V,3243800
1070760,EC209BS-QSM45Q-Direct connect-DC2-12V,3243800
1070954,EC209BS-QSM45Q-Direct connect-DC2-12V,3243800
1072525,EC209BS-QSM45Q-Direct connect-DC2-12V,3243800
1073038,EC209BS-QSM45Q-Direct connect-DC2-12V,3243800
1073783,EC209BS-QSM45Q-Direct connect-DC2-12V,3243800
1074822,EC209BS-QSM45Q-Direct connect-DC2-12V,3243800
1077865,EC209BS-QSM45Q-Direct connect-DC2-12V,3243800
1069547,EC209BS-QSM45Q-Direct connect-DC2-12V-H48,3506200
1071982,EC209BS-QSM45Q-Direct connect-DC2-12V-H48,3506200
1072267,EC209BS-QSM45Q-Direct connect-DC2-12V-H48,3506200
1072988,EC209BS-QSM45Q-Direct connect-DC2-12V-H48,3506200
1073331,EC209BS-QSM45Q-Direct connect-DC2-12V-H48,3506200
1075403,EC209BS-QSM45Q-Direct connect-DC2-12V-H48,3506200
1076903,EC209BS-QSM45Q-Direct connect-DC2-12V-H48,3506200
1077680,EC209BS-QSM45Q-Direct connect-DC2-12V-H48,3506200
1078300,EC209BS-QSM45Q-Direct connect-DC2-12V-H48,3506200
1079945,EC209BS-QSM45Q-Direct connect-DC2-12V-H48,3506200
1080886,EC209BS-QSM45Q-Direct connect-DC2-12V-H48,3506200
1080963,EC209BS-QSM45Q-Direct connect-DC2-12V-H48,3506200
1081396,EC209BS-QSM45Q-Direct connect-DC2-12V-H48,3506200
1082722,EC209BS-QSM45Q-Direct connect-DC2-12V-H48,3506200
1079217,EC209BS-QSM45Q-Direct connect-DC2-12V-H48-Black RAL9005,3631200
1084378,EC209BS-QSM45Q-Direct connect-DC2-12V-H48-BloodOrangeRAL2002,3631200
1073724,EC209BS-QSM45Q-Direct connect-DC2-12V-H48-SilverRAL9006,3631200
1074218,EC209BS-QSM45Q-Direct connect-DC2-12V-H50,3819400
1076504,EC209BS-QSM45Q-Direct connect-DC2-12V-H51,3819400
1077734,EC209BS-QSM45Q-Direct connect-DC2-12V-H51,3819400
1077822,EC209BS-QSM45Q-Direct connect-DC2-12V-H51,3819400
1068692,EC209BS-QSM45Q-Direct connect-DC2-24V,3243800
1068895,EC209BS-QSM45Q-Direct connect-DC2-24V,3243800
1068978,EC209BS-QSM45Q-Direct connect-DC2-24V,3243800
1071046,EC209BS-QSM45Q-Direct connect-DC2-24V,3243800
1082504,EC209BS-QSM45Q-Direct connect-DC2-24V,3243800
1084511,EC209BS-QSM45Q-Direct connect-DC2-24V,3243800
1080980,EC209BS-QSM45Q-Direct connect-DC2-24V-Black RAL9005,3368800
1068483,EC209BS-QSM45Q-Direct connect-DC2-24V-H48,3506200
1070098,EC209BS-QSM45Q-Direct connect-DC2-24V-H48,3506200
1072642,EC209BS-QSM45Q-Direct connect-DC2-24V-H48,3506200
1079174,EC209BS-QSM45Q-Direct connect-DC2-24V-H48,3506200
1080424,EC209BS-QSM45Q-Direct connect-DC2-24V-H48,3506200
1080823,EC209BS-QSM45Q-Direct connect-DC2-24V-H48,3506200
1083913,EC209BS-QSM45Q-Direct connect-DC2-24V-H48,3506200
1076002,EC209BS-QSM45Q-Direct connect-DC2-24V-H50,3819400
1085351,EC209BS-QSM45Q-Direct connect-DC3-12V,3321000
1082565,EC209BS-QSM45Q-Direct connect-DC3-12V-H48,3583300
1078589,EC209BS-QSM45Q-Direct connect-DC3-24V-H48,3583300
1080972,EC209BS-QSM45Q-Direct connect-DC3-24V-H48,3583300
1083417,EC209BS-QSM45Q-Direct connect-DC3-24V-H48,3583300
1083824,EC209BS-QSM45Q-Direct connect-DC3-24V-H48,3583300
1083953,EC209BS-QSM45Q-Direct connect-DC3-24V-H48,3583300
1072727,EC209BS-QSM45Q-Direct connect-ss0-H48,3819400
1068230,EC209BS-QSM45Q-Direct connect-ss9IQ-12V,3243800
1068788,EC209BS-QSM45Q-Direct connect-ss9IQ-12V,3243800
1069083,EC209BS-QSM45Q-Direct connect-ss9IQ-12V,3243800
1072746,EC209BS-QSM45Q-Direct connect-ss9IQ-12V,3243800
1074803,EC209BS-QSM45Q-Direct connect-ss9IQ-12V,3243800
1078341,EC209BS-QSM45Q-Direct connect-ss9IQ-12V,3243800
1079961,EC209BS-QSM45Q-Direct connect-ss9IQ-12V,3243800
1077262,EC209BS-QSM45Q-Direct connect-ss9IQ-12V-H48,3819400
1083832,EC209BS-QSM45Q-Direct connect-ss9IQ-12V-H48,3819400
1074481,EC209BS-QSM45Q-Direct connect-ss9IQ-24V,3243800
1074703,EC209BS-QSM45Q-Direct connect-ss9IQ-24V,3243800
1077944,EC209BS-QSM45Q-Direct connect-ss9IQ-24V,3243800
1081390,EC209BS-QSM45Q-Direct connect-ss9IQ-24V,3243800
1082962,EC209BS-QSM45Q-Direct connect-ss9IQ-24V,3243800
1082327,EC209BS-QSM45Q-Direct connect-ss9IQ-24V-H48,3819400
1068546,EC209BS-QSM45Q-Direct connect-ss9SQ-12V,3243800
1073543,EC209BS-QSM45Q-Direct connect-ss9SQ-12V,3243800
1073633,EC209BS-QSM45Q-Direct connect-ss9SQ-12V,3243800
1074860,EC209BS-QSM45Q-Direct connect-ss9SQ-12V,3243800
1076347,EC209BS-QSM45Q-Direct connect-ss9SQ-12V,3243800
1080411,EC209BS-QSM45Q-Direct connect-ss9SQ-12V,3243800
1081550,EC209BS-QSM45Q-Direct connect-ss9SQ-12V,3243800
1082913,EC209BS-QSM45Q-Direct connect-ss9SQ-12V,3243800
1083355,EC209BS-QSM45Q-Direct connect-ss9SQ-12V,3243800
1085243,EC209BS-QSM45Q-Direct connect-ss9SQ-12V,3243800
1085439,EC209BS-QSM45Q-Direct connect-ss9SQ-12V,3243800
1074827,EC209BS-QSM45Q-Direct connect-ss9SQ-12V-H48,3819400
1070900,EC209BS-QSM45Q-Direct connect-ss9SQ-24V,3243800
1074886,EC209BS-QSM45Q-Direct connect-ss9SQSG-12V,3243800
1079406,EC209BS-QSM45Q-Direct connect-ss9SQSG-12V,3243800
1080326,EC209BS-QSM45Q-Direct connect-ss9SQSG-12V,3243800
1081002,EC209BS-QSM45Q-Direct connect-ss9SQSG-12V,3243800
1072469,EC209BS-QSM45Q-Direct connect-ss9SQSG-24V,3243800
1077124,EC209BS-QSM45Q-Direct connect-ss9SQSG-24V-H48,3819400
1067735,EC209BS-QSM45Q-QS45-DC2-12V,3088000
1067476,EC209BS-QSM45Q-QS45-DC2-12V-H48,3350300
1067734,EC209BS-QSM45Q-QS45-DC2-12V-H48-T51,3350300
1081355,EC209BS-QSM45Q-QS45-DC2-12V-H48-T51-BlackRAL9005,3475300
1084638,EC209BS-QSM45Q-QS45-DC2-12V-H48-T51-BlueRAL5002,3475300
1069725,EC209BS-QSM45Q-QS45-DC2-12V-H48-T51-SilverRAL9006,3475300
1067467,EC209BS-QSM45Q-QS45-DC2-12V-H50-T51,3663600
1072910,EC209BS-QSM45Q-QS45-DC2-12V-H50-T65,3975300
1067858,EC209BS-QSM45Q-QS45-DC2-12V-T51,3350300
1067472,EC209BS-QSM45Q-QS45-DC2-24V,3088000
1067465,EC209BS-QSM45Q-QS45-DC2-24V-H48-T51,3350300
1079320,EC209BS-QSM45Q-QS45-DC2-24V-H48-T51-Black RAL9005,3475300
1079243,EC209BS-QSM45Q-QS45-DC2-24V-H48-T51-WhiteRAL9016,3475300
1068161,EC209BS-QSM45Q-QS45-DC2-24V-T51,3350300
1080090,EC209BS-QSM45Q-QS45-DC2-24V-T51-Black RAL9005,3475300
1081348,EC209BS-QSM45Q-QS45-DC3-12V-H48-T76,3427500
1076031,EC209BS-QSM45Q-QS45-DC3-24V-H48-T76,3427500
1081345,EC209BS-QSM45Q-QS45-DC3-24V-H48-T76-Black RAL9005,3552500
1083173,EC209BS-QSM45Q-QS45-ss0,3088000
1077684,EC209BS-QSM45Q-QS45-ss10-12V-H48-T58,4288600
1068602,EC209BS-QSM45Q-QS45-ss9IQ-12V,3088000
1069143,EC209BS-QSM45Q-QS45-ss9IQ-24V,3088000
1078590,EC209BS-QSM45Q-QS45-ss9IQ-24V-Black RAL9005,3213000
1072913,EC209BS-QSM45Q-QS45-ss9IQ-24V-H48-T58,4288600
1074807,EC209BS-QSM45Q-QS45-ss9IQ-24V-PlatinumGreyRAL7036,3213000
1079919,EC209BS-QSM45Q-QS45-ss9IQSG-12V,3088000
1068797,EC209BS-QSM45Q-QS45-ss9SQ-12V,3088000
1082770,EC209BS-QSM45Q-QS45-ss9SQ-24V,3088000
1079915,EC209BS-QSM45Q-QS45-ss9SQSG-12V,3088000
1076546,EC209BS-QSM45Q-QS45-ss9SQSG-24V,3088000
1078676,EC209BS-QSM45Q-QS45-ss9SQSX-24V,3088000
1074319,EC209BS-QSM50Q-Direct connect-DC2-24V,3243800
1085322,EC209BS-QSM50Q-Direct connect-DC2-24V,3243800
1085323,EC209BS-QSM50Q-Direct connect-DC3-24V,3243800
1084304,EC209BS-QSM50Q-Direct connect-ss0,3243800
1069647,EC209BS-QSM50Q-QS50-DC2-12V,3088000
1069649,EC209BS-QSM50Q-QS50-DC2-12V-H48-T51,3350300
1069652,EC209BS-QSM50Q-QS50-DC2-24V,3088000
1069653,EC209BS-QSM50Q-QS50-DC2-24V-H48-T51,3350300
1077884,EC209BS-QSM50Q-QS50-DC2-24V-T51,3350300
1083366,EC209BS-QSM50Q-QS50-DC3-12V-H48-T76,3427500
1085059,EC209BS-QSM50Q-QS50-DC3-12V-H48-T76-BlackRAL9005,3552500
1076782,EC209BS-QSM50Q-QS50-DC3-24V-H48-T76,3427500
1069655,EC209BS-QSM50Q-QS50-ss9IQ-12V,3088000
1069656,EC209BS-QSM50Q-QS50-ss9IQ-24V,3088000
1079196,EC209BU-//-//-//-OQ Grey RAL7022,1541700
1079724,EC209BU-//-//-//-ZD,1415100
1079008,EC209BU-//-//-//-ZD Agate Grey RAL7038,1541700
1060549,EC209PS-QSM45-QS45-DC2-12V-H48-T51,3118800
1065916,EC209-QSM45Q-QS45-ss9IQ-12V-H48,3168200
1060099,EC209-QSM45-QS45-DC2-12V-T51,3271600
1060129,EC209-QSM45-QS45-DC2-24V-H48-T51,3271600
1046384,EC214-//-QS60-DC2-T1,2092600
1060167,EC214PS-QSM60Q-QS60-DC2-H28-T1,3546300
1035599,EC214-QS45-QS45-ss5-12V,3760800
1060143,EC214-QSM60-QS60-DC2-H28-T1,3853400
1077472,EC214S-//-Direct connect-DC2SIQ-24V,3449100
1078226,EC214S-//-Direct connect-DC2SIQ-24V,3405900
1077473,EC214S-//-Direct connect-ss9SIQ-24V,3449100
1079177,EC214S-//-Direct connect-ss9SQ-24V,3449100
1079472,EC214S-//-Direct connect-ss9SQ-24V,3449100
1026575,EC214-S60GR20-QS60-SVAB-TECO7,2854900
1080076,EC214S-CW30QSM 0°-Direct connect-DC2-24V,3979900
1084487,EC214S-CW30QSM 0°-Direct connect-DC2-24V,3979900
1082637,EC214S-CW30QSM 0°-Direct connect-ss9SQ-24V,3979900
1082860,EC214S-CW30QSM 0°-Direct connect-ss9SQ-24V,3979900
1083376,EC214S-CW30QSM 0°-Direct connect-ss9SQ-24V,3979900
1084824,EC214S-CW30QSM 0°-Direct connect-ss9SQ-24V,3979900
1083020,EC214S-CW30QSMGR20 0°-Direct connect-DC2-24V,4918200
1083589,EC214S-CW30QSMGR20 0°-Direct connect-DC2-24V,4918200
1084049,EC214S-CW30QSMGR20 0°-Direct connect-DC2-24V,4918200
1084488,EC214S-CW30QSMGR20 0°-Direct connect-DC3-24V,5456800
1085377,EC214S-CW30QSMGR20 0°-Direct connect-DC3-24V,5456800
1082633,EC214S-CW30QSMGR20 0°-Direct connect-ss9SQ-24V,4918200
1077637,EC214S-QS45GR20R2-Direct connect-ss9SQ-24V,5120400
1083879,EC214S-QS45GR20R2-QS45-ss9IQ-24V-H5-T25,5824100
1084416,EC214S-QS45GR20R2-QS45-ss9IQST-24V,4885800
1076026,EC214S-QS45GR20R2-QS45-ss9SQST-24V,4885800
1077408,EC214S-QS50GR20-QS50-ss9SQ 24V,20810
1082934,EC214S-QS50GR20-QS50-ss9SQSG-24V,4722200
1074232,EC214S-QS60GR20R2-Direct connect-ss9SQSG-24V,5213000
1084992,EC214S-QS60GR20R2-Direct connect-ss9SQST-24V,5541700
1075447,EC214S-QS60GR20R2-QS60-DC2-24V,4978400
1069084,EC214S-QS60GR20R2-QS60-DC2-24V-H2-T1,4978400
1070325,EC214S-QSD45Q-Direct connect-DC2-12V,3995400
1072191,EC214S-QSD45Q-Direct connect-DC2-12V,3995400
1076644,EC214S-QSD45Q-Direct connect-DC2-12V-H5,3995400
1071554,EC214S-QSD45Q-Direct connect-DC2-24V,3995400
1072554,EC214S-QSD45Q-Direct connect-DC2-24V,3995400
1085427,EC214S-QSD45Q-Direct connect-DC3-24V,4534000
1068235,EC214S-QSD45Q-Direct connect-ss0,3995400
1074291,EC214S-QSD45Q-Direct connect-ss9IQ-24V,3995400
1079863,EC214S-QSD45Q-Direct connect-ss9IQ-24V-Black RAL9005,4120400
1072194,EC214S-QSD45Q-Direct connect-ss9SQ-24V,3995400
1077686,EC214S-QSD45Q-Direct connect-ss9SQ-24V,3995400
1075299,EC214S-QSD45Q-Direct connect-ss9SQST-24V,3995400
1081400,EC214S-QSD45Q-Direct connect-ss9SQST-24V,3995400
1082127,EC214S-QSD45Q-Direct connect-ss9SQST-24V,3995400
1077568,EC214S-QSD45Q-Direct connect-ss9SQST-H5-24V,4308600
1084051,EC214S-QSD45Q-Direct connect-ss9SQST-H5-24V-Black RAL9005,4433600
1067414,EC214S-QSD45Q-QS45-DC2-12V,3760800
1067439,EC214S-QSD45Q-QS45-DC2-12V-H5-T6,3760800
1079270,EC214S-QSD45Q-QS45-DC2-12V-H5-T6-Black RAL9005,3885800
1067416,EC214S-QSD45Q-QS45-DC2-12V-T6,3760800
1067438,EC214S-QSD45Q-QS45-DC2-24V,3760800
1070839,EC214S-QSD45Q-QS45-DC2-24V-H5,3760800
1080018,EC214S-QSD45Q-QS45-DC2-24V-H5-T6,3760800
1068521,EC214S-QSD45Q-QS45-DC2-24V-T6,3760800
1080869,EC214S-QSD45Q-QS45-DC3-24V-H5-T85,4299400
1068241,EC214S-QSD45Q-QS45-ss9IQ-24V,3760800
1079866,EC214S-QSD45Q-QS45-ss9IQ-24V-BlackRAL9005,3885800
1072175,EC214S-QSD45Q-QS45-ss9IQ-24V-H5,4074100
1079906,EC214S-QSD45Q-QS45-ss9IQ-24V-H5-Black RAL9005,4199100
1070858,EC214S-QSD45Q-QS45-ss9IQ-24V-H5-T25,4699100
1077642,EC214S-QSD45Q-QS45-ss9IQSX-24V,3760800
1068827,EC214S-QSD45Q-QS45-ss9SQ-24V,3760800
1070583,EC214S-QSM60Q-Direct connect-DC2-12V-H28,4088000
1075345,EC214S-QSM60Q-Direct connect-DC2-12V-H28,4088000
1067872,EC214S-QSM60Q-Direct connect-DC2-24V,4088000
1067886,EC214S-QSM60Q-Direct connect-DC2-24V,4088000
1068047,EC214S-QSM60Q-Direct connect-DC2-24V,4088000
1068640,EC214S-QSM60Q-Direct connect-DC2-24V,4088000
1069156,EC214S-QSM60Q-Direct connect-DC2-24V,4088000
1069173,EC214S-QSM60Q-Direct connect-DC2-24V,4088000
1069371,EC214S-QSM60Q-Direct connect-DC2-24V,4088000
1070286,EC214S-QSM60Q-Direct connect-DC2-24V,4088000
1070861,EC214S-QSM60Q-Direct connect-DC2-24V,4088000
1071064,EC214S-QSM60Q-Direct connect-DC2-24V,4088000
1071226,EC214S-QSM60Q-Direct connect-DC2-24V,4088000
1071615,EC214S-QSM60Q-Direct connect-DC2-24V,4088000
1071673,EC214S-QSM60Q-Direct connect-DC2-24V,4088000
1072799,EC214S-QSM60Q-Direct connect-DC2-24V,4088000
1075292,EC214S-QSM60Q-Direct connect-DC2-24V,4088000
1077274,EC214S-QSM60Q-Direct connect-DC2-24V,4088000
1069160,EC214S-QSM60Q-Direct connect-DC2-24V-H28,4088000
1071612,EC214S-QSM60Q-Direct connect-DC2-24V-H28,4088000
1073305,EC214S-QSM60Q-Direct connect-DC2-24V-H28,4088000
1073483,EC214S-QSM60Q-Direct connect-DC2-24V-H28,4088000
1076404,EC214S-QSM60Q-Direct connect-DC2-24V-H28,4088000
1077057,EC214S-QSM60Q-Direct connect-DC2-24V-H28,4088000
1077500,EC214S-QSM60Q-Direct connect-DC2-24V-H28,4088000
1077755,EC214S-QSM60Q-Direct connect-DC2-24V-H28,4088000
1077973,EC214S-QSM60Q-Direct connect-DC2-24V-H28,4088000
1079075,EC214S-QSM60Q-Direct connect-DC2-24V-H28,4088000
1079175,EC214S-QSM60Q-Direct connect-DC2-24V-H28,4088000
1079200,EC214S-QSM60Q-Direct connect-DC2-24V-H28,4088000
1080480,EC214S-QSM60Q-Direct connect-DC2-24V-H28,4088000
1082562,EC214S-QSM60Q-Direct connect-DC2-24V-H28,4088000
1082863,EC214S-QSM60Q-Direct connect-DC2-24V-H28,4088000
1084319,EC214S-QSM60Q-Direct connect-DC2-24V-H28,4088000
1084554,EC214S-QSM60Q-Direct connect-DC2-24V-H28,4088000
1084976,EC214S-QSM60Q-Direct connect-DC2-24V-H28,4088000
1078371,EC214S-QSM60Q-Direct connect-DC2-24V-H28-Black RAL9005,4213000
1069375,EC214S-QSM60Q-Direct connect-DC2-24V-H38,4416700
1068907,EC214S-QSM60Q-Direct connect-DC2-24V-H45,4416700
1078910,EC214S-QSM60Q-Direct connect-DC2-24V-H45,4416700
1074861,EC214S-QSM60Q-Direct connect-DC2-24V-White RAL9010,4213000
1079865,EC214S-QSM60Q-Direct connect-DC3-24V,4626500
1080027,EC214S-QSM60Q-Direct connect-DC3-24V,4626500
1080070,EC214S-QSM60Q-Direct connect-DC3-24V-H28,4626500
1080267,EC214S-QSM60Q-Direct connect-DC3-24V-H28,4626500
1080973,EC214S-QSM60Q-Direct connect-DC3-24V-H28,4626500
1083823,EC214S-QSM60Q-Direct connect-DC3-24V-H28,4626500
1084907,EC214S-QSM60Q-Direct connect-DC3-24V-H28,4626500
1083821,EC214S-QSM60Q-Direct connect-ss0,4088000
1084026,EC214S-QSM60Q-Direct connect-ss0,4088000
1084371,EC214S-QSM60Q-Direct connect-ss9IQ-12V-H28,4416700
1067893,EC214S-QSM60Q-Direct connect-ss9IQ-24V,4088000
1068098,EC214S-QSM60Q-Direct connect-ss9IQ-24V,4088000
1075318,EC214S-QSM60Q-Direct connect-ss9IQ-24V,4088000
1079089,EC214S-QSM60Q-Direct connect-ss9IQ-24V,4088000
1083576,EC214S-QSM60Q-Direct connect-ss9IQ-24V,4088000
1067758,EC214S-QSM60Q-Direct connect-ss9SQ-24V,4088000
1069906,EC214S-QSM60Q-Direct connect-ss9SQ-24V,4088000
1077502,EC214S-QSM60Q-Direct connect-ss9SQ-24V,4088000
1080074,EC214S-QSM60Q-Direct connect-ss9SQST-24V,4088000
1081399,EC214S-QSM60Q-Direct connect-ss9SQST-24V,4088000
1069021,EC214S-QSM60Q-Direct connect-ss9SQST-24V-H28,4416700
1074817,EC214S-QSM60Q-Direct connect-ss9SQST-24V-H45,4743800
1081062,EC214S-QSM60Q-Direct connect-ss9SQST-24V-H45-Black RAL9005,4868800
1072308,EC214S-QSM60Q-Direct connect-ss9SQST-24V-H45-Curacau Blue Me,4868800
1067445,EC214S-QSM60Q-QS60-DC2-12V,3853400
1069153,EC214S-QSM60Q-QS60-DC2-12V-H28,3853400
1069176,EC214S-QSM60Q-QS60-DC2-12V-H28-T1,3853400
1078581,EC214S-QSM60Q-QS60-DC2-12V-T1,3853400
1067973,EC214S-QSM60Q-QS60-DC2-24V,3853400
1067736,EC214S-QSM60Q-QS60-DC2-24V-H28,3853400
1067444,EC214S-QSM60Q-QS60-DC2-24V-H28-T1,3853400
1071299,EC214S-QSM60Q-QS60-DC2-24V-H28-T1-Black RAL9005,3978400
1082164,EC214S-QSM60Q-QS60-DC2-24V-H28-T1-Blue RAL5002,3978400
1076533,EC214S-QSM60Q-QS60-DC2-24V-H28-T1-Silver RAL9006,3978400
1078349,EC214S-QSM60Q-QS60-DC2-24V-H28-T1-White RAL9010,3978400
1084762,EC214S-QSM60Q-QS60-DC2-24V-H28-T37,4182100
1069141,EC214S-QSM60Q-QS60-DC2-24V-H45-T37,4509300
1067447,EC214S-QSM60Q-QS60-DC2-24V-T1,3853400
1082809,EC214S-QSM60Q-QS60-DC2-24V-T1-White RAL9010,3978400
1080147,EC214S-QSM60Q-QS60-DC3-24V,4392000
1075311,EC214S-QSM60Q-QS60-DC3-24V-H28-T70,4392000
1084938,EC214S-QSM60Q-QS60-DC3-24V-H28-T91,4720700
1068002,EC214S-QSM60Q-QS60-ss0,3853400
1069022,EC214S-QSM60Q-QS60-ss10-24V,3853400
1068504,EC214S-QSM60Q-QS60-ss9IQ-24V,3853400
1071005,EC214S-QSM60Q-QS60-ss9IQ-24V-H28-T10,4838000
1064023,EC214U-//-//-//-OQ Grey RAL7022,1770100
1081038,EC214US-//-//-//-OQ Grey RAL7022,1760800
1081022,EC214US-//-//-//-ZD,1760800
1066123,EC214UW-//-//-//-OQ Grey RAL7022,1770100
1029934,EC219-//-QS60-SVAB-TECO7,2509300
1043674,EC219PS-QSD60Q-QS60-DC2-H2-T1,3342600
1035134,EC219PS-QSD60-QS60-DC2,3202200
1052623,EC219PS-QSM60Q-QS60-DC2-H28-T1,3422800
1060158,EC219PS-QSM60Q-QS60-DC2-H28-T1,3816400
1060266,EC219PS-QSM60-QS60-DC2-H28-T1,3969100
1038656,EC219-QSD60Q-QS60-ss10,3714500
1064382,EC219-QSM60Q-Atlas 1204-1604/Terex TW140/150/160 CC290:8T-DC,4709900
1049884,EC219-QSM60Q-QS60-DC2-H28-T1,4146600
1052621,EC219-QSM60Q-QS60-DC2-H28-T1,4146600
1060151,EC219-QSM60-QS60-DC2,4146600
1060259,EC219-QSM60-QS60-DC2-H28-T1,4146600
1078225,EC219S-//-Direct connect-DC2SIQ,3813300
1078393,EC219S-//-Direct connect-DC2SIQ,3813300
1079178,EC219S-//-Direct connect-ss9SQ,3813300
1068101,EC219S-CW30GR20 0°-Direct connect-DC2,5196000
1081578,EC219S-CW30QSM 0°-Direct connect-DC2,4257700
1083117,EC219S-CW30QSM 0°-Direct connect-DC2,4257700
1083852,EC219S-CW30QSM 0°-Direct connect-DC2,4257700
1084194,EC219S-CW30QSM 0°-Direct connect-DC2,4257700
1084195,EC219S-CW30QSM 0°-Direct connect-DC2,4257700
1084764,EC219S-CW30QSM 0°-Direct connect-DC2,4257700
1085473,EC219S-CW30QSM 0°-Direct connect-DC2,4257700
1083963,EC219S-CW30QSM 0°-Direct connect-DC3,4797800
1084161,EC219S-CW30QSM 0°-Direct connect-DC3,4797800
1084241,EC219S-CW30QSM 0°-Direct connect-DC3,4797800
1084524,EC219S-CW30QSM 0°-Direct connect-DC3,4797800
1081785,EC219S-CW30QSM 0°-Direct connect-ss0,4257700
1080028,EC219S-CW30QSM 0°-Direct connect-ss9IQ,4257700
1081824,EC219S-CW30QSM 0°-Direct connect-ss9IQ,4257700
1082064,EC219S-CW30QSM 0°-Direct connect-ss9IQ,4257700
1083156,EC219S-CW30QSM 0°-Direct connect-ss9IQ,4257700
1082175,EC219S-CW30QSM 0°-Direct connect-ss9IQSX,4257700
1081646,EC219S-CW30QSM 0°-Direct connect-ss9SQ,4257700
1081784,EC219S-CW30QSM 0°-Direct connect-ss9SQ,4257700
1082267,EC219S-CW30QSM 0°-Direct connect-ss9SQ,4257700
1082386,EC219S-CW30QSM 0°-Direct connect-ss9SQ,4257700
1083015,EC219S-CW30QSM 0°-Direct connect-ss9SQ,4257700
1083051,EC219S-CW30QSM 0°-Direct connect-ss9SQ,4257700
1083358,EC219S-CW30QSM 0°-Direct connect-ss9SQ,4257700
1083994,EC219S-CW30QSM 0°-Direct connect-ss9SQ,4257700
1084243,EC219S-CW30QSM 0°-Direct connect-ss9SQ,4257700
1081449,EC219S-CW30QSM 0°-Tilt.cyl-ss0,4023200
1083439,EC219S-CW30QSM 0°-Tilt.cyl-ss9IQ,4023200
1080030,EC219S-CW30QSMGR20 0°-Direct connect-DC2,5196000
1081569,EC219S-CW30QSMGR20 0°-Direct connect-DC2,5196000
1081591,EC219S-CW30QSMGR20 0°-Direct connect-DC2,5196000
1081592,EC219S-CW30QSMGR20 0°-Direct connect-DC2,5196000
1081911,EC219S-CW30QSMGR20 0°-Direct connect-DC2,5196000
1081994,EC219S-CW30QSMGR20 0°-Direct connect-DC2,5196000
1082422,EC219S-CW30QSMGR20 0°-Direct connect-DC2,5196000
1082520,EC219S-CW30QSMGR20 0°-Direct connect-DC2,5196000
1083010,EC219S-CW30QSMGR20 0°-Direct connect-DC2,5196000
1083828,EC219S-CW30QSMGR20 0°-Direct connect-DC2,5196000
1084036,EC219S-CW30QSMGR20 0°-Direct connect-DC2,5196000
1084373,EC219S-CW30QSMGR20 0°-Direct connect-DC2-YellowGreen RAL6018,5321000
1082566,EC219S-CW30QSMGR20 0°-Direct connect-DC3,5736100
1083475,EC219S-CW30QSMGR20 0°-Direct connect-DC3,5736100
1083534,EC219S-CW30QSMGR20 0°-Direct connect-DC3,5736100
1084162,EC219S-CW30QSMGR20 0°-Direct connect-DC3,5736100
1085154,EC219S-CW30QSMGR20 0°-Direct connect-DC3,5736100
1082162,EC219S-CW30QSMGR20 0°-Direct connect-ss9IQ,5196000
1083590,EC219S-CW30QSMGR20 0°-Direct connect-ss9IQ,5196000
1081470,EC219S-CW30QSMGR20 0°-Direct connect-ss9SQ,5196000
1081477,EC219S-CW30QSMGR20 0°-Direct connect-ss9SQ,5196000
1082063,EC219S-CW30QSMGR20 0°-Direct connect-ss9SQ,5196000
1082473,EC219S-CW30QSMGR20 0°-Direct connect-ss9SQ,5196000
1082474,EC219S-CW30QSMGR20 0°-Direct connect-ss9SQ,5196000
1082861,EC219S-CW30QSMGR20 0°-Direct connect-ss9SQ,5196000
1083474,EC219S-CW30QSMGR20 0°-Direct connect-ss9SQ,5196000
1084512,EC219S-CW30QSMGR20 0°-Direct connect-ss9SQ,5196000
1085069,EC219S-CW30QSMGR20 0°-Direct connect-ss9SQ,5196000
1084193,EC219S-CW30QSMGR20 0°-Direct connect-ss9SQSQ,5196000
1079528,EC219S-QS60GR20-Direct connect-ss10-Black RAL9005,5444400
1081127,EC219S-QS60GR20-QS60-DC2-H2-T1,5084900
1072750,EC219S-QS60GR20R2-Direct connect-DC2,5506200
1079303,EC219S-QS60GR20R2-Direct connect-DC2,5506200
1080949,EC219S-QS60GR20R2-Direct connect-DC2,5506200
1081766,EC219S-QS60GR20R2-Direct connect-DC2-H2,5506200
1068396,EC219S-QS60GR20R2-Direct connect-ss10,5506200
1080983,EC219S-QS60GR20R2-Direct connect-ss10-H2-Black RAL9005,5959900
1079141,EC219S-QS60GR20R2-Direct connect-ss9SQSG,5506200
1068162,EC219S-QS60GR20R2-QS60-DC2,5271600
1068154,EC219S-QS60GR20R2-QS60-DC2-H2-T1,5271600
1078187,EC219S-QS60GR20R2-QS60-DC2-White RAL9010,5396600
1070072,EC219S-QS60GR20R2-QS60-ss10,5271600
1082476,EC219S-QS60GR20R2-QS60-ss10-Black RAL9005,5396600
1076632,EC219S-QS60GR20R2-QS60-ss10-DustyGreyRAL7037,5396600
1073215,EC219S-QS60GR20R2-QS60-ss10-H2-T10,6256200
1080984,EC219S-QS60GR20R2-QS60-ss10-H2-T10-Black RAL9005,6381200
1076746,EC219S-QS60GR20R2-QS60-ss10-T10 BlackGrey RAL7021,6052500
1072549,EC219S-QS60GR20R2-QS60-ss10-T10-Black RAL9005,6052500
1084028,EC219S-QS60GR20R2-QS60-ss10-T10-White RAL9010,6052500
1068561,EC219S-QSM60Q-//-//-H28,3168200
1067861,EC219S-QSM60Q-Direct connect-DC2,4381200
1067870,EC219S-QSM60Q-Direct connect-DC2,4381200
1067875,EC219S-QSM60Q-Direct connect-DC2,4381200
1067966,EC219S-QSM60Q-Direct connect-DC2,4381200
1067984,EC219S-QSM60Q-Direct connect-DC2,4381200
1067990,EC219S-QSM60Q-Direct connect-DC2,4381200
1068159,EC219S-QSM60Q-Direct connect-DC2,4381200
1068190,EC219S-QSM60Q-Direct connect-DC2,4381200
1068192,EC219S-QSM60Q-Direct connect-DC2,4381200
1068196,EC219S-QSM60Q-Direct connect-DC2,4381200
1068470,EC219S-QSM60Q-Direct connect-DC2,4381200
1068471,EC219S-QSM60Q-Direct connect-DC2,4381200
1068475,EC219S-QSM60Q-Direct connect-DC2,4381200
1068477,EC219S-QSM60Q-Direct connect-DC2,4381200
1068668,EC219S-QSM60Q-Direct connect-DC2,4381200
1068825,EC219S-QSM60Q-Direct connect-DC2,4381200
1068851,EC219S-QSM60Q-Direct connect-DC2,4381200
1069368,EC219S-QSM60Q-Direct connect-DC2,4381200
1069564,EC219S-QSM60Q-Direct connect-DC2,4381200
1069780,EC219S-QSM60Q-Direct connect-DC2,4381200
1070005,EC219S-QSM60Q-Direct connect-DC2,4381200
1070285,EC219S-QSM60Q-Direct connect-DC2,4381200
1070740,EC219S-QSM60Q-Direct connect-DC2,4381200
1071065,EC219S-QSM60Q-Direct connect-DC2,4381200
1071242,EC219S-QSM60Q-Direct connect-DC2,4381200
1071591,EC219S-QSM60Q-Direct connect-DC2,4381200
1071724,EC219S-QSM60Q-Direct connect-DC2,4381200
1073111,EC219S-QSM60Q-Direct connect-DC2,4381200
1074705,EC219S-QSM60Q-Direct connect-DC2,4381200
1076058,EC219S-QSM60Q-Direct connect-DC2,4381200
1076625,EC219S-QSM60Q-Direct connect-DC2,4381200
1077238,EC219S-QSM60Q-Direct connect-DC2,4381200
1081642,EC219S-QSM60Q-Direct connect-DC2,4381200
1083673,EC219S-QSM60Q-Direct connect-DC2,4381200
1084043,EC219S-QSM60Q-Direct connect-DC2,4381200
1084259,EC219S-QSM60Q-Direct connect-DC2,4381200
1071466,EC219S-QSM60Q-Direct connect-DC2-12V,4381200
1078748,EC219S-QSM60Q-Direct connect-DC2-12V,4381200
1078726,EC219S-QSM60Q-Direct connect-DC2-12V-H28,4381200
1075386,EC219S-QSM60Q-Direct connect-DC2-Black RAL9005,4506200
1069569,EC219S-QSM60Q-Direct connect-DC2-H28,4381200
1070227,EC219S-QSM60Q-Direct connect-DC2-H28,4381200
1071020,EC219S-QSM60Q-Direct connect-DC2-H28,4381200
1071475,EC219S-QSM60Q-Direct connect-DC2-H28,4381200
1071532,EC219S-QSM60Q-Direct connect-DC2-H28,4381200
1071587,EC219S-QSM60Q-Direct connect-DC2-H28,4381200
1072131,EC219S-QSM60Q-Direct connect-DC2-H28,4381200
1073146,EC219S-QSM60Q-Direct connect-DC2-H28,4381200
1074446,EC219S-QSM60Q-Direct connect-DC2-H28,4381200
1074892,EC219S-QSM60Q-Direct connect-DC2-H28,4381200
1076406,EC219S-QSM60Q-Direct connect-DC2-H28,4381200
1076552,EC219S-QSM60Q-Direct connect-DC2-H28,4381200
1077416,EC219S-QSM60Q-Direct connect-DC2-H28,4381200
1077459,EC219S-QSM60Q-Direct connect-DC2-H28,4381200
1077754,EC219S-QSM60Q-Direct connect-DC2-H28,4381200
1078521,EC219S-QSM60Q-Direct connect-DC2-H28,4381200
1078747,EC219S-QSM60Q-Direct connect-DC2-H28,4381200
1078772,EC219S-QSM60Q-Direct connect-DC2-H28,4381200
1079077,EC219S-QSM60Q-Direct connect-DC2-H28,4381200
1079683,EC219S-QSM60Q-Direct connect-DC2-H28,4381200
1079707,EC219S-QSM60Q-Direct connect-DC2-H28,4381200
1079849,EC219S-QSM60Q-Direct connect-DC2-H28,4381200
1080120,EC219S-QSM60Q-Direct connect-DC2-H28,4381200
1080853,EC219S-QSM60Q-Direct connect-DC2-H28,4381200
1080955,EC219S-QSM60Q-Direct connect-DC2-H28,4381200
1081089,EC219S-QSM60Q-Direct connect-DC2-H28,4381200
1081522,EC219S-QSM60Q-Direct connect-DC2-H28,4381200
1081631,EC219S-QSM60Q-Direct connect-DC2-H28,4381200
1082310,EC219S-QSM60Q-Direct connect-DC2-H28,4381200
1082329,EC219S-QSM60Q-Direct connect-DC2-H28,4381200
1083665,EC219S-QSM60Q-Direct connect-DC2-H28,4381200
1084545,EC219S-QSM60Q-Direct connect-DC2-H28,4381200
1085133,EC219S-QSM60Q-Direct connect-DC2-H28,4381200
1067860,EC219S-QSM60Q-Direct connect-DC2-H45,4709900
1068267,EC219S-QSM60Q-Direct connect-DC2-H45,4709900
1069369,EC219S-QSM60Q-Direct connect-DC2-H45,4709900
1071534,EC219S-QSM60Q-Direct connect-DC2-H45,4709900
1073172,EC219S-QSM60Q-Direct connect-DC2-H45,4709900
1076657,EC219S-QSM60Q-Direct connect-DC2-H45,4709900
1083476,EC219S-QSM60Q-Direct connect-DC2-H45,4709900
1077956,EC219S-QSM60Q-Direct connect-DC2-White RAL9010,4506200
1077503,EC219S-QSM60Q-Direct connect-DC3-H28,4921300
1077586,EC219S-QSM60Q-Direct connect-DC3-H28,4921300
1080062,EC219S-QSM60Q-Direct connect-DC3-H28,4921300
1080974,EC219S-QSM60Q-Direct connect-DC3-H28,4921300
1081588,EC219S-QSM60Q-Direct connect-DC3-H28,4921300
1083150,EC219S-QSM60Q-Direct connect-DC3-H28,4921300
1084098,EC219S-QSM60Q-Direct connect-DC3-H28,4921300
1068211,EC219S-QSM60Q-Direct connect-ss0,4381200
1083418,EC219S-QSM60Q-Direct connect-ss0,4381200
1068384,EC219S-QSM60Q-Direct connect-ss10,4381200
1078833,EC219S-QSM60Q-Direct connect-ss10-Black RAL9005,4506200
1068544,EC219S-QSM60Q-Direct connect-ss10-H28,4709900
1079208,EC219S-QSM60Q-Direct connect-ss10-H28,4709900
1072569,EC219S-QSM60Q-Direct connect-ss10-H28-BlackRAL9005,4834900
1083682,EC219S-QSM60Q-Direct connect-ss10-H38,5037000
1068894,EC219S-QSM60Q-Direct connect-ss9IQ,4381200
1070213,EC219S-QSM60Q-Direct connect-ss9IQ,4381200
1071533,EC219S-QSM60Q-Direct connect-ss9IQ,4381200
1072404,EC219S-QSM60Q-Direct connect-ss9IQ,4381200
1078660,EC219S-QSM60Q-Direct connect-ss9IQ,4381200
1079473,EC219S-QSM60Q-Direct connect-ss9IQ,4381200
1080355,EC219S-QSM60Q-Direct connect-ss9IQ,4381200
1080481,EC219S-QSM60Q-Direct connect-ss9IQ,4381200
1080810,EC219S-QSM60Q-Direct connect-ss9IQ,4381200
1081722,EC219S-QSM60Q-Direct connect-ss9IQ,4381200
1082206,EC219S-QSM60Q-Direct connect-ss9IQ,4381200
1082397,EC219S-QSM60Q-Direct connect-ss9IQ,4381200
1070834,EC219S-QSM60Q-Direct connect-ss9IQ-H28,4709900
1074623,EC219S-QSM60Q-Direct connect-ss9IQ-H28,4709900
1078321,EC219S-QSM60Q-Direct connect-ss9IQ-White RAL9010,4506200
1068199,EC219S-QSM60Q-Direct connect-ss9SQ,4381200
1068792,EC219S-QSM60Q-Direct connect-ss9SQ,4381200
1069568,EC219S-QSM60Q-Direct connect-ss9SQ,4381200
1070836,EC219S-QSM60Q-Direct connect-ss9SQ,4381200
1071223,EC219S-QSM60Q-Direct connect-ss9SQ,4381200
1071593,EC219S-QSM60Q-Direct connect-ss9SQ,4381200
1073601,EC219S-QSM60Q-Direct connect-ss9SQ,4381200
1074381,EC219S-QSM60Q-Direct connect-ss9SQ,4381200
1074420,EC219S-QSM60Q-Direct connect-ss9SQ,4381200
1078499,EC219S-QSM60Q-Direct connect-ss9SQ,4381200
1082723,EC219S-QSM60Q-Direct connect-ss9SQ,4381200
1069264,EC219S-QSM60Q-Direct connect-ss9SQST,4381200
1067738,EC219S-QSM60Q-QS60-DC2,4146600
1078524,EC219S-QSM60Q-QS60-DC2-12V,4146600
1072329,EC219S-QSM60Q-QS60-DC2-12V-H28,4146600
1068936,EC219S-QSM60Q-QS60-DC2-12V-H28-T1,4146600
1067986,EC219S-QSM60Q-QS60-DC2-12V-T1,4146600
1083222,EC219S-QSM60Q-QS60-DC2-Blue RAL5002,4271600
1067737,EC219S-QSM60Q-QS60-DC2-H28,4146600
1067413,EC219S-QSM60Q-QS60-DC2-H28-T1,4146600
1071726,EC219S-QSM60Q-QS60-DC2-H28-T1-Black RAL9005,4271600
1072248,EC219S-QSM60Q-QS60-DC2-H28-T1-Blue RAL5002,4271600
1072582,EC219S-QSM60Q-QS60-DC2-H28-T1-Blue RAL5013,4271600
1080799,EC219S-QSM60Q-QS60-DC2-H28-T1-DeepOrange RAL2011,4271600
1077703,EC219S-QSM60Q-QS60-DC2-H28-T1-Green RAL6037,4271600
1079074,EC219S-QSM60Q-QS60-DC2-H28-T1-Liebherr grey RAL7043,4271600
1075931,EC219S-QSM60Q-QS60-DC2-H28-T1-Orange RAL2008,4271600
1078334,EC219S-QSM60Q-QS60-DC2-H28-T1-Pure Orange RAL2004,4271600
1076535,EC219S-QSM60Q-QS60-DC2-H28-T1-RedOrange RAL2001,4271600
1081042,EC219S-QSM60Q-QS60-DC2-H28-T1-SignalWhite RAL9003,4271600
1076527,EC219S-QSM60Q-QS60-DC2-H28-T1-Silver RAL9006,4271600
1082657,EC219S-QSM60Q-QS60-DC2-H28-T1-TrafficWhite RAL9016,4271600
1075955,EC219S-QSM60Q-QS60-DC2-H28-T1-White RAL9010,4271600
1068769,EC219S-QSM60Q-QS60-DC2-H38-T37,4802500
1069069,EC219S-QSM60Q-QS60-DC2-H45-T1,4475300
1068163,EC219S-QSM60Q-QS60-DC2-H45-T37,4802500
1069729,EC219S-QSM60Q-QS60-DC2-H66-T1,4146600
1067412,EC219S-QSM60Q-QS60-DC2-T1,4146600
1068478,EC219S-QSM60Q-QS60-DC2-T1-Black RAL9005,4271600
1075341,EC219S-QSM60Q-QS60-DC2-T1-Silver RAL9006,4271600
1080145,EC219S-QSM60Q-QS60-DC3,4686700
1085027,EC219S-QSM60Q-QS60-DC3-BlueRAL5002,4811700
1079275,EC219S-QSM60Q-QS60-DC3-H28,4686700
1073810,EC219S-QSM60Q-QS60-DC3-H28-T70,4686700
1084149,EC219S-QSM60Q-QS60-DC3-H28-T70-Black RAL9005,4811700
1083960,EC219S-QSM60Q-QS60-DC3-H45-T88,5342600
1069566,EC219S-QSM60Q-QS60-ss0,4146600
1068595,EC219S-QSM60Q-QS60-ss10,4146600
1076778,EC219S-QSM60Q-QS60-ss10-Black RAL9005,4271600
1071983,EC219S-QSM60Q-QS60-ss10-H28-T10,5131200
1074687,EC219S-QSM60Q-QS60-ss10-H28-T10-Black RAL9005,5256200
1073504,EC219S-QSM60Q-QS60-ss10-T10,4802500
1072369,EC219S-QSM60Q-QS60-ss10-T10-Black RAL9005,4927500
1079416,EC219S-QSM60Q-QS60-ss10-T10-DustyGrey RAL7037,4927500
1075422,EC219S-QSM60Q-QS60-ss10-T10-PorscheOrange,4927500
1068152,EC219S-QSM60Q-QS60-ss9IQ,4146600
1069201,EC219S-QSM60Q-QS60-ss9IQ-H28,4475300
1085022,EC219S-QSM60Q-Tilt.cyl-DC2,4146600
1068164,EC219S-S1-S1-DC2,4225300
1065557,EC219U-//-//-//-OQ Grey RAL7022,2029300
1083950,EC219US-//-//-//-Chocolate Brown RAL8017,2029300
1078938,EC219US-//-//-//-OQ Grey RAL7022,2029300
1084670,EC219US-//-//-//-OQ JetBlack RAL9005,2029300
1083709,EC219US-//-//-//-OQ PureRed RAL3028,2029300
1078863,EC219US-//-//-//-ZD,2029300
1082159,EC219US-//-//-//-ZD-GoldenYellowRAL1004,2155900
1065569,EC219UW-//-//-//-OQ Grey RAL7022,2029300
1054849,EC226PS-QS70GR20-QS70-DC2-ECHF-H12-T11,4265400
1044877,EC226PS-QS70GR20-QS70-DC2-ECHF-T11,4478400
1051534,EC226PS-QSM70Q-QS70-DC2-T11,3572500
1050756,EC226PS-QSM70Q-QS70-ss10,4751500
1060227,EC226PS-QSM70-QS70-DC2-H31-T11,4356500
1046247,EC226-QS70-QS70-DC2-ECHF-H12-T11,4733000
1039570,EC226-QS70-QS70-ss9IQ,17790
1069706,EC226S-CW30GR20 0°-Direct connect-ss9SQ,5675900
1070264,EC226S-CW30GR20 0°-Direct connect-ss9SQ,5675900
1084274,EC226S-CW30QSM 0°-Direct connect-DC2,4737600
1081549,EC226S-CW30QSM 0°-Direct connect-ss9IQ,4737600
1083308,EC226S-CW30QSM 0°-Direct connect-ss9IQ,4737600
1081746,EC226S-CW30QSM 0°-Direct connect-ss9SQ,4737600
1082768,EC226S-CW30QSM 0°-Direct connect-ss9SQ,4737600
1082823,EC226S-CW30QSM 0°-Direct connect-ss9SQ,4737600
1084374,EC226S-CW30QSM 0°-Direct connect-ss9SQ,4737600
1085182,EC226S-CW30QSM 0°-Direct connect-ss9SQ,4737600
1081551,EC226S-CW30QSMGR20 0°-Direct connect-DC2,5675900
1081590,EC226S-CW30QSMGR20 0°-Direct connect-DC2,5675900
1083410,EC226S-CW30QSMGR20 0°-Direct connect-DC2,5675900
1083873,EC226S-CW30QSMGR20 0°-Direct connect-DC2,5675900
1084296,EC226S-CW30QSMGR20 0°-Direct connect-DC2,5675900
1083664,EC226S-CW30QSMGR20 0°-Direct connect-DC3,6222200
1084557,EC226S-CW30QSMGR20 0°-Direct connect-ss10,5675900
1084761,EC226S-CW30QSMGR20 0°-Direct connect-ss9IQ,5675900
1081656,EC226S-CW30QSMGR20 0°-Direct connect-ss9SQ,5675900
1084546,EC226S-CW30QSMGR20 0°-Direct connect-ss9SQ,5675900
1085256,EC226S-CW30QSMGR20 0°-Direct connect-ss9SQ,5675900
1070998,EC226S-QS70GR20R2-QS70-DC2-ECHF,5858000
1070057,EC226S-QS70GR20R2-QS70-DC2-ECHF-H12-T11,5858000
1067881,EC226S-QSM70Q-Direct connect-DC2,5046300
1067883,EC226S-QSM70Q-Direct connect-DC2,5046300
1068048,EC226S-QSM70Q-Direct connect-DC2,5046300
1068416,EC226S-QSM70Q-Direct connect-DC2,5046300
1068481,EC226S-QSM70Q-Direct connect-DC2,5046300
1068670,EC226S-QSM70Q-Direct connect-DC2,5046300
1068688,EC226S-QSM70Q-Direct connect-DC2,5046300
1069370,EC226S-QSM70Q-Direct connect-DC2,5046300
1069372,EC226S-QSM70Q-Direct connect-DC2,5046300
1069670,EC226S-QSM70Q-Direct connect-DC2,5046300
1069672,EC226S-QSM70Q-Direct connect-DC2,5046300
1069899,EC226S-QSM70Q-Direct connect-DC2,5046300
1070136,EC226S-QSM70Q-Direct connect-DC2,5046300
1070225,EC226S-QSM70Q-Direct connect-DC2,5046300
1071857,EC226S-QSM70Q-Direct connect-DC2,5046300
1076439,EC226S-QSM70Q-Direct connect-DC2,5046300
1078018,EC226S-QSM70Q-Direct connect-DC2,5046300
1079198,EC226S-QSM70Q-Direct connect-DC2,5046300
1080024,EC226S-QSM70Q-Direct connect-DC2,5046300
1083033,EC226S-QSM70Q-Direct connect-DC2,5046300
1083192,EC226S-QSM70Q-Direct connect-DC2,5046300
1071535,EC226S-QSM70Q-Direct connect-DC2-H31,5046300
1071725,EC226S-QSM70Q-Direct connect-DC2-H31,5046300
1072098,EC226S-QSM70Q-Direct connect-DC2-H31,5046300
1072380,EC226S-QSM70Q-Direct connect-DC2-H31,5046300
1073135,EC226S-QSM70Q-Direct connect-DC2-H31,5046300
1073627,EC226S-QSM70Q-Direct connect-DC2-H31,5046300
1077562,EC226S-QSM70Q-Direct connect-DC2-H31,5046300
1077681,EC226S-QSM70Q-Direct connect-DC2-H31,5046300
1079179,EC226S-QSM70Q-Direct connect-DC2-H31,5046300
1079804,EC226S-QSM70Q-Direct connect-DC2-H31,5046300
1080789,EC226S-QSM70Q-Direct connect-DC2-H31,5046300
1081234,EC226S-QSM70Q-Direct connect-DC2-H31,5046300
1081453,EC226S-QSM70Q-Direct connect-DC2-H31,5046300
1081483,EC226S-QSM70Q-Direct connect-DC2-H31,5046300
1081825,EC226S-QSM70Q-Direct connect-DC2-H31,5046300
1082248,EC226S-QSM70Q-Direct connect-DC2-H31,5046300
1082321,EC226S-QSM70Q-Direct connect-DC2-H31,5046300
1083449,EC226S-QSM70Q-Direct connect-DC2-H31,5046300
1084197,EC226S-QSM70Q-Direct connect-DC2-H31,5046300
1084247,EC226S-QSM70Q-Direct connect-DC2-H31,5046300
1084760,EC226S-QSM70Q-Direct connect-DC2-H31,5046300
1085020,EC226S-QSM70Q-Direct connect-DC2-H31,5046300
1081841,EC226S-QSM70Q-Direct connect-DC2-H31 GreyRAL7016,5171300
1070971,EC226S-QSM70Q-Direct connect-DC2-H54,5405900
1081643,EC226S-QSM70Q-Direct connect-DC2-H55,5046300
1080976,EC226S-QSM70Q-Direct connect-DC3-H31,5592600
1081982,EC226S-QSM70Q-Direct connect-DC3-H31,5592600
1082139,EC226S-QSM70Q-Direct connect-DC3-H31,5592600
1083074,EC226S-QSM70Q-Direct connect-DC3-H31,5592600
1083495,EC226S-QSM70Q-Direct connect-DC3-H31,5592600
1084442,EC226S-QSM70Q-Direct connect-DC3-H31,5592600
1084555,EC226S-QSM70Q-Direct connect-DC3-H31,5592600
1083843,EC226S-QSM70Q-Direct connect-ss0,5046300
1070149,EC226S-QSM70Q-Direct connect-ss10,5046300
1073169,EC226S-QSM70Q-Direct connect-ss10,5046300
1071060,EC226S-QSM70Q-Direct connect-ss10-H31,5405900
1072094,EC226S-QSM70Q-Direct connect-ss10-H55,5405900
1069376,EC226S-QSM70Q-Direct connect-ss9IQ,5046300
1071602,EC226S-QSM70Q-Direct connect-ss9IQ,5046300
1072526,EC226S-QSM70Q-Direct connect-ss9IQ,5046300
1076874,EC226S-QSM70Q-Direct connect-ss9IQ,5046300
1082833,EC226S-QSM70Q-Direct connect-ss9IQ,5046300
1079118,EC226S-QSM70Q-Direct connect-ss9SQ,5046300
1067143,EC226S-QSM70Q-QS70-DC2,4733000
1067740,EC226S-QSM70Q-QS70-DC2-H31,4733000
1067394,EC226S-QSM70Q-QS70-DC2-H31-T11,4733000
1077189,EC226S-QSM70Q-QS70-DC2-H31-T11-Black RAL9005,4858000
1085498,EC226S-QSM70Q-QS70-DC2-H31-T11-BlackGreyRAL7021,4858000
1079236,EC226S-QSM70Q-QS70-DC2-H31-T11-LiebherrGreyRAL7043,4858000
1080800,EC226S-QSM70Q-QS70-DC2-H31-T11-WhiteRAL9003,4858000
1071613,EC226S-QSM70Q-QS70-DC2-H46-T48,5452200
1084383,EC226S-QSM70Q-QS70-DC2-LiebherrGreyRAL7043,4858000
1067739,EC226S-QSM70Q-QS70-DC2-T11,4733000
1080149,EC226S-QSM70Q-QS70-DC3,5279300
1084895,EC226S-QSM70Q-QS70-DC3-H31,5279300
1073879,EC226S-QSM70Q-QS70-DC3-H31-T71,5279300
1084316,EC226S-QSM70Q-QS70-DC3-H31-T71-GraphiteGreyRAL7024,5404300
1084759,EC226S-QSM70Q-QS70-DC3-H31-T90,5638900
1079108,EC226S-QSM70Q-QS70-DC3-T71,5279300
1074577,EC226S-QSM70Q-QS70-ss0,4733000
1076692,EC226S-QSM70Q-QS70-ss10,4733000
1073257,EC226S-QSM70Q-QS70-ss9IQ,4733000
1065559,EC226U-//-//-//-OQ Grey RAL7022,2314800
1065560,EC226UPS-//-//-//-OQ Grey RAL7022,2850300
1079195,EC226US-//-//-//-OQ Grey RAL7022,2314800
1079148,EC226US-//-//-//-ZD,2314800
1082160,EC226US-//-//-//-ZD-GoldenYellowRAL1004,2441400
1065570,EC226UW-//-//-//-OQ Grey RAL7022,2314800
1065596,EC226UWPS-//-//-//-OQ Grey RAL7022,2850300
1070952,EC226WS-CW30 0°-CW30-ss0,4424400
1080029,EC226WS-CW30QSM 0°-CW30-ss0,4424400
1081729,EC226WS-CW30QSM 0°-CW30-ss9IQ,4424400
1084156,EC226WS-CW30QSMGR20 0°-CW30-DC2,5362600
1083853,EC226WS-CW30QSMGR20 0°-CW30-DC3,5909000
1083305,EC226WS-CW30QSMGR20 0°-CW30-ss9SQ,5362600
1046101,EC233PS-QS70GR20-Direct connect-DC2,6014400
1048666,EC233PS-QSM70Q-QS70-DC2-H31-T11,4378100
1040788,EC233-QS80-QS80-DC2,4182100
1040789,EC233-QS80-QS80-ss10,5334900
1050234,EC233-QSM70Q-QS80-DC2,5442900
1079698,EC233S-CW40GR20QSM-CW40-DC2,6691400
1083955,EC233S-CW40GR20QSM-CW40-DC3,7233000
1080971,EC233S-CW40GR20QSM-CW40-ss9SQ,6216000
1080032,EC233S-CW40QSM 0°-CW40-DC2,5597200
1084558,EC233S-CW40QSM 0°-CW40-DC3,6138900
1081246,EC233S-CW40QSM 0°-CW40-ss0,5597200
1079696,EC233S-CW40QSM-CW40-ss9IQ,5597200
1083157,EC233S-CW40QSM-Direct connect-DC3,6452200
1082966,EC233S-CW40QSM-Direct connect-ss9IQ,5910500
1085338,EC233S-CW40QSM-Direct connect-ss9IQ,5910500
1082976,EC233S-CW40QSMGR20 0°-Direct connect-ss9IQ,7004600
1083919,EC233S-CW40QSMGR20 0°-Direct connect-ss9SQ,7004600
1078315,EC233S-QS80GR30QSM-Direct connect-DC2,7250000
1078721,EC233S-QS80GR30QSM-Direct connect-DC2,7250000
1079169,EC233S-QS80GR30QSM-Direct connect-DC2,7250000
1081496,EC233S-QS80GR30QSM-Direct connect-DC2,7250000
1074814,EC233S-QS80GR30QSM-QS80-DC2,6936700
1074815,EC233S-QS80GR30QSM-QS80-DC2-H58-T40,6936700
1083270,EC233S-QS80GR30QSM-QS80-DC2-H58-T40-LiebherrGreyRAL7043,7061700
1084203,EC233S-QS80GR30QSM-QS80-DC2-H58-T40-SignalWhiteRAL9003,7061700
1074816,EC233S-QS80GR30QSM-QS80-DC2-T40,6936700
1080123,EC233S-QS80GR30QSM-QS80-DC3,7478400
1075472,EC233S-QS80GR30QSM-QS80-DC3-H58-T75,7478400
1084408,EC233S-QS80GR30QSM-QS80-DC3-H58-T75-HitachiOrangeP498-1YRA,7603400
1074811,EC233S-QS80QSM-QS80-DC2,5998500
1077313,EC233S-QS80QSM-QS80-DC2-H58,5998500
1074812,EC233S-QS80QSM-QS80-DC2-H58-T40,5998500
1074813,EC233S-QS80QSM-QS80-DC2-T40,5998500
1080970,EC233S-QS80QSM-QS80-DC3-H58-T75,6540100
1077971,EC233S-QS80QSM-QS80-DC3-T75,6540100
1068591,EC233S-QSM70Q-Direct connect-DC2,5756200
1068674,EC233S-QSM70Q-Direct connect-DC2,7098800
1069167,EC233S-QSM70Q-Direct connect-DC2,5756200
1069669,EC233S-QSM70Q-Direct connect-DC2,5756200
1069676,EC233S-QSM70Q-Direct connect-DC2,5756200
1070456,EC233S-QSM70Q-Direct connect-DC2,5756200
1071537,EC233S-QSM70Q-Direct connect-DC2,5756200
1072089,EC233S-QSM70Q-Direct connect-DC2,5756200
1073094,EC233S-QSM70Q-Direct connect-DC2,5756200
1073289,EC233S-QSM70Q-Direct connect-DC2,5756200
1075304,EC233S-QSM70Q-Direct connect-DC2,5756200
1079133,EC233S-QSM70Q-Direct connect-DC2,5756200
1082247,EC233S-QSM70Q-Direct connect-DC2,5756200
1070004,EC233S-QSM70Q-Direct connect-DC2-H31,5756200
1071536,EC233S-QSM70Q-Direct connect-DC2-H31,5756200
1072158,EC233S-QSM70Q-Direct connect-DC2-H31,5756200
1072357,EC233S-QSM70Q-Direct connect-DC2-H31,5756200
1072373,EC233S-QSM70Q-Direct connect-DC2-H31,5756200
1074316,EC233S-QSM70Q-Direct connect-DC2-H31,5756200
1076448,EC233S-QSM70Q-Direct connect-DC2-H31,5756200
1078913,EC233S-QSM70Q-Direct connect-DC2-H31,5756200
1080236,EC233S-QSM70Q-Direct connect-DC2-H31,5756200
1080470,EC233S-QSM70Q-Direct connect-DC2-H31,5756200
1081535,EC233S-QSM70Q-Direct connect-DC2-H31,5756200
1082249,EC233S-QSM70Q-Direct connect-DC2-H31,5756200
1082250,EC233S-QSM70Q-Direct connect-DC2-H31,5756200
1076622,EC233S-QSM70Q-Direct connect-DC3,6297800
1085331,EC233S-QSM70Q-Direct connect-DC3,6297800
1080986,EC233S-QSM70Q-Direct connect-DC3-H31,6297800
1082100,EC233S-QSM70Q-Direct connect-DC3-H31,6297800
1082102,EC233S-QSM70Q-Direct connect-DC3-H31,6297800
1083073,EC233S-QSM70Q-Direct connect-DC3-H31,6297800
1069177,EC233S-QSM70Q-Direct connect-ss9IQ,5756200
1071723,EC233S-QSM70Q-Direct connect-ss9IQ,5756200
1072075,EC233S-QSM70Q-Direct connect-ss9IQ,5756200
1073478,EC233S-QSM70Q-Direct connect-ss9IQ,5756200
1083072,EC233S-QSM70Q-Direct connect-ss9SQ,5756200
1067262,EC233S-QSM70Q-QS70-DC2,5442900
1076436,EC233S-QSM70Q-QS70-DC2-Black RAL9005,5567900
1067742,EC233S-QSM70Q-QS70-DC2-H31,5442900
1067741,EC233S-QSM70Q-QS70-DC2-H31-T73,5442900
1074399,EC233S-QSM70Q-QS70-DC2-H31-T73 Grey RAL7022,5567900
1071598,EC233S-QSM70Q-QS70-DC2-H31-T73-Blue RAL5002,5567900
1084244,EC233S-QSM70Q-QS70-DC2-H31-T73-TurquoiseBlue RAL5018,5567900
1076677,EC233S-QSM70Q-QS70-DC2-H46-T77,6412000
1067343,EC233S-QSM70Q-QS70-DC2-T73,5442900
1075959,EC233S-QSM70Q-QS70-DC2-T73-Blue RAL5002,5567900
1080148,EC233S-QSM70Q-QS70-DC3,5984600
1084514,EC233S-QSM70Q-QS70-DC3-BlackRAL9005,6109600
1074061,EC233S-QSM70Q-QS70-DC3-H31-T74,5984600
1084029,EC233S-QSM70Q-QS70-DC3-H31-T74-GreyRAL7024,6109600
1082522,EC233S-QSM70Q-QS70-DC3-T74,5984600
1076441,EC233S-QSM70Q-QS70-ss10,5442900
1078914,EC233S-QSM70Q-QS70-ss9IQ,5442900
1077823,EC233S-QSM70Q-QS70-ss9SQ,5442900
1065567,EC233U-//-//-//-OQ Grey RAL7022,3060200
1065568,EC233UPS-//-//-//-OQ Grey RAL7022,15650
1080100,EC233US-//-//-//-OQ Grey RAL7022,3148200
1084795,EC233US-//-//-//-OQ JetBlack RAL9005,3273200
1079197,EC233US-//-//-//-ZD,3060200
1085245,EC309-S45-Direct connect-DC3-24V,4284000
1083116,EC309-S45-S45-DC3-12V,3865700
1083830,EC309-S45-S45-DC3-12V-Black RAL9005,3990700
1082877,EC309-S45-S45-DC3-24V,3865700
1085381,EC309-S50-S50-DC3-12V,3865700
1085382,EC309-S50-S50-DC3-24V,3865700
1084814,EC314-S60-S60-DC3-24V,5083300
1070517,EC319-S60-S60-DC3-24V,5486100
1077291,EC319-S60-S60-DC3-24V,5486100
1084175,EC319-S60-S60-DC3-24V-Black RAL9005,5611100
1084800,EC319-S60-S60-DC3-24V-GraniteGreyRAL7026,5611100
1084842,EC319-S60-S60-DC3-24V-GraphiteGreyRAL7024,5486100
1083706,EC319-S60-S60-DC3-24V-LiebherrGreyRAL7043,5611100
1084223,EC319-S60-S60-DC3-24V-SignalWhiteRAL9003,5611100
1083826,EC326-S70-S70-DC3,6196000
1084844,EC326-S70-S70-DC3-SignalWhiteRAL9003,6321000
1083862,EC333-S70-S70-DC3,7327200
1063841,Eccenter GRD40/SWD40 ECO,38300
1038388,"Eccenter GRD45/50,SWD45 ECO",49100
1037048,"Eccenter GRD60,SWD60 ECO",54500
1044839,Eccenter GRD70,87000
1063860,Eccenter holder GRD40/SWD40,6500
1044663,ECO-conversion QS45-Hitch-ECO W,188300
1044664,ECO-conversion QS45-Top-ECO W,216000
1043524,ECO-conversion QS60-Hitch-ECO W,175900
1043526,ECO-conversion QS60-Top-ECO W,231500
1044867,ECO-conversion QS70-Top-ECO W,302500
1064917,ECO-upgrade kit QS40-H61-DC2-DT,253100
1063843,ECO-upgrade kit QS40-T57-DC2-DT-EC206BS,435200
1063917,ECO-upgrade kit QS40-T59,253100
1074236,ECO-upgrade kit QS40-T72-DC2-DT-EC204/206/206B,396600
1065824,ECO-upgrade kit QS45/50-H26-DTM,455200
1045616,ECO-upgrade kit QS45/50-H5,359600
1045812,ECO-upgrade kit QS45/50-H6-DC2-DTM,455200
1045809,ECO-upgrade kit QS45/50-T19-DC2-DTM-EC206-EC209,467600
1050670,ECO-upgrade kit QS45/50-T19-DC2-ePS/ePS2-DTM-EC206-EC209,338000
1045450,ECO-upgrade kit QS45/50-T5,270100
1065255,ECO-upgrade kit QS45/50-T51-DC2(QSM)-DTM-EC209,467600
1045810,ECO-upgrade kit QS45/50-T6-DC2-DTM-EC214,467600
1074335,ECO-upgrade kit QS45-H52-DC2-DTM,757700
1053046,ECO-upgrade kit QS45-right-H40,449100
1053047,ECO-upgrade kit QS45-right-T39,458300
1045615,ECO-upgrade kit QS45-T16,604900
1083300,ECO-upgrade kit QS45-T58-ss9-DTM-EC209B,666700
1045701,ECO-upgrade kit QS45-T9-ss9-DTM-EC206-EC209,666700
1064523,ECO-upgrade kit QS50-right-H62,359600
1079660,ECO-upgrade kit QS50-right-T79,282400
1061782,ECO-upgrade kit QS60 V4-H1/HF-DC2-DTM,475300
1050359,ECO-upgrade kit QS60-H10-DTM,475300
1043069,ECO-upgrade kit QS60-H1-DC2-DTM,475300
1043726,ECO-upgrade kit QS60-H1-MACS-DTM,475300
1043071,ECO-upgrade kit QS60-H2,378100
1045969,ECO-upgrade kit QS60-H21,293200
1073406,ECO-upgrade kit QS60-H37-DC2-DTM,819400
1043241,ECO-upgrade kit QS60-H3-ss10-DTM,794800
1044193,ECO-upgrade kit QS60-H3-ss9-ePS-DTM,794800
1043242,ECO-upgrade kit QS60-H7-DC2-DTM,584900
1029609,ECO-upgrade kit QS60-HECO3,390400
1055681,ECO-upgrade kit QS60-right-H47,466000
1055244,ECO-upgrade kit QS60-right-T43,472200
1048655,ECO-upgrade kit QS60-T10-ss10(ECHF/QSM)-DTM,830200
1044192,ECO-upgrade kit QS60-T10-ss9(ECHF/QSM)-ePS/ePS2-DTM,830200
1044654,ECO-upgrade kit QS60-T1-DC2(5V/6CH)-DTM,483000
1043072,ECO-upgrade kit QS60-T1-DC2(ECHF/QSM)-DTM,483000
1050673,ECO-upgrade kit QS60-T1-DC2(ECHF/QSM)-ePS/ePS2-DTM,368800
1043727,ECO-upgrade kit QS60-T1-MACS(ECHF/QSM)-DTM,483000
1043151,ECO-upgrade kit QS60-T2,236100
1065825,ECO-upgrade kit QS60-T26-DTM,483000
1067257,ECO-upgrade kit QS60-T44,725300
1083229,ECO-upgrade kit QS60-T70-DC3,368800
1043602,ECO-upgrade kit QS60-T8,637300
1045697,ECO-upgrade kit QS70-H11-DC2-DTM,503100
1045031,ECO-upgrade kit QS70-H12,404300
1063027,ECO-upgrade kit QS70-H43-DC2-DTM,817900
1060897,ECO-upgrade kit QS70-H59-DTM,503100
1076615,ECO-upgrade kit QS70-H75-DC3,503100
1059656,ECO-upgrade kit QS70-right-H57,501500
1050676,ECO-upgrade kit QS70-T11-DC2(5V/6CH)-ePS/ePS2-DTM,521600
1074627,ECO-upgrade kit QS70-T11-DC2(ECHF/QSM)-DTM-EC226,521600
1074628,ECO-upgrade kit QS70-T11-DC2(ECHF/QSM)-ePS/ePS2-DTM-EC226,449100
1045032,ECO-upgrade kit QS70-T12,425900
1073508,ECO-upgrade kit QS70-T18-DTM,521600
1047887,ECO-upgrade kit QS70-T20,728400
1057757,ECO-upgrade kit QS70-T45,521600
1074290,ECO-upgrade kit QS70-T50,817900
1085070,ECO-upgrade kit QS70-T71-DC3-EC226,430600
1074629,ECO-upgrade kit QS70-T73-DC2(ECHF/QSM)-DTM-EC233,430600
1074630,ECO-upgrade kit QS70-T73-DC2(ECHF/QSM)-ePS/ePS2-DTM-EC233,430600
1083811,ECO-upgrade kit QS70-T74-DC3-EC233,430600
1058549,ECO-upgrade kit QS80 MH-ECO80-right-H36,572500
1056549,ECO-upgrade kit QS80 V2-ECO70-H11-DC2-DTM,503100
1078736,ECO-upgrade kit QS80-EC-ECO80-H58,572500
1064158,ECO-upgrade kit QS80-ECO70-T60-DC2(ECHF/QSM)-DTM,424400
1071824,ECO-upgrade kit QS80-ECO80-H41-DC2-DTM,666700
1065774,ECO-upgrade kit QS80-ECO80-H64-DC2-DTM,1216000
1064169,ECO-upgrade kit QS80-ECO80-T35,513900
1072422,ECO-upgrade kit QS80-ECO80-T40-DC2(ECHF/QSM)-DTM,694400
1065773,ECO-upgrade kit QS80-ECO80-T66-DC2(ECHF/QSM)-DTM,1267000
1069685,ECO-upgrade kit QSM40-H65,331800
1060819,ECO-upgrade kit QSM45/50-left-H48,359600
1081563,ECO-upgrade kit QSM45-H50,691400
1068989,ECO-upgrade kit QSM45-right-H49,447500
1072125,ECO-upgrade kit QSM50-right-H67,322500
1055596,ECO-upgrade kit QSM60-H38,787000
1065597,ECO-upgrade kit QSM60-H45,691400
1052698,ECO-upgrade kit QSM60-left-H28,378100
1050804,ECO-upgrade kit QSM60-right-H34,435200
1050803,ECO-upgrade kit QSM70-left-H31,404300
1058665,ECO-upgrade kit QSM70-left-H55,503100
1057756,ECO-upgrade kit QSM70-right-H33,501500
1085042,ECO-upgrade kit S40-H92-DC2,253100
1079428,ECO-upgrade kit S45 right-H88,234600
1079429,ECO-upgrade kit S45 right-H89,265400
1072515,ECO-upgrade kit S60 right-H71,260800
1072516,ECO-upgrade kit S60 right-H72,277800
1077719,ECO-upgrade kit S70 right-H83,341000
1077720,ECO-upgrade kit S70 right-H84,356500
1083311,ECO-upgrade kit S80 right-H96,594100
8001087,Edge protection strip 1-2 mm Black - 20cm,1300
1079606,Ejector HYDS,9000
1025396,Ejector QS45 for sensor,44300
1025412,Ejector QS45 NOT for sensor,12500
1029065,Ejector QS45/50 with sensor-DTM,101200
1036953,Ejector QS45-QS50,19600
1036405,Ejector QS60,15400
1022799,Ejector QS60 for sensor,102800
1022930,Ejector QS60 not for sensor,48800
1029066,Ejector QS60 with sensor - DTM,116400
1024696,Ejector QS70 for sensor,48900
1024697,Ejector QS70 NOT for sensor,103200
1029067,Ejector QS70 with sensor - DTM,70100
1034935,Ejector QS70-QS80,26100
1062562,Ejector S30S,8800
1055938,Ejector S40S/QS40/QSM40,5600
8000518,Electric box - ss15-2,50000
302879,Electric box ss5 & 8 Gelab,147200
8000236,Electronic unit U2C (USB to CAN),49400
8001503,Electronics Module BCM-DC3,86400
842118,Electronics Module C2C,504600
8001064,Electronics Module C2C epoxy filled,69800
8001502,Electronics Module CFM-DC3,188300
841105,Electronics Module CM-DC2,211400
8001504,Electronics Module MCM-DC3,131300
8001500,Electronics Module MGM-DC3,291700
8000139,Electronics Module QCM - QSC,88000
842110,Electronics Module QLM,81800
8000269,Electronics Module QLM-QSC,98500
8000138,Electronics Module QPM - QSC,91000
841885,Electronics Module QS,84600
8000036,Electronics Module ss9-2,68100
8001385,Electronics Module TM2-EC02B/EC204 DC2 QS,192900
841114,Electronics Module TM2-EC02-DC2,183600
841113,Electronics Module TM2-EC05B-DC2,192900
1033055,Electronics Module TM2-EC204 DC2,194400
8002468,Electronics Module TM2-EC204B DC2 QS-M12,106900
842139,Electronics Module TM2-EC206 DC2 QS - DTM,192900
842137,Electronics Module TM2-EC206B-233/EC10-30 DC2 QS-DTM,196000
8002500,Electronics Module TM3-EC204B,388900
8002533,Electronics Module TM3-EC206B,398100
8001834,Electronics Module TM3-EC209B-EC233,373500
8002698,Electronics Module TM3-EC309,345700
8002950,Electronics Module TM3-EC309/EC314/EC319,446000
8001501,Electronics Module TM3-EC319,376500
303307,End lock EC02,30600
303269,End lock EC05/EC05B/EC206 outer shim,32600
300032,End lock EC10/EC15/EC20 Marine,73500
1014716,End lock EC10/EC15/EC20 outer shim cast,53900
1027476,End lock EC204,34600
1076101,End Lock EC204B,41800
1065664,End lock EC206B Cast,43800
1016415,End lock EC209/EC214/EC219,49100
1016557,End lock EC209/EC214/EC219 ePS,63100
1056907,End lock EC209/EC214/EC219 ePS with swivel seal,67700
1065789,End lock EC209S/EC214S/EC219S Cast,49400
1028331,End lock EC226 MACS,79300
1056095,End lock EC226 V2,67000
1057518,End lock EC226 with swivel seal ePS,45100
1065859,End lock EC226S/EC326 Cast,54800
1040901,End lock EC233 ePS & MACS,121900
1057129,End lock EC233 with swivel seal,57100
1065887,End lock EC233S/EC333 Cast,64000
1016103,End lock EC26/EC226,34300
303271,End lock EC30 outer shim,93500
1029629,End lock EC30 outer shim-ePS,160500
1033696,End lock EC30 outer shim-MACS,23300
1076341,End lock protection plate EC204BS,1700
1062673,End lock protection plate EC206BS,4600
1063372,End lock protection plate EC209S/EC214S/EC219S,7400
1063521,End lock protection plate EC226S/EC326,7600
1064168,End lock protection plate EC233/EC333,8000
1051256,End motor side SR-C,93500
1051257,End plate side plate (protection) BVP SR,20400
1011612,End PP3200,222200
1051255,End SR-C,90900
710971,Endcover EC209 45x7 cylinder yoke,1000
710942,Endcover PP950 110x12,2800
8000237,Engcon configuration kit - QSC - C2C - SS9-2,100000
1081436,ePS2-upgrade kit-T+R-EC204B-DC2,564800
1081437,ePS2-upgrade kit-T+R-EC204B-ss10/ss9/ss5/ss0,564800
8001814,ePS2-upgrade kit-T+R-EC206B/EC209B-DC2,564800
8001818,ePS2-upgrade kit-T+R-EC206B/EC209B-ss10/ss9/ss5/ss0,564800
1030914,ePS-upgrade kit-EC209 5V/6CH-DC2,459900
1049838,ePS-upgrade kit-EC209 5V/6CH-DC2-ECO,459900
1030992,ePS-upgrade kit-EC209 5V/6CH-Others,459900
1059712,ePS-upgrade kit-EC209 QSM-DC2,459900
1059713,ePS-upgrade kit-EC209 QSM-DC2-ECO,459900
1059711,ePS-upgrade kit-EC209 QSM-Others,459900
1030915,ePS-upgrade kit-EC214 ECHF/QSM-DC2,459900
1049839,ePS-upgrade kit-EC214 ECHF/QSM-DC2-ECO,459900
1074278,ePS-upgrade kit-EC214 ECHF/QSM-ss10-ECO,459900
1030993,ePS-upgrade kit-EC214 ECHF-Others,459900
1030916,ePS-upgrade kit-EC219 5V/6CH-DC2,459900
1030994,ePS-upgrade kit-EC219 5V/6CH-Others,459900
1040042,ePS-upgrade kit-EC219 ECHF/QSM-DC2,459900
1049840,ePS-upgrade kit-EC219 ECHF/QSM-DC2-ECO,459900
1060578,ePS-upgrade kit-EC219 ECHF/QSM-ss10-ECO,459900
1060577,ePS-upgrade kit-EC219 ECHF/QSM-ss9-ECO,459900
1040043,ePS-upgrade kit-EC219 ECHF-Others,459900
1083592,ePS-upgrade kit-EC219 QSM-Others,459900
1030917,ePS-upgrade kit-EC226 5V/6CH-DC2,459900
1030995,ePS-upgrade kit-EC226 5V/6CH-Others,459900
1040044,ePS-upgrade kit-EC226 ECHF/QSM-DC2,459900
1040045,ePS-upgrade kit-EC226 ECHF-Others,459900
1044650,ePS-upgrade kit-EC233 ECHF/QSM-DC2,459900
1049842,ePS-upgrade kit-EC233 ECHF/QSM-DC2-ECO,459900
1044651,ePS-upgrade kit-EC233 ECHF/QSM-Others,459900
1030918,ePS-upgrade kit-EC30 5V/6CH-DC2,685200
1030996,ePS-upgrade kit-EC30 5V/6CH-Others,685200
1036280,ePS-upgrade kit-EC30 5V/6CH-without worm screw-DC2,459900
1036281,ePS-upgrade kit-EC30 5V/6CH-Without worm screw-Others,459900
1040046,ePS-upgrade kit-EC30 ECHF-DC2,459900
650403,Expander 9mm,500
1052129,Expander bolt GRD45/50,13700
1051160,Expander bolt GRD60,14200
405692,Expander bolt M20 screw with lubrication SK10/SK15/SK20,13300
404334,Expander bolt M20 screw without lubrication SK10/SK15/SK20,3000
405711,Expander bolt M24 screw without lubrication SK30,5100
1000102,Expander bushing SK05,8500
201234,Expander bushing SK10 & SK15,11100
EH100973,Expander bushing SK20,12500
302521,Expander bushing SK30,14000
1010571,Expander cylinder axle bushing EC05 inkl 2+6mm 606005,82400
1046672,"Expander pin Ø25 L111,5 SK02/SG03",34100
1046821,Expander pin Ø25 L211 SK02/SG03,36400
1046824,Expander pin Ø25 L73 SK02/SG03,32700
1067625,Expander pin Ø25 SWD,22500
404472,Expander pin Ø30 72/32,134400
404473,Expander pin Ø30 92/32 with lubrication,137800
403064,Expander pin Ø30 L119 SK05/SG06,29200
403065,Expander pin Ø30 L223 SK05/SG06,33300
1035102,Expander pin Ø30 L250 TG25,25500
1074096,Expander pin Ø30 L386 TG25 V2,23100
1035100,Expander pin Ø30 L412 TG25,26100
403063,Expander pin Ø30 L75 SK05/SG06,28400
1035024,Expander pin Ø30 L87 TG25,19800
404471,Expander pin Ø40 161/121,175900
1073136,Expander pin Ø40 L135 SG09,37800
402903,"Expander pin Ø40 L144 SK10/SG12, SK15/SG26",41500
1073133,Expander pin Ø40 L255 SG09,45200
402904,"Expander pin Ø40 L268 SK10/SG12, SK15/SG19",46800
1073139,Expander pin Ø40 L80 SG09,42000
402905,Expander pin Ø40 L95 SK15/SG19,44600
402765,Expander pin Ø50 L105 SK20/SG26,50800
402764,Expander pin Ø50 L165 SK20/SG26,47500
402763,Expander pin Ø50 L310 SK20/SG26,57700
404107,Expander pin Ø60 L200 SK30/SG33,76900
404112,Expander pin Ø60 L375 SK30/SG33,98800
1035010,Expander pin TG28HD L=144mm,25600
1035008,Expander pin TG28HD L=266mm,28400
1034922,Expander pin TG28HD L=86mm,19600
1035006,Expander pin TG28HD L=91mm,21600
1034856,Expander pin TG42HD L=170mm,28700
1034854,Expander pin TG42HD L=318mm,35200
1034866,Expander pin TG42HD L=94mm,25600
1034844,Expander pin TG42HD L=98mm,35800
1034910,Expander pin TG55HD L=116mm,53200
1034703,Expander pin TG55HD L=121mm,54000
1034760,Expander pin TG55HD L=191mm,63300
1034756,Expander pin TG55HD L=373mm,100800
1000947,Expander sleeve SK05,4800
404336,Expander sleeve SK10/SK15,5600
405693,Expander sleeve SK20,8500
1002790,Expander sleeve SK30,9000
1035098,Expander sleeve TG25 Ø30 L16,3000
841899,Expansion Module Track control-DC2,188300
8002967,EXTDC2/3-MAP32-TC-CAT 313-335 NG,393500
8001213,EXTDC2-MAP0-QH4-24V,263900
8001214,EXTDC2-MAP0-QH5-12V,308600
8001215,EXTDC2-MAP0-QH5-24V,1360
8002518,EXTDC2-MAP30-1EX-12V/24V,257700
8002519,EXTDC2-MAP30-1EXCV-12V/24V,273100
8002520,EXTDC2-MAP30-1EXExp-12V/24V,341000
8002515,EXTDC2-MAP30-CC-12V/24V,324100
8001457,EXTDC2-MAP30-CCCV-12V,324100
8002516,EXTDC2-MAP30-CCCV-12V/24V,339500
8001451,EXTDC2-MAP30-CCCV-24V,324100
8002517,EXTDC2-MAP30-CCExp-12V/24V,401200
8002247,EXTDC2-MAP30-PWMO2-12V/24V,79000
8002200,EXTDC2-MAP30-QH4-12V/24V,267000
8002201,EXTDC2-MAP30-QH5-12V/24V,317900
8001455,EXTDC2-MAP30-WC.2-12V/24V,493800
8001862,EXTDC2-MAP30-WC.2-Closed Center,472200
8002493,EXTDC2-MAP30-WC.3-12V/24V,472200
8001258,EXTDC2-MAP31-WC.2-Doosan DX57W,535500
8001567,EXTDC2-MAP32-2PWM-CAT M3XX NG,395100
8001399,EXTDC2-MAP32-CC-Kobelco SK75-85,385800
8001309,EXTDC2-MAP32-QH2-Volvo EC,270100
8001464,EXTDC2-MAP32-QH2-Volvo EW/EWR,251500
8001576,EXTDC2-MAP32-QH5-24V-CAT M3XX NG,387300
8002475,EXTDC2-MAP32-WCLS-Komatsu-PW140/180-24V,567900
8001532,EXTDC2-MAP34-WC.3-Takeuchi TB295W-EMSG,584900
8002896,EXTDC3-MAP30-1EX-12V,260800
8002575,EXTDC3-MAP30-1EX-12V/24V,257700
8002897,EXTDC3-MAP30-1EX-24V,260800
8002898,EXTDC3-MAP30-1EXBCM-12V,324100
8002683,EXTDC3-MAP30-1EXBCM-12V/24V,324100
8002899,EXTDC3-MAP30-1EXBCM-24V,324100
8002944,EXTDC3-MAP30-1EXMCM-12V,324100
8002945,EXTDC3-MAP30-1EXMCM-24V,324100
8002135,EXTDC3-MAP30-QH4-12V/24V,268500
8002137,EXTDC3-MAP30-QH5-12V/24V,317900
8002894,EXTDC3-MAP30-TC-12V,324100
8002895,EXTDC3-MAP30-TC-24V,324100
8002856,EXTDC3-MAP30-WC.2-CC-12V,504600
8002858,EXTDC3-MAP30-WC.2-CC-12V,504600
8002857,EXTDC3-MAP30-WC.2-CC-24V,504600
8002859,EXTDC3-MAP30-WC.2-CC-24V,504600
8002860,EXTDC3-MAP30-WC.3-OC-12V,504600
8002861,EXTDC3-MAP30-WC.3-OC-24V,504600
8002251,EXTDC3-MAP32-QH5-CAT 313 NG-24V,387300
8002132,EXTDC3-MAP32-QH5-CAT 315 NG-24V,387300
8002133,EXTDC3-MAP32-QH5-CAT 320-335 NG-24V,387300
8002965,EXTDC3-MAP32-QH5-CAT M-Series NG-24V,387300
8002293,EXTDC3-MAP32-QHPA Takeuchi TB395W-24V,387300
8002538,EXTDC3-MAP32-QHPA2 Vovlo ECR58-12V,344100
7001879,Extender 18mm M10x1 lubrication kit,1300
7000688,Extender 18mm M8x1,2200
712216,"Extender 18mm R1/8"" lubrication kit",1800
7000578,"Extender 25/17mm KR1/8"" - R1/8""",1400
7000684,Extender 35mm M10x1 lubrication kit,2700
790189,Extender 50mm M10x1 lube kit,2000
7001869,Extender 50mm M10x1 lubrication kit,2000
790165,Extender 50mm M10x1 lubrication kit,3200
7000466,"Extender straight 20mm KR1/8"" - R1/8""-Lubrication kit",800
8001264,"Extension cable 10/12-pole DTM-2,4m",29300
841152,"Extension cable 16-pole FCI-FULL 1,5m",29900
1031938,"Extension cable 2/5-pole M12-0,25m",15600
841896,Extension cable 2+2-pole DT-FULL 2m,9000
8000228,"Extension cable 2-pole DT-FULL 0,15m",6800
8001990,"Extension cable 2-pole DT-FULL 1,7m Robo hose",10200
8001970,Extension cable 2-pole DT-FULL 1m,5600
8001971,Extension cable 2-pole DT-FULL 2m,6500
8001972,Extension cable 2-pole DT-FULL 5m,6800
8001345,"Extension cable 3/4-pole Minif-0,8m Sleeve",3400
8001355,"Extension cable 3/4-pole Minif-1,2m Sleeve",5100
8001597,"Extension cable 3/4-pole Minif-1,5m Sleeve",8800
8002871,Extension cable 4/5-pole M12-10m,31000
8001897,Extension cable 4/5-pole M12-1m,3500
8001898,Extension cable 4/5-pole M12-2m,3900
8001938,Extension cable 4/5-pole M12-3m,4600
8001939,Extension cable 4/5-pole M12-5m,4900
8001307,"Extension cable 4-pole DT-FULL 0,35m Spiral",7700
8001994,"Extension cable 4-pole DT-FULL 1,1m Robo hose",16000
8001889,Extension cable 4-pole DT-FULL 10m,65700
8001846,Extension cable 4-pole DT-FULL 1m,13100
8001887,Extension cable 4-pole DT-FULL 2m,21100
8002297,Extension cable 4-pole DT-FULL 3m,20700
8001888,Extension cable 4-pole DT-FULL 5m,35800
8001610,"Extension cable 5-pole M12-FULL 0,6m Robo hose",3500
8000784,"Extension cable 5-pole M12-FULL 0,75m Robo hose",18800
8002471,"Extension cable 5-pole M12-FULL 0,7m Robo hose",16800
8001611,"Extension cable 5-pole M12-FULL 1,2m Robo hose",3700
842147,Extension cable 5-pole M12-FULL 15m,27800
842187,Extension cable 5-pole M12-FULL 3m Robo hose,18400
8002250,"Extension cable 6/8-pole M12-3,4m Robo hose",23000
8002249,"Extension cable 6/8-pole M12-4,4m Robo hose",23100
8001561,Extension cable 8-pole DT-FULL 2m,20500
8002472,Extension cable 8-pole DT-FULL 9m Robo hose,51400
8000095,Extension cable 8-pole M12-FULL 2m,26500
8001988,"Extension cable Male 2/5-pole-M12 0,5m",13600
8000607,Extension cord pressure Sensors Kobleco,13400
1036200,Extension kit 500mm GRB,106600
1044934,Extension kit 500mm GRB1250/1500L,103700
1032146,"Extension left, GRB",40100
1034692,Extension left. GRB1250,37500
1013826,Extension PP3200,214500
1032154,Extension right. GRB,40100
1034683,Extension right. GRB1250,37000
1042177,Fastener - tape attachment plate QPM,1200
1044052,Fastening plate QSM swivel,54500
1052396,Fastening plate QSM45 swivel,19100
1064337,Fastening plate-power plug-ECO40W-QSM40,1600
1027297,"FCI APEX 150 16S housing, black",4800
841802,FCI Pin - 20 pieces-DC2,2900
841804,FCI Socket 20 pieces - DC2,2900
6000416,Feather key 10x8x22 DIN6885 EC204B,100
6000370,Feather key 10x8x36(35) C45 EC206B,200
650101,"Feather key 10x8x45 C45 EC10, EC02, EC209 550475",400
650102,"Feather key 10x8x50 C45 EC05B,EC15,EC20,EC214,EC219,EC226",400
650103,"Feather key 12x8x60 C45 EC30, EC233",900
6000188,Feather key 8x7x30 C45,200
6000255,Feather key 8x7x40 C45,100
650104,"Feather key EC05, 550380",400
810410,Feed/double feeder cable SVAB,73000
8000465,Feeder swap kit,61000
1080683,FG12R-QS45-T16,3841000
1075984,FG12R-QS45-T5,950600
1075985,FG16R-QS60-T2,1439800
1075986,FG20R-QS70-T12,1898200
400797,Flange,1600
7002050,"Flange 1"" socket 1/4""",8600
7002051,"Flange 1/2"" socket 1/4""",7600
7000926,Flange 58601-Code62(CAT) 16-16 BSPP 6000PSI,16500
7001622,Flange 58601-Code62(CAT) 20-16 BSPP 6000PSI,24700
7001080,Flange half 1 3000PSI,1100
711085,"Flange half 3/4"" 3000PSI",1400
8000977,Flat fuse MIDI 15 AMP,900
1056072,"Flat seal for ECO 1"" V3",2600
1050018,"Flat seal for ECO 1/2"" V3",600
1053936,"Flat seal for ECO 1/4"" V3",500
1050580,"Flat seal for ECO 3/4"" V3",800
1052976,"Flat seal for ECO 3/8"" V3",500
7000840,"Flow distributor SYNC GRD45/50, 60, 70 complete",162000
730272,Flow valve 70 l/min PP350,69800
1037091,Flow valve 70L/min. AMAB (replacement for 301938),236100
1031560,Flow valve Pulse 120L/min. AMAB,236100
1027296,FNR protective cover rubber,1700
1027295,FNR rocker - MIG2 Joystick,15600
810321,FNR rocker - OTTO Joystick,24400
8000527,FNR rocker - Volvo EW/EWR 32220,23000
8002822,FNR Rocker Dual Analog Left,26900
8002823,FNR Rocker Dual Analog Right,26900
8002824,FNR Rocker Single Analog WN,15400
1067593,Fork Hyd left w. pin TP500 2t 80x40x1200,351900
1067589,Fork Hyd left w. pin TP500 2t 80x40x800,274700
1046403,"Fork Hyd left w. pin TP500 4,7t-125x45x1200",328700
1067592,Fork Hyd right w. pin TP500 2t 80x40x1200,351900
1067590,Fork Hyd right w. pin TP500 2t 80x40x800,274700
1046400,"Fork Hyd right w. pin TP500 4,7t-125x45x1200",328700
1043830,"Fork mechanical TP500 2,9t 100x40x1200 VETTER",105200
1076387,"Fork mechanical TP500 2,9t 100x45x1200 DELTA EFFE",98100
1076548,Fork mechanical TP500 2t 80x40x800 DELTA EFFE,61700
1065642,Fork mechanical TP500 2t 80x40x800 VETTER,115400
1046489,"Fork mechanical TP500 5,7t 125x50x1200",359600
1031180,"Fork mechanical TP500 5,7t 125x50x1500",317900
1032402,"Fork mechanical without pin TP500 4,7t 125x45x1200",267000
1068753,Fork UNI V2 left TP500 5t 125x50x1200,328700
1068731,Fork UNI V2 right TP500 5t 125x50x1200,328700
1068058,Frame Brush Holder SWD 1400,180600
1040167,Frame Brush Holder SWD 1600,226900
1036786,Frame Brush Holder SWD 420,137800
1014302,Frame for quick hitch switch (Carling),4000
1056832,Frame GHH1500-QS60,822500
1016936,Frame Grab20 Rail,1032400
1065061,Frame Grab20-R2-Rail -Black,518500
1063189,Frame GRD40,584900
1064985,Frame GRD45/50 V2 Black,524700
1079401,Frame GRD45/50B,429000
1064984,Frame GRD60 V2 Black,447500
1068911,Frame GRD60B,452200
1071000,Frame GRD70B,588000
1051794,Frame SG03 screwed,211400
1051865,Frame SG06,225300
1053590,Frame SG12,510800
1051735,Frame SG19,595700
1051770,Frame SG26,580200
1051812,Frame SG33,856500
1069769,Frame SWD45 V3 Black,401200
1069772,Frame SWD60 V3 Black,416700
1035455,Frame sweep arm long SWD,385800
1035756,Frame sweep arm short SWD,277800
1034924,Frame TG28HD,475300
1034778,Frame TG42HD,621900
403270,Front cylinder pin SW48,27200
401278,Front pin Liebherr SW33,22700
810664,"Fuse Carrier, junction ATO",19800
810663,"Fuse Carrier, junction Mini",12800
1067641,"GAF-GH1000-CW10 0°-100x45x1200 FEM-2,9t TP500",617300
1075267,GAF-GH1000-HYD-100x45x1200 FEM-2.9t TP500,379600
1076547,GAF-GH1000L-S30/180-80x40x800 FEM-2t TP500,291700
1065643,GAF-GH1000L-S40-80x40x800 FEM-2t TP500,297800
1031986,"GAF-GH1000-MS/HS03-100x40x1200 FEM-2,9t TP500",432100
1029549,"GAF-GH1000-S40-100x45x1200 FEM-2,9t TP500",347200
1029539,"GAF-GH1000-S45-100x45x1200 FEM-2,9t TP500",356500
1029544,"GAF-GH1000-S50-100x45x1200 FEM-2,9t TP500",364200
1080086,GAF-GH1200 V2-//-125x50x1200-5T TP500,702200
1076979,GAF-GH1200 V2-CW30-125x50x1200-5T TP500,884300
1074544,GAF-GH1200 V2-QS45-125x50x1200-5T TP500,648100
1068988,GAF-GH1200 V2-QS60-125x50x1200-5T TP500,655900
1074303,GAF-GH1200 V2-QS70-125x50x1200-5T TP500,713000
1080626,GAF-GH1200 V2-QS80-125x50x1200-5T TP500,790100
1029542,"GAF-GH1200-S70-125x45x1200-4,7t TP500",734600
1033891,"GAF-GH1500-S70-125x50x1500-5,7t TP500",822500
1066765,GAF-GHH1000L-QS40-80x40x1200-2T TP500-T59,757700
1066757,GAF-GHH1000L-QS40-80x40x800-2T TP500-T59,720700
1069990,GAF-GHH1200 V2-//-125x50x1200-5T TP500,885800
1069068,GAF-GHH1200 V2-QS45-125x50x1200-5T TP500-T5,898100
1069549,GAF-GHH1200 V2-QS60-125x50x1200-5T TP500,916700
1068747,GAF-GHH1200 V2-QS60-125x50x1200-5T TP500-T2,916700
1074320,GAF-GHH1200 V2-QS70-125x50x1200-5T TP500-T12,981500
1075976,GAF-GHH1200 V2-QS80-125x50x1200-5T TP500-T35,1250000
1052845,"GAF-GHH1200L-QS45-100x40x1200-2,9T TP500-T5",901200
1050716,"GAF-GHH1200L-QS45-T5-100x40x1200-2,9T TP500",688300
1059899,"GAF-GHH1200L-QS50-100x40x1200-2,9t TP500-T5",941400
1041434,"GAF-GHH1200-QS45-125x45x1200-4,7t TP500",967600
1061048,"GAF-GHH1200-QS45-125x45x1200-4,7t TP500-T5",967600
1043173,"GAF-GHH1200-QS60-125x45x1200-4,7t TP500-T2",1009300
1052846,"GAF-GHH1200-QS60-125x45x1200-4,7t TP500-T2",1074100
1052847,"GAF-GHH1200-QS60-125x50x1500-5,7t TP500-T2",1146600
200108,Gear house cover,205200
302929,Gear wheel 18T positioners Atlet,116800
1059500,Generator PC6000 V2 (with hydraulmotor),1728400
1076196,Generator PC6000 V2 (without motor),1456800
1011618,Generator PP3200 (with motor),1049400
403989,Generator PP950,1067900
200922K,Grab arm 05-double-complete,153400
200921K,Grab arm 05-single-complete,137800
200423K,Grab arm 10-double-complete,209900
200422K,Grab arm 10-single-complete,174400
200161K,Grab arm 20-double-complete,253100
201961,Grab arm 20HD (50mm),478400
201961K,Grab arm 20HD (50mm) complete,532400
200162K,Grab arm 20-single-complete,226900
303345K,Grab arm 30-double-complete,441400
303330K,Grab arm 30-single-complete,419800
1033765,Grab arm Grab20R2-Rail,578700
1016951,Grab arm Grab20-Rail,421300
1063423,Grab arm GRD40 left,118800
1063429,Grab arm GRD40 right,128200
1038210,Grab arm GRD45/50 left,159000
1038213,Grab arm GRD45/50 right,197500
1031144,Grab arm GRD60 left,313300
1031147,Grab arm GRD60 right,338000
1044774,Grab arm GRD70 left,316400
1044787,Grab arm GRD70 right,350300
301900K,Grab cylinder 05-complete-left,171300
301901K,Grab cylinder 05-complete-right,185200
301898K,Grab cylinder 10-as of 030201-left,183600
301470K,Grab cylinder 10-as of 030201-right,183600
300733K,Grab cylinder 10-complete,189800
302427K,Grab cylinder 10-rotated block-left,175900
302428K,Grab cylinder 10-rotated block-right,189800
303392,Grab cylinder 10-rotated-acid proof piston rod-left,331800
303394,Grab cylinder 10-rotated-acid proof-piston rod-right,331800
301469K,Grab cylinder 20 E.L right as of 0301,220700
300734K,Grab cylinder 20-complete,171300
301931K,Grab cylinder 20-left-as of 0301,220700
1032503,Grab cylinder Grab20R2-Rail-90/70/40,297800
1020026,Grab cylinder Grab20-Rail 70/40,351900
1063632,Grab cylinder GRD40,179000
1036481,Grab cylinder GRD45/50 left,196000
1036480,Grab cylinder GRD45/50 right,197500
1076320,"Grab cylinder GRD45/50B, GR10 HYDS",180600
1035017,Grab cylinder GRD60 left,213000
1035018,Grab cylinder GRD60 right,217600
1048549,Grab cylinder GRD60/GRD70-right/left,206800
201020K,Grab cylinder SK05,279300
1028607,Grab cylinder SK10/SG12 & SK15/SG19 SC5H-Q3/1,356500
1012704,Grab cylinder SK20/SG26-SC5H-R3/l,416700
1007312,Grab cylinder SK30/SG33-250bar Ø125/70 SL450,754600
1044120,Grab cylinder TG25HD piston rod Ø40 without Accumulator,299400
1074863,Grab cylinder TG25HD V2 piston rod Ø40 with accumulator,362700
1074864,Grab cylinder TG25HD V2 piston rod Ø40 without Accumulator,356500
1031584,Grab cylinder TG28HD piston rod Ø50 with Accumulator,410500
1031740,Grab cylinder TG42HD piston rod Ø60 with Accumulator,515400
1072036,Grab cylinder TG42HD piston rod Ø60 without Accumulator,504600
1072509,Grab cylinder TG42HD V2 piston rod Ø60 with Accumulator,584900
1084311,Grab cylinder TG42HD V2 piston rod Ø60 without Accumulator,574100
1033591,Grab cylinder TG55HD piston rod Ø70 with Accumulator,819400
1017572,Grab ear lower,13000
201251,Grab guard 05-blacknite,22700
300736K,Grab guard 10-complete-1 fastening hole-left,33800
300737K,Grab guard 10-complete-1 fastening hole-right,33800
1022975K,"Grab guard 10-complete-GR10= left , GRD45/50= right",24200
1022974K,"Grab guard 10-complete-GR10= right , GRD45/50= left",24200
300698K,Grab guard 20-complete,31000
1008181K,Grab guard 20-complete-left V2,33300
1008190K,Grab guard 20-complete-right V2,33300
1063810,Grab guard GRD40,9600
1063151,Grab guard GRD40-right/left-plastic,4000
1051368,Grab guard GRD60/GRD70-right/left-plastic,6000
1051150,Grab guard GRD60/GRD70-right/left-steel,30100
1058842,Grab kit-GR20-for S45/S50/S60-fixed stop-pick,950600
1056305,Grab kit-GR30-HD-fixed stop-pick,1407400
1058484,Grab module-GR20R2-Rail-engcon black,1780900
300693,Grab support-GR20,109300
1000957,Grab support-GR30,134100
1050008,Grading beam 2000mm V2,322600
1059385,Grading beam GRB1500LV2-S40,563300
1054100,Grading beam GRB2000 V2-QS60-EXT,927500
1062868,GRB1250 V2-//,459900
1066564,GRB1250 V2-QS40,512300
1062871,GRB1250 V2-S30/180,509300
1055008,GRB1500 V2-//,668200
1074802,GRB1500 V2-QS60,790100
1059383,GRB1500L V2-//,537000
1066567,GRB1500L V2-QS40,598800
1059384,GRB1500L V2-QS45,634300
1059387,GRB1500L V2-QS50,638900
1054925,GRB2000 V2-//,706800
1054036,GRB2000 V2-QS45,802500
1056679,GRB2000 V2-QS50,808600
1058302,GRB2000 V2-QS60,833300
1055320,GRB2500 V2-//,734600
1079859,GRB2500 V2-CW30,1006200
1077556,GRB2500 V2-CW30 0°,1006200
1054011,GRB2500 V2-QS45,833300
1054040,GRB2500 V2-QS60,862700
1052760,GRB2500 V2-QS60-EXT,947500
1054885,GRB2500 V2-QS70,898100
1074615,GRB2500 V2-QS80,976900
1074559,GRB2500 V2-S60/S50,973800
1056017,GRB3000 V2-//,824100
1056016,GRB3000 V2-QS60,950600
1056013,GRB3000 V2-QS70,987700
1058975,GRB3000 V2-QS80,1064800
1035035,GRD20Q-QSD60/QSM60,912000
1065797,GRD40Q-QSM40,797800
1079540,GRD45/50B-QSD45/50/QSM45/50,993800
1081783,GRD45/50B-QSD45/50/QSM45/50-OQ,864200
1038995,GRD45/50Q-QSD45/50,935200
1057270,GRD45/50Q-QSD45/50/QSM45,966000
1057275,GRD45/50Q-QSD45/50/QSM45/50-engcon black,993800
1044521,GRD45/50-QSD45/50/QSM45/50-engcon black-OQ,864200
1071055,GRD60B-QSD60/QSM60,1069400
1072677,GRD60B-QSD60/QSM60-OQ,953700
1057282,GRD60Q-QSD60/QSM60-engcon black,1037000
1037176,GRD60-QSD60/QSM60,912000
1040671,GRD60-QSD60/QSM60-engcon black,922800
1074818,GRD70B-QSM70,1081800
1076927,GRD70B-QSM70-OQ,996900
1046870,GRD70Q-QSM70,1081800
1050739,GRD70Q-QSM70-engcon black,1098800
1051197,GRD70-QSM70-engcon black,996900
1024111,Grease piston for ECO block,21900
810148,GripCaldaro-Viper Plus-SVAB,216000
810156,GripDanfoss-R-4B-HECR-FNR-SVAB,361100
810152,GripDanfoss-R-HECR-SVAB,341000
810103,GripMIG2-7-pin FO5F-02R-700-ss5,124500
810101,GripMIG2-8-pin-ss5,87200
842089,GripMIG2-L-104-DC2-2R-5NO-1NO/NC-1FNR,271600
8000740,GripMIG2-L-185-DC2-2R-6NO-1NO/NC,274700
8001039,GripMIG2-L-224-DC2-2R-3NO-4NO/NC,199100
8001534,GripMIG2-L-272-DC2-MAP54-2R-5NO-2NO/NC,162000
8001884,GripMIG2-L-298-CAN-3R-7B,243800
8000041,GripMIG2-L-2-DC2-2R-4NO-1NO/NC,222200
8002026,GripMIG2-L-300-CAN-MAP54-3R-7NO/NC,79600
841288,GripMIG2-L-38-DC2-1R-6NO-1NO/NC,226900
841291,GripMIG2-L-41-DC2-2R-6NO-1NO/NC,250000
8000043,GripMIG2-L-4-DC2-3R-4NO-1NO/NC,267000
842090,GripMIG2-L-DC2-AN-MAP53-3R-5NO-1NO/NC-1FNR,268500
841294,GripMIG2-L-DC2-AN-MAP53-3R-6NO-1NO/NC,260800
8000302,GripMIG2-L-DC2-AN-MAP53-4R-4NO-1NO/NC,245400
8000199,GripMIG2-L-DC2-AN-MAP54-2R-5NO-2NO/NC,250000
842042,GripMIG2-L-DC2-AN-MAP54-2R-6NO-1NO/NC,189800
8001020,GripMIG2-L-DC2-AN-MAP54-2R-6NO-1NO/NC-1NO/NC LED,246900
842056,GripMIG2-L-DC2-AN-MAP54-2R-6NO-1NO/NC-RES,202200
8000532,GripMIG2-L-DC2-AN-MAP54-3R-3NO-4NO/NC,242300
8001351,GripMIG2-L-DC2-AN-MAP54-3R-3NO-4NO/NC,250000
8001574,GripMIG2-L-DC2-AN-MAP54-3R-3NO-4NO/NC,274700
8000624,GripMIG2-L-DC2-AN-MAP54-3R-4NO-1NO/NC-1FNR,310200
8001462,GripMIG2-L-DC2-AN-MAP54-3R-4NO-2NO/NC-1FNR,259300
8000286,GripMIG2-L-DC2-AN-MAP54-3R-4NO-2NO/NC-1NO/LED,282400
8000694,GripMIG2-L-DC2-AN-MAP54-3R-5NO-1NO/NC,234600
8001820,GripMIG2-L-DC2-AN-MAP54-3R-5NO-1NO/NC-1FNR,291700
8000513,GripMIG2-L-DC2-AN-MAP54-3R-5NO-1NO/NC-1NO LED,284000
8001541,GripMIG2-L-DC2-AN-MAP54-3R-5NO-1NO/NC-1NO LED,262300
8001021,GripMIG2-L-DC2-AN-MAP54-3R-5NO-1NO/NC-1NO/NC LED,220700
8000600,GripMIG2-L-DC2-AN-MAP54-3R-5NO-2NO/NC,282400
8002693,GripMIG2-L-DC2-AN-MAP54-3R-5NO-2NO/NC,285500
8000739,GripMIG2-L-DC2-AN-MAP54-3R-6NO-1NO/NC,285500
8000752,GripMIG2-L-DC2-AN-MAP54-3R-6NO-1NO/NC,267000
8000754,GripMIG2-L-DC2-AN-MAP54-3R-6NO-1NO/NC,277800
8000804,GripMIG2-L-DC2-AN-MAP54-3R-6NO-1NO/NC,285500
8000840,GripMIG2-L-DC2-AN-MAP54-3R-6NO-1NO/NC,284000
8000909,GripMIG2-L-DC2-AN-MAP54-3R-6NO-1NO/NC,250000
8001261,GripMIG2-L-DC2-AN-MAP54-3R-6NO-1NO/NC,231500
8001279,GripMIG2-L-DC2-AN-MAP54-3R-6NO-1NO/NC,208300
8001325,GripMIG2-L-DC2-AN-MAP54-3R-6NO-1NO/NC,285500
8001845,GripMIG2-L-DC2-AN-MAP54-3R-6NO-1NO/NC,214500
8001853,GripMIG2-L-DC2-AN-MAP54-3R-6NO-1NO/NC,282400
8001855,GripMIG2-L-DC2-AN-MAP54-3R-6NO-1NO/NC,237700
8002032,GripMIG2-L-DC2-AN-MAP54-3R-6NO-1NO/NC,282400
842040,GripMIG2-L-DC2-AN-MAP54-3R-6NO-1NO/NC,263900
842067,GripMIG2-L-DC2-AN-MAP54-3R-6NO-1NO/NC,284000
842127,GripMIG2-L-DC2-AN-MAP54-3R-6NO-1NO/NC,226900
8002127,GripMIG2-L-DC2-AN-MAP54-3R-7NO,282400
8001075,GripMIG2-L-DC2-AN-MAP54-4R-3NO-1NO/NC-1NO/NC LED,262300
8000404,GripMIG2-L-DC2-AN-MAP55-3R-4NO-1NO/NC-1NO/AL,225300
8002639,GripMIG2-L-DC3-AN-MAP53-3R-5NO-2NO/NC,270100
8002642,GripMIG2-L-DC3-AN-MAP54-3R-4NO-2NO/NC-1FNR,302500
8002706,GripMIG2-L-DC3-AN-MAP54-3R-4NO-2NO/NC-1FNR,302500
8002731,GripMIG2-L-DC3-AN-MAP54-3R-4NO-2NO/NC-1FNR,302500
8002654,GripMIG2-L-DC3-AN-MAP54-3R-4NO-3NO/NC,285500
8002644,GripMIG2-L-DC3-AN-MAP54-3R-5NO-2NO/NC,285500
8002646,GripMIG2-L-DC3-AN-MAP54-3R-5NO-2NO/NC,285500
8002648,GripMIG2-L-DC3-AN-MAP54-3R-5NO-2NO/NC,285500
8002650,GripMIG2-L-DC3-AN-MAP54-3R-5NO-2NO/NC,285500
8002746,GripMIG2-L-DC3-AN-MAP54-3R-5NO-2NO/NC,285500
8002766,GripMIG2-L-DC3-AN-MAP54-3R-5NO-2NO/NC,285500
8002774,GripMIG2-L-DC3-AN-MAP54-3R-5NO-2NO/NC,285500
8002817,GripMIG2-L-DC3-AN-MAP54-3R-5NO-2NO/NC,285500
8001871,GripMIG2-L-DC3-CAN-MAP53-3R-7NO/NC,280900
8002512,GripMIG2-L-DC3-CAN-MAP54-3R-7NO/NC,364200
842107,GripMIG2-L-DEMO-AN-MAP53-3R-7NO,97500
843009,GripMIG2-L-Excidor-AN-MAP53-1R-5NO-1NO LED,157400
843017,GripMIG2-L-Excidor-AN-MAP53-1R-6NO,211400
8001410,GripMIG2-L-Excidor-AN-MAP53-3R-3NO-3NO/NC-1NO/NC LED,282400
8000611,GripMIG2-L-Excidor-AN-MAP53-3R-4NO-1NO/NC-1NO/NC LED-1FNR,313300
8001121,GripMIG2-L-OEM-AN-MAP54-2R-7NO,293200
8002119,GripMIG2-L-OEM-CAN-MAP54-3R -7NO/NC,368800
8002927,GripMIG2-L-OEM-CAN-MAP54-3R-1NO-6NO/NC,368800
8002481,GripMIG2-L-OEM-CAN-MAP54-3R-2NO-5NO/NC,364200
8001299,GripMIG2-L-OEM-CAN-MAP54-3R-6NO/NC-1FNR/MON,294800
8002362,GripMIG2-L-OEM-CAN-MAP54-3R-6NO/NC-1FNR/MON,294800
8001313,GripMIG2-L-OEM-CAN-MAP54-3R-7NO/NC,351900
8002457,GripMIG2-L-OEM-CAN-MAP54-3R-7NO/NC,368800
842175,GripMIG2-L-SVAB-AN-MAP53-3R-7NO,270100
8000599,GripMIG2-R-174-DC2-3R-6NO-1NO/NC,288600
8000742,GripMIG2-R-187-DC2-2R-5NO-1NO/NC-1FNR,220700
8001040,GripMIG2-R-225-DC2-2R-2NO-5NO/NC,199100
8001535,GripMIG2-R-271-DC2-MAP54-2R-3NO-3NO/NC-1FNR,162000
8001883,GripMIG2-R-297-CAN-3R-7B,243800
8002027,GripMIG2-R-301-CAN-MAP54-3R-7NO/NC,79600
841289,GripMIG2-R-39-DC2-1R-5NO-2NO/NC,179000
841290,GripMIG2-R-40-DC2-1R-4NO-2NO/NC-1FNR,250000
841292,GripMIG2-R-42-DC2-2R-5NO-2NO/NC,250000
841293,GripMIG2-R-43-DC2-2R-4NO-2NO/NC-1FNR,231500
8000045,GripMIG2-R-6-DC2-3R-2NO-2NO/NC-1FNR,284000
843041,GripMIG2-R-Cranab-AN-MAP53-3R-5NO,319400
842008,GripMIG2-R-DC2-AN-MAP53-3R-4NO-2NO/NC-1FNR,226900
841295,GripMIG2-R-DC2-AN-MAP53-3R-5NO-2NO/NC,265400
8000303,GripMIG2-R-DC2-AN-MAP53-4R-2NO-2NO/NC-1FNR,246900
8000911,GripMIG2-R-DC2-AN-MAP54-2R-3NO-2NO/NC-1NO/NC LED-1FNR,282400
8000912,GripMIG2-R-DC2-AN-MAP54-2R-4NO-2NO/NC-1FNR,285500
842069,GripMIG2-R-DC2-AN-MAP54-2R-4NO-2NO/NC-1FNR,250000
842057,GripMIG2-R-DC2-AN-MAP54-2R-4NO-2NO/NC-1FNR-RES,293200
8000908,GripMIG2-R-DC2-AN-MAP54-2R-5NO-2NO/NC,265400
8001019,GripMIG2-R-DC2-AN-MAP54-2R-6NO-1NO/NC,256200
8001073,GripMIG2-R-DC2-AN-MAP54-3R-2NO-2NO/NC-1FNR,253100
8000533,GripMIG2-R-DC2-AN-MAP54-3R-2NO-5NO/NC,225300
8001352,GripMIG2-R-DC2-AN-MAP54-3R-2NO-5NO/NC,243800
8001575,GripMIG2-R-DC2-AN-MAP54-3R-3NO-4NO/NC,260800
8001025,GripMIG2-R-DC2-AN-MAP54-3R-4NO-1NO LED-1NO/NC-1NO/NC LED,263900
8000200,GripMIG2-R-DC2-AN-MAP54-3R-4NO-1NO/NC-1FNR,288600
8000743,GripMIG2-R-DC2-AN-MAP54-3R-4NO-1NO/NC-1NO/NC LED-1FNR,302500
8000625,GripMIG2-R-DC2-AN-MAP54-3R-4NO-2NO/NC,239200
8000755,GripMIG2-R-DC2-AN-MAP54-3R-4NO-2NO/NC-1FNR,282400
8000805,GripMIG2-R-DC2-AN-MAP54-3R-4NO-2NO/NC-1FNR,302500
8001262,GripMIG2-R-DC2-AN-MAP54-3R-4NO-2NO/NC-1FNR,240700
8002577,GripMIG2-R-DC2-AN-MAP54-3R-4NO-2NO/NC-1FNR,302500
842162,GripMIG2-R-DC2-AN-MAP54-3R-4NO-2NO/NC-1NO/AL,174400
8000910,GripMIG2-R-DC2-AN-MAP54-3R-4NO-2NO/NC-1NO/NC LED,268500
8000514,GripMIG2-R-DC2-AN-MAP54-3R-5NO-1NO/NC-1FNR,302500
8001018,GripMIG2-R-DC2-AN-MAP54-3R-5NO-1NO/NC-1FNR,219100
8001463,GripMIG2-R-DC2-AN-MAP54-3R-5NO-1NO/NC-1FNR,251500
8002126,GripMIG2-R-DC2-AN-MAP54-3R-5NO-1NO/NC-1FNR,299400
8000745,GripMIG2-R-DC2-AN-MAP54-3R-5NO-1NO/NC-1NO/NC LED,285500
8000663,GripMIG2-R-DC2-AN-MAP54-3R-5NO-2NO/NC,228400
8000753,GripMIG2-R-DC2-AN-MAP54-3R-5NO-2NO/NC,256200
8000841,GripMIG2-R-DC2-AN-MAP54-3R-5NO-2NO/NC,259300
8001280,GripMIG2-R-DC2-AN-MAP54-3R-5NO-2NO/NC,213000
8001326,GripMIG2-R-DC2-AN-MAP54-3R-5NO-2NO/NC,287000
8001827,GripMIG2-R-DC2-AN-MAP54-3R-5NO-2NO/NC,217600
8001854,GripMIG2-R-DC2-AN-MAP54-3R-5NO-2NO/NC,282400
8001856,GripMIG2-R-DC2-AN-MAP54-3R-5NO-2NO/NC,177500
8002033,GripMIG2-R-DC2-AN-MAP54-3R-5NO-2NO/NC,282400
8002694,GripMIG2-R-DC2-AN-MAP54-3R-5NO-2NO/NC,285500
842041,GripMIG2-R-DC2-AN-MAP54-3R-5NO-2NO/NC,194400
842068,GripMIG2-R-DC2-AN-MAP54-3R-5NO-2NO/NC,237700
8000405,GripMIG2-R-DC2-AN-MAP55-3R-4NO-2NO/NC-1FNR,233000
8002641,GripMIG2-R-DC3-AN-MAP53-3R-4NO-2NO/NC-1FNR,287000
8002640,GripMIG2-R-DC3-AN-MAP53-3R-5NO-2NO/NC,270100
8002655,GripMIG2-R-DC3-AN-MAP54-3R-1NO-5NO/NC-1FNR,302500
8002649,GripMIG2-R-DC3-AN-MAP54-3R-4NO-2NO/NC-1FNR,302500
8002651,GripMIG2-R-DC3-AN-MAP54-3R-4NO-2NO/NC-1FNR,302500
8002652,GripMIG2-R-DC3-AN-MAP54-3R-4NO-2NO/NC-1FNR,302500
8002707,GripMIG2-R-DC3-AN-MAP54-3R-4NO-2NO/NC-1FNR,302500
8002733,GripMIG2-R-DC3-AN-MAP54-3R-4NO-2NO/NC-1FNR,302500
8002771,GripMIG2-R-DC3-AN-MAP54-3R-4NO-2NO/NC-1FNR,302500
8002643,GripMIG2-R-DC3-AN-MAP54-3R-5NO-2NO/NC,285500
8002647,GripMIG2-R-DC3-AN-MAP54-3R-5NO-2NO/NC,285500
8002653,GripMIG2-R-DC3-AN-MAP54-3R-5NO-2NO/NC,285500
8002748,GripMIG2-R-DC3-AN-MAP54-3R-5NO-2NO/NC,285500
8002768,GripMIG2-R-DC3-AN-MAP54-3R-5NO-2NO/NC,285500
8002776,GripMIG2-R-DC3-AN-MAP54-3R-5NO-2NO/NC,285500
8002818,GripMIG2-R-DC3-AN-MAP54-3R-5NO-2NO/NC,285500
8001870,GripMIG2-R-DC3-CAN-MAP53-3R-6NO/NC-1FNR,277800
8001869,GripMIG2-R-DC3-CAN-MAP53-3R-7NO/NC,280900
8002513,GripMIG2-R-DC3-CAN-MAP54-3R-7NO/NC,364200
8000144,GripMIG2-R-DEMO-AN-MAP53-3R-6NO-1FNR,97500
843011,GripMIG2-R-Excidor-AN-MAP53-1R-5NO-1FNR,150600
843018,GripMIG2-R-Excidor-AN-MAP53-1R-6NO,141700
843043,GripMIG2-R-Excidor-AN-MAP53-1R-6NO-1FNR,157400
843035,GripMIG2-R-Excidor-AN-MAP53-2R-4NO,162000
8001411,GripMIG2-R-Excidor-AN-MAP53-3R-4NO-3NO/NC,271600
8001122,GripMIG2-R-OEM-AN-MAP54-2R-7NO,293200
8002118,GripMIG2-R-OEM-CAN-MAP54-3R- 7NO/NC,368800
8001314,GripMIG2-R-OEM-CAN-MAP54-3R-1NO-6NO/NC,350300
8002480,GripMIG2-R-OEM-CAN-MAP54-3R-2NO-4NO/NC-1FNR,381200
8002479,GripMIG2-R-OEM-CAN-MAP54-3R-2NO-5NO/NC,364200
8001298,GripMIG2-R-OEM-CAN-MAP54-3R-6NO/NC-1FNR,294800
8002361,GripMIG2-R-OEM-CAN-MAP54-3R-6NO/NC-1FNR,294800
8002456,GripMIG2-R-OEM-CAN-MAP54-3R-7NO/NC,368800
8002928,GripMIG2-R-OEM-CAN-MAP54-3R-7NO/NC,368800
842180,GripMIG2-R-SVAB-AN-MAP53-3R-6NO-1FNR,290100
842179,GripMIG2-R-SVAB-AN-MAP53-3R-7NO,274700
1078156,GS for link Ø30/33,313300
1063943,GS-BPE1-QS40,95100
1078099,GS-BPE1-QS40-T59,209900
1049021,GS-BPE1-S30/150,147700
1047787,GS-BPE1-S30/180,57100
1069795,GS-BPE2-CW05GP 0°,319400
1053208,GS-BPE2-CW10 0°,419800
1034943,GS-BPE2-CW20.30.40 (-10°),459900
1048828,GS-BPE2-CW20.30.40 0°,459900
1064040,GS-BPE2-CW20.30.40 10°,459900
1023806,GS-BPE2-CW20.30.40 13°,459900
1021657,GS-BPE2-CW20S.30S.40S (-10°),459900
1005477,GS-BPE2-HS08 5°,402800
1001275,GS-BPE2-HYD 5°,245400
1006744,GS-BPE2-Lehnhoff HS03,325600
1063928,GS-BPE2-QS40,89000
1070851,GS-BPE2-QS40-T59,271600
1025737,GS-BPE2-QS45,114000
1044716,GS-BPE2-QS45-T16,350300
1044714,GS-BPE2-QS45-T5,236100
1029742,GS-BPE2-QS50,114000
1048532,GS-BPE2-QS50-T5,236100
1024015,GS-BPE2-QS60,154300
1043558,GS-BPE2-QS60-T2,291700
1068796,GS-BPE2-QS60-T44,459900
1024772,GS-BPE2-QS70,205200
1045583,GS-BPE2-QS70-T12,384300
1083912,GS-BPE2-QS70-T20,524700
1047124,GS-BPE2-QS80,304000
1001395,GS-BPE2-S1,452200
1052554,GS-BPE2-S30/150,166700
1032542,GS-BPE2-S30/180,95200
1027442,GS-BPE2-S40/240,114000
1017346,GS-BPE2-S60/S50,302500
1024040,GS-BPE2-S60/S70,324100
1001086,"GS-BPE3-CW20,30,40",498500
1067795,GS-BPE3-CW20.30.40 0°,498500
1023978,GS-BPE3-QS60,169800
1047271,GS-BPE3-QS60-T2,308600
1043679,GS-BPE3-QS60-T8,449100
1025055,GS-BPE3-QS70,220700
1044821,GS-BPE3-QS70-T12,399700
1045105,GS-BPE3-QS70-T20,540100
1047091,GS-BPE3-QS80,313300
1000138,GS-BPE3-S1,452200
1018911,GS-BPE3-S60/S70,425900
1077117,GS-BPE4-QS60,228400
1084665,GS-BPE4-QS60-T2,336400
1027045,GS-BPE4-QS70,259300
1048825,GS-BPE4-QS70-T12,439800
1042806,GS-BPE4-QS80,421300
1043054,GS-BPE-QS60 -PP950,84400
1071688,GS-BPE-QS60 -PP950-T2,222200
1027028,GS-BPE-QS70 -PP950,157400
1059665,GS-BPE-QS70 -PP950 -T50,509300
1063878,GS-BPE-QS80 -SK30/TG55-T12,578700
1000730,"GS-BPE-S40 5°-SK05,10/SG06,12/PP3200/SR/GRB/TG25,28",17100
1047810,GS-BPE-S40 -SK02/SG03,17100
1001360,"GS-BPE-S45 -SK05,10/SG06,12/PP3200/SR/GRB/TG25,28",32900
1001490,GS-BPE-S80 -SK30/TG55,75600
1068421,GS-BPH-QS40,114000
1079081,GS-BPH-QS40,114000
1080163,GS-BPH-QS40,114000
1068433,GS-BPH-QS40-T59,296300
1077180,GS-BPH-QS40-T59,296300
1079082,GS-BPH-QS40-T59,296300
1082319,GS-BPH-QS40-T59,296300
1082917,GS-BPH-QS40-T59,296300
1083838,GS-BPH-QS40-T59,296300
1084154,GS-BPH-QS40-T59,302500
1054590,GS-BPH-QS45,162000
1061905,GS-BPH-QS45,162000
1063018,GS-BPH-QS45,162000
1063377,GS-BPH-QS45,162000
1064413,GS-BPH-QS45,162000
1064576,GS-BPH-QS45,162000
1066971,GS-BPH-QS45,162000
1067796,GS-BPH-QS45,162000
1067816,GS-BPH-QS45,162000
1069155,GS-BPH-QS45,162000
1069185,GS-BPH-QS45,151900
1071251,GS-BPH-QS45,162000
1072189,GS-BPH-QS45,162000
1074927,GS-BPH-QS45,162000
1076509,GS-BPH-QS45,162000
1078852,GS-BPH-QS45,162000
1079256,GS-BPH-QS45,162000
1081385,GS-BPH-QS45,162000
1068213,GS-BPH-QS45 5°,182100
1068232,GS-BPH-QS45 5°-T5,304000
1074788,GS-BPH-QS45 BRH SBW MF405,162000
1061913,GS-BPH-QS45-T16,398100
1063030,GS-BPH-QS45-T16,398100
1064418,GS-BPH-QS45-T16,398100
1069170,GS-BPH-QS45-T16,398100
1069190,GS-BPH-QS45-T16,398100
1072054,GS-BPH-QS45-T16,398100
1072193,GS-BPH-QS45-T16,398100
1079091,GS-BPH-QS45-T16,398100
1067811,GS-BPH-QS45-T46,419800
1075321,GS-BPH-QS45-T46,419800
1067062,GS-BPH-QS45-T5,284000
1067849,GS-BPH-QS45-T5,284000
1071257,GS-BPH-QS45-T5,284000
1078853,GS-BPH-QS45-T5,284000
1079192,GS-BPH-QS45-T5,284000
1079193,GS-BPH-QS45-T5,284000
1085267,GS-BPH-QS45-T5,284000
1052692,GS-BPH-QS50,162000
1058826,GS-BPH-QS50,162000
1063311,GS-BPH-QS50,162000
1063858,GS-BPH-QS50,162000
1064058,GS-BPH-QS50,162000
1064370,GS-BPH-QS50,162000
1064988,GS-BPH-QS50,162000
1068124,GS-BPH-QS50,162000
1071729,GS-BPH-QS50,162000
1074494,GS-BPH-QS50,162000
1076847,GS-BPH-QS50,162000
1078795,GS-BPH-QS50,162000
1078873,GS-BPH-QS50,162000
1079021,GS-BPH-QS50,162000
1079160,GS-BPH-QS50,162000
1082767,GS-BPH-QS50,162000
1084337,GS-BPH-QS50,162000
1084740,GS-BPH-QS50,162000
1069202,GS-BPH-QS50 No bolt pattern 430x400,162000
1069217,GS-BPH-QS50 No bolt pattern 430x400-T33,398100
1052732,GS-BPH-QS50-T33,398100
1058828,GS-BPH-QS50-T33,398100
1063319,GS-BPH-QS50-T33,398100
1064373,GS-BPH-QS50-T33,398100
1064995,GS-BPH-QS50-T33,398100
1068134,GS-BPH-QS50-T33,398100
1071733,GS-BPH-QS50-T33,398100
1074497,GS-BPH-QS50-T33,398100
1076846,GS-BPH-QS50-T33,398100
1077636,GS-BPH-QS50-T33,398100
1078796,GS-BPH-QS50-T33,398100
1078810,GS-BPH-QS50-T33,398100
1078874,GS-BPH-QS50-T33,398100
1079022,GS-BPH-QS50-T33,398100
1079163,GS-BPH-QS50-T33,398100
1079848,GS-BPH-QS50-T33,398100
1080465,GS-BPH-QS50-T33,398100
1080988,GS-BPH-QS50-T33,398100
1082004,GS-BPH-QS50-T33,398100
1084340,GS-BPH-QS50-T33,398100
1084743,GS-BPH-QS50-T33,398100
1085047,GS-BPH-QS50-T33,398100
1049298,GS-BPH-QS60,179000
1052157,GS-BPH-QS60,179000
1052781,GS-BPH-QS60,179000
1053490,GS-BPH-QS60,179000
1061415,GS-BPH-QS60,179000
1061678,GS-BPH-QS60,179000
1061867,GS-BPH-QS60,179000
1062255,GS-BPH-QS60,179000
1062925,GS-BPH-QS60,179000
1064230,GS-BPH-QS60,179000
1065202,GS-BPH-QS60,179000
1065314,GS-BPH-QS60,179000
1065629,GS-BPH-QS60,179000
1065841,GS-BPH-QS60,179000
1066863,GS-BPH-QS60,179000
1067485,GS-BPH-QS60,179000
1067595,GS-BPH-QS60,179000
1067869,GS-BPH-QS60,179000
1070360,GS-BPH-QS60,179000
1073656,GS-BPH-QS60,179000
1074067,GS-BPH-QS60,179000
1074362,GS-BPH-QS60,179000
1076315,GS-BPH-QS60,179000
1076380,GS-BPH-QS60,179000
1076673,GS-BPH-QS60,179000
1077359,GS-BPH-QS60,179000
1079293,GS-BPH-QS60,179000
1084547,GS-BPH-QS60,179000
1084829,GS-BPH-QS60,179000
1064397,GS-BPH-QS60 - xx,179000
1048865,GS-BPH-QS60 H115Es-T8,456800
1061426,GS-BPH-QS60-T2,316400
1066872,GS-BPH-QS60-T2,316400
1067616,GS-BPH-QS60-T2,316400
1073662,GS-BPH-QS60-T2,316400
1074091,GS-BPH-QS60-T2,316400
1075330,GS-BPH-QS60-T2,316400
1079295,GS-BPH-QS60-T2,316400
1079901,GS-BPH-QS60-T2,316400
1080114,GS-BPH-QS60-T2,316400
1082184,GS-BPH-QS60-T2,316400
1084779,GS-BPH-QS60-T2,316400
1062516,GS-BPH-QS60-T44,483000
1067880,GS-BPH-QS60-T44,483000
1049305,GS-BPH-QS60-T8,456800
1052201,GS-BPH-QS60-T8,456800
1061688,GS-BPH-QS60-T8,456800
1061718,GS-BPH-QS60-T8,456800
1062284,GS-BPH-QS60-T8,456800
1062929,GS-BPH-QS60-T8,456800
1065206,GS-BPH-QS60-T8,456800
1065317,GS-BPH-QS60-T8,456800
1065638,GS-BPH-QS60-T8,456800
1065845,GS-BPH-QS60-T8,456800
1066873,GS-BPH-QS60-T8,456800
1067493,GS-BPH-QS60-T8,456800
1067661,GS-BPH-QS60-T8,456800
1070376,GS-BPH-QS60-T8,456800
1074367,GS-BPH-QS60-T8,456800
1076384,GS-BPH-QS60-T8,456800
1076415,GS-BPH-QS60-T8,456800
1077367,GS-BPH-QS60-T8,456800
1079748,GS-BPH-QS60-T8,456800
1080324,GS-BPH-QS60-T8,456800
1081095,GS-BPH-QS60-T8,456800
1082085,GS-BPH-QS60-T8,456800
1082149,GS-BPH-QS60-T8,456800
1082256,GS-BPH-QS60-T8,456800
1082291,GS-BPH-QS60-T8,456800
1083204,GS-BPH-QS60-T8,456800
1084276,GS-BPH-QS60-T8,456800
1084550,GS-BPH-QS60-T8,456800
1084831,GS-BPH-QS60-T8,456800
1050231,GS-BPH-QS70,287000
1062492,GS-BPH-QS70,287000
1063275,GS-BPH-QS70,287000
1063644,GS-BPH-QS70,287000
1065241,GS-BPH-QS70,302500
1066431,GS-BPH-QS70,287000
1066574,GS-BPH-QS70,287000
1072358,GS-BPH-QS70,287000
1083637,GS-BPH-QS70,287000
1083861,GS-BPH-QS70,287000
1084578,GS-BPH-QS70,287000
1085016,GS-BPH-QS70,287000
1050291,GS-BPH-QS70-T20,608000
1059681,GS-BPH-QS70-T20,608000
1062507,GS-BPH-QS70-T20,608000
1063278,GS-BPH-QS70-T20,608000
1063659,GS-BPH-QS70-T20,608000
1066462,GS-BPH-QS70-T20,608000
1072360,GS-BPH-QS70-T20,608000
1077240,GS-BPH-QS70-T20,608000
1079946,GS-BPH-QS70-T20,608000
1083641,GS-BPH-QS70-T20,608000
1084598,GS-BPH-QS70-T20,608000
1085035,GS-BPH-QS70-T20,608000
1066587,GS-BPH-QS70-T50,638900
1083210,GS-BPH-QS70-T50,638900
1064385,GS-BPH-QS80,493800
1065573,GS-BPH-QS80,421300
1071034,GS-BPH-QS80,421300
1071036,GS-BPH-QS80-T41,969100
1073846,GS-BPH-S30/180,56900
1079768,GS-BPH-S30/180,56900
1084366,GS-BP-QS40,114000
1082456,GS-BP-QS40 5°-T59,296300
1084222,GS-BP-QS40 5°-T59,304000
1082194,GS-BP-QS40-T59,296300
1082795,GS-BP-QS40-T59,296300
1083793,GS-BP-QS40-T59,296300
1083818,GS-BP-QS40-T59,296300
1084369,GS-BP-QS40-T59,296300
1076709,GS-BP-QS45,162000
1079991,GS-BP-QS45,162000
1084603,GS-BP-QS45,162000
1084646,GS-BP-QS45,162000
1084672,GS-BP-QS45,162000
1085268,GS-BP-QS45,162000
1071263,GS-BP-QS45 5°,182100
1071288,GS-BP-QS45 5°,182100
1078743,GS-BP-QS45 5°,182100
1078746,GS-BP-QS45 5°-T16,416700
1071258,GS-BP-QS45 5°-T5,304000
1071406,GS-BP-QS45 5°-T5,304000
1071654,GS-BP-QS45 -6xØ17-Ø160/6 circular spread,162000
1071311,GS-BP-QS45- Bucket grab,162000
1071682,GS-BP-QS45-6xØ17-Ø160/6 circular spread-T5,284000
1085271,GS-BP-QS45-T46,419800
1076712,GS-BP-QS45-T5,284000
1080006,GS-BP-QS45-T5,284000
1084675,GS-BP-QS45-T5,284000
1071112,GS-BP-QS50,162000
1079529,GS-BP-QS50,162000
1083979,GS-BP-QS50,142941
1085283,GS-BP-QS50,162000
1076243,GS-BP-QS50 5°,182100
1078822,GS-BP-QS50 5°,182100
1080977,GS-BP-QS50 5°-T33,416700
1076311,GS-BP-QS50 5°-T5,304000
1078823,GS-BP-QS50 5°-T5,304000
1084219,GS-BP-QS50 5°-T5,416700
1071118,GS-BP-QS50-T33,398100
1079532,GS-BP-QS50-T33,398100
1084214,GS-BP-QS50-T33,398100
1083982,GS-BP-QS50-T5,284000
1085287,GS-BP-QS50-T5,284000
1062830,GS-BP-QS60,179000
1079661,GS-BP-QS60,179000
1081305,GS-BP-QS60,179000
1082666,GS-BP-QS60,179000
1084298,GS-BP-QS60,179000
1084312,GS-BP-QS60,179000
1084393,GS-BP-QS60,179000
1084430,GS-BP-QS60,179000
1084834,GS-BP-QS60,179000
1062959,GS-BP-QS60 5°,197500
1076469,GS-BP-QS60 5°,197500
1078598,GS-BP-QS60 5°,197500
1085194,GS-BP-QS60 5°,197500
1085258,GS-BP-QS60 5°,197500
1085262,GS-BP-QS60 5°,197500
1062747,GS-BP-QS60 5°-T2,334900
1062973,GS-BP-QS60 5°-T2,334900
1085198,GS-BP-QS60 5°-T2,334900
1085261,GS-BP-QS60 5°-T2,334900
1085265,GS-BP-QS60 5°-T2,334900
1049668,GS-BP-QS60 -CAT G310-G315 -T8,456800
1078075,GS-BP-QS60 -Link Ø30/33 complette,179000
1078096,GS-BP-QS60 -Link Ø30/33 complette -T8,456800
1040442,GS-BP-QS60 -Link Ø70/281mm,179000
1045604,GS-BP-QS60 -Link Ø70/281mm -T2,316400
1043518,GS-BP-QS60 -Link Ø70/281mm -T8,456800
1057206,"GS-BP-QS60 -Simex PLB450, PHD450",179000
1078599,GS-BP-QS60-5°-T8,475300
1062841,GS-BP-QS60-T2,316400
1083286,GS-BP-QS60-T2,316400
1084315,GS-BP-QS60-T2,316400
1084414,GS-BP-QS60-T2,316400
1084451,GS-BP-QS60-T2,316400
1079663,GS-BP-QS60-T8,456800
1080275,GS-BP-QS60-T8,456800
1084301,GS-BP-QS60-T8,456800
1084394,GS-BP-QS60-T8,456800
1084837,GS-BP-QS60-T8,456800
1062383,GS-BP-QS70,287000
1063134,GS-BP-QS70,287000
1065893,GS-BP-QS70,287000
1066108,GS-BP-QS70,287000
1071804,GS-BP-QS70,287000
1072361,GS-BP-QS70,287000
1057992,GS-BP-QS70 5°,327200
1061634,GS-BP-QS70 5°,327200
1073647,GS-BP-QS70 5°,327200
1058004,GS-BP-QS70 5° -T12,506200
1073655,GS-BP-QS70 5° -T12,506200
1061651,GS-BP-QS70 5°-T20,646600
1079083,GS-BP-QS70 5°-T20,646600
1062393,GS-BP-QS70-T20,608000
1065924,GS-BP-QS70-T20,608000
1066130,GS-BP-QS70-T20,608000
1071823,GS-BP-QS70-T20,608000
1072374,GS-BP-QS70-T20,608000
1081226,GS-BP-QS70-T20,608000
1045266,GS-BP-SW48 GRB,432100
1068564,GS-BPTR-S40,114700
1062412,GS-BPTR-S45,123300
1062089,GS-BPTR-S60,137200
1062422,GS-BPTR-S70,168200
1068627,GS-BPTR-S80,197500
1007227,GS-WD-HYD,50800
1013757,GS-WD-Lehnhoff SW03 symlock,126400
1013758,GS-WD-Lehnhoff SW08 symlock,253100
1057137,GS-WD-QS40,50000
1064339,GS-WD-QS40 5°,50000
1064352,GS-WD-QS40 5° -T59,233000
1082419,GS-WD-QS40 h+20mm,50000
1082424,GS-WD-QS40 h+20mm -T59,233000
1065331,GS-WD-QS40 -T59,233000
1025889,GS-WD-QS45,76500
1044717,GS-WD-QS45 5°,95400
1051222,GS-WD-QS45 5° -T5,217600
1043271,GS-WD-QS45 h+20mm,95400
1039516,GS-WD-QS45 h+30mm,95400
1058774,GS-WD-QS45 h+30mm -T16,331800
1082757,GS-WD-QS45 h+30mm -T46,353400
1056035,GS-WD-QS45 h+30mm -T5,217600
1048866,GS-WD-QS45 h+50mm,104600
1060486,GS-WD-QS45 h+50mm -T16,341000
1045258,GS-WD-QS45-T16,313300
1079854,GS-WD-QS45-T25,334900
1065360,GS-WD-QS45-T39 right,228400
1058174,GS-WD-QS45-T46,334900
1043738,GS-WD-QS45-T5,199100
1061035,GS-WD-QS45-T55,334900
1066224,GS-WD-QS45-T68,228400
1081096,GS-WD-QS45-T82,334900
1029993,GS-WD-QS50,76500
1059373,GS-WD-QS50 h+100mm,115600
1059376,GS-WD-QS50 h+100mm -T33,351900
1059196,GS-WD-QS50 h+70mm -T33,347200
1050448,GS-WD-QS50 -T33,313300
1045416,GS-WD-QS50 -T5,199100
1025090,GS-WD-QS60,84400
1028722,GS-WD-QS60 h+100mm,143800
1056416,GS-WD-QS60 h+100mm -T38,342600
1052095,GS-WD-QS60 h+100mm -T8,421300
1042573,GS-WD-QS60 h+250mm,154300
1043150,GS-WD-QS60 h+250mm -T2,291700
1032438,GS-WD-QS60 h+50mm,123500
1058602,GS-WD-QS60 h+50mm -T2,260800
1067964,GS-WD-QS60 h+50mm -T44,427500
1059456,GS-WD-QS60 h+50mm -T8,401200
1049669,GS-WD-QS60 M318F -T8,362700
1055691,GS-WD-QS60 -T1,265400
1043397,GS-WD-QS60 -T2,222200
1046598,GS-WD-QS60 -T26,265400
1055690,GS-WD-QS60 -T37,388900
1052955,GS-WD-QS60 -T38,388900
1056476,GS-WD-QS60 -T43 right,265400
1060209,GS-WD-QS60 -T44,388900
1043398,GS-WD-QS60 -T8,362700
1024771,GS-WD-QS70,118800
1027657,GS-WD-QS70 h+50mm,165100
1058705,GS-WD-QS70 h+50mm -T12,345700
1057965,GS-WD-QS70 h+50mm -T20,486100
1058577,GS-WD-QS70 h+50mm -T49,393500
1074223,GS-WD-QS70 h+50mm -T50,517000
1049389,GS-WD-QS70 -T11,347200
1045104,GS-WD-QS70 -T12,297800
1044937,GS-WD-QS70 -T18,347200
1048036,GS-WD-QS70 -T20,439800
1084491,GS-WD-QS70 -T32,489200
1059725,GS-WD-QS70 -T45 right,347200
1079853,GS-WD-QS70 -T50,470700
1034956,GS-WD-QS80,203700
1060384,GS-WD-QS80 h+100mm,288600
1060383,GS-WD-QS80 h+50mm,265400
1059967,GS-WD-QS80 -T35,578700
1076185,GS-WD-QS80 -T40,609600
1060137,GS-WD-QS80 -T41,750000
1065281,GS-WD-QS80 -T53,844100
300514,GS-WD-S1,197500
102418,GS-WD-S30/150,9600
102777,GS-WD-S30/180,15600
300533,GS-WD-S40,17100
1049709,GS-WD-S40 (10) h+250,34300
200068,GS-WD-S45,32400
1041568,GS-WD-S45 h+250,46900
200065,GS-WD-S50,38000
1044953,GS-WD-S50 axles 38MNVs6,37500
100121,GS-WD-S60,64000
1041122,GS-WD-S60 h+250,75000
1000051,GS-WD-S60 h+30mm,64000
200335,GS-WD-S70,95100
1043668,GS-WD-S70 h+250mm,114200
200330,GS-WD-S80,113900
1049712,GS-WD-S80 (32) h+250,231500
1005535,GS-WD-T620 -GH/GHH,368800
9000882,Guide - QSC Quick guide - DC2,400
9000883,Guide - QSC Quick guide - DC3,900
710958,"Guide belt centre ring EC05B,EC206",8800
710953,Guide belt EC02,9900
712426,Guide belt EC204,5400
1008483,Guide ECO Ø30,5100
400674,"Guide pin 12,14,16",3100
1077478,Guide Pin ø8x43 ECO40,1400
400611,Guide pin RF 10,7400
8001369,Hand support spare part kit - MIG2,9900
841865,Hand support-Left-MIG2,2500
841866,Hand support-Right-MIG2,2500
1036790,Handle plate - SWD,8000
1035594,Handle plate large - SWD,8000
8000502,Harness kit L8-Left Volvo EW/EWR from 32200,36400
8000501,Harness kit L8-Right Volvo EW/EWR from 32220,36600
303387,Harness prop SVAB dubble feeder 4-hose,25600
810662,Holder Deutsch DT/DTM connector,800
8001315,Holder Deutsch DT04-8P connector,1400
1026678,Holder extra QS45,4500
1025119,Holder extra QS60,4800
1025035,Holder extra QS70,4800
8000289,Holder for Carling & KR Switch,15600
1004041,Holder S40M mechanical EC05B,38900
300282,Hook,113000
1011360,Hook ECO45,123800
1011361,Hook ECO60,169800
1006510,Hook support S2.27,8800
302373,Hook Tilt Upper Section 20 / S1 EC20,46000
7000002,Hose,9000
7000008,Hose,8600
7000013,Hose,11100
7000029,Hose,10800
7000032,Hose,12000
7000033,Hose,11100
7000039,Hose,17100
7000040,Hose,16800
7000041,Hose,12300
7000051,Hose,12300
7000053,Hose,8800
7000062,Hose,9300
7000065,Hose,75300
7000070,Hose,24400
7000079,Hose,5400
7000096,Hose,8600
7000098,Hose,7400
7000109,Hose,5600
7000118,Hose,11000
7000143,Hose,34100
7000144,Hose,30700
7000158,Hose,42900
7000161,Hose,33500
7000162,Hose,32600
7000178,Hose,6800
7000179,Hose,9700
7000180,Hose,10800
7000181,Hose,6600
7000223,Hose,4400
7000224,Hose,5700
7000225,Hose,4500
7000226,Hose,5100
7000259,Hose,7700
7000260,Hose,8500
7000262,Hose,5100
7000263,Hose,5400
7000274,Hose,11000
7000275,Hose,15600
7000276,Hose,12500
7000277,Hose,5600
7000278,Hose,5400
7000287,Hose,5400
7000302,Hose,8000
7000303,Hose,8200
7000304,Hose,8800
7000321,Hose,7400
7000323,Hose,12500
7000324,Hose,11700
7000325,Hose,10500
7000335,Hose,14800
7000358,Hose,33500
7000375,Hose,33300
7000376,Hose,12300
7000377,Hose,13300
7000396,Hose,15700
7000397,Hose,14200
7000401,Hose,67000
7000406,Hose,36000
7000414,Hose,7700
7000416,Hose,27300
7000417,Hose,13700
7000418,Hose,9900
7000419,Hose,9000
7000420,Hose,6800
7000421,Hose,5400
7000422,Hose,7400
7000423,Hose,4500
7000424,Hose,8600
7000425,Hose,9900
7000429,Hose,15100
7000431,Hose,7900
7000432,Hose,11000
7000433,Hose,6500
7000434,Hose,6800
7000435,Hose,5400
7000436,Hose,6000
7000437,Hose,6900
7000441,Hose,9900
7000442,Hose,6000
7000443,Hose,6800
7000444,Hose,5400
7000445,Hose,7400
7000446,Hose,7400
7000447,Hose,7400
7000448,Hose,8000
7000449,Hose,5400
7000450,Hose,9000
7000451,Hose,6000
7000454,Hose,70700
7000455,Hose,94400
7000460,Hose,6800
7000461,Hose,7400
7000462,Hose,7700
7000463,Hose,5100
7000486,Hose,8600
7000487,Hose,13300
7000488,Hose,13700
7000489,Hose,11100
7000490,Hose,12000
7000491,Hose,16500
7000496,Hose,13300
7000499,Hose,25900
7000500,Hose,14800
7000522,Hose,9000
7000524,Hose,42600
7000526,Hose,39800
7000540,Hose,7400
7000541,Hose,7400
7000560,Hose,11700
7000563,Hose,10500
7000569,Hose,13400
7000576,Hose,24400
7000580,Hose,7400
7000581,Hose,12800
7000582,Hose,12300
7000583,Hose,9400
7000590,Hose,7400
7000591,Hose,101400
7000592,Hose,16800
7000600,Hose,9700
7000605,Hose,14200
7000608,Hose,32700
7000609,Hose,9900
7000610,Hose,9700
7000611,Hose,7700
7000649,Hose,18200
7000650,Hose,31800
7000651,Hose,8500
7000652,Hose,10800
7000655,Hose,98800
7000656,Hose,6800
7000657,Hose,3700
7000661,Hose,8800
7000663,Hose,18800
7000664,Hose,38700
7000669,Hose,81600
7000670,Hose,79300
7000671,Hose,84900
7000672,Hose,14800
7000680,Hose,20700
7000701,Hose,33300
7000704,Hose,11000
7000714,Hose,6800
7000721,Hose,9700
7000724,Hose,9400
7000726,Hose,27000
7000727,Hose,7700
7000728,Hose,5100
7000729,Hose,12300
7000743,Hose,7400
7000744,Hose,2400
7000749,Hose,8800
7000754,Hose,5600
7000769,Hose,6500
7000770,Hose,8300
7000789,Hose,5600
7000790,Hose,5600
7000795,Hose,5400
7000797,Hose,13300
7000798,Hose,16700
7000807,Hose,6800
7000808,Hose,13600
7000809,Hose,7600
7000810,Hose,8200
7000811,Hose,7700
7000814,Hose,10300
7000832,Hose,6000
7000833,Hose,7400
7000861,Hose,5600
7000884,Hose,7700
7000888,Hose,9400
7000889,Hose,9000
7000891,Hose,7400
7000892,Hose,9900
7000895,Hose,8800
7000896,Hose,11000
7000899,Hose,9400
7000900,Hose,10300
7000903,Hose,5600
7000909,Hose,8800
7000910,Hose,14200
7000912,Hose,14800
7000913,Hose,22200
7000936,Hose,7400
7000942,Hose,8600
7000943,Hose,6000
7000944,Hose,32400
7000953,Hose,9000
7000954,Hose,7300
7000955,Hose,10300
7000956,Hose,9900
7000957,Hose,9700
7000958,Hose,6500
7000979,Hose,6300
7000982,Hose,7700
7001034,Hose,7400
7001035,Hose,11100
7001036,Hose,8000
7001049,Hose,11100
7001050,Hose,11100
7001052,Hose,11100
7001059,Hose,8000
7001110,Hose,9000
7001111,Hose,9000
7001112,Hose,8000
7001113,Hose,8600
7001114,Hose,8600
7001115,Hose,10500
7001172,Hose,9900
7001173,Hose,10800
7001231,Hose,5700
7001265,Hose,38400
7001266,Hose,43200
7001267,Hose,9000
7001268,Hose,8600
7001269,Hose,44000
7001270,Hose,45100
7001277,Hose,6000
7001278,Hose,7600
7001279,Hose,7400
7001280,Hose,7400
7001299,Hose,46000
7001300,Hose,43200
7001301,Hose,44600
7001302,Hose,43200
7001306,Hose,6500
7001307,Hose,6500
7001310,Hose,9900
7001312,Hose,12200
7001313,Hose,12200
7001324,Hose,4600
7001325,Hose,4600
7001340,Hose,5100
7001373,Hose,7400
7001381,Hose,6600
7001382,Hose,6600
7001390,Hose,89000
7001404,Hose,6500
7001448,Hose,9400
7001449,Hose,4600
7001452,Hose,11400
7001454,Hose,5600
7001465,Hose,3900
7001482,Hose,4600
7001505,Hose,4500
7001517,Hose,19900
7001518,Hose,35000
7001519,Hose,14700
7001520,Hose,7900
7001537,Hose,18200
7001543,Hose,6900
7001544,Hose,7100
7001545,Hose,9900
7001546,Hose,10000
7001547,Hose,13400
7001548,Hose,13400
7001549,Hose,8800
7001550,Hose,8800
7001551,Hose,12000
7001552,Hose,12200
7001553,Hose,12800
7001554,Hose,13100
7001555,Hose,12300
7001556,Hose,12800
7001573,Hose,7700
7001574,Hose,7300
7001575,Hose,8500
7001586,Hose,16800
7001587,Hose,22100
7001588,Hose,41200
7001589,Hose,10800
7001620,Hose,13700
7001625,Hose,7600
7001628,Hose,36600
7001629,Hose,5200
7001630,Hose,6500
7001654,Hose,3700
7001655,Hose,3500
7001686,Hose,6800
7001687,Hose,6800
7001803,Hose,36100
7001804,Hose,54000
7001843,Hose,4600
7001844,Hose,4500
7001890,Hose,9000
7001918,Hose,7600
7001919,Hose,7400
7001920,Hose,12000
7001921,Hose,11000
7001956,Hose,6800
7001957,Hose,5600
7001965,Hose,4800
7001966,Hose,4600
7001967,Hose,3700
7001968,Hose,5200
7001987,Hose,7400
7001988,Hose,6600
7001990,Hose,7100
7001991,Hose,28200
7001992,Hose,28100
7002015,Hose,11900
7002016,Hose,11600
7002025,Hose,32700
7002026,Hose,7900
7002027,Hose,8500
7002028,Hose,30400
7002029,Hose,35000
7002030,Hose,36000
7002031,Hose,24400
7002032,Hose,6000
7002037,Hose,5400
7002038,Hose,5600
7002065,Hose,28900
7002066,Hose,3100
7002067,Hose,4900
7002068,Hose,4800
7002069,Hose,6300
7002076,Hose,9600
7002077,Hose,7700
7002078,Hose,4900
7002079,Hose,4900
7002080,Hose,4500
7002081,Hose,28100
7002082,Hose,10500
7002089,Hose,8000
7002090,Hose,9400
7002091,Hose,5700
7002121,Hose,9700
7002129,Hose,8300
7002130,Hose,11300
7002131,Hose,56000
7002132,Hose,48900
7002133,Hose,8300
7002134,Hose,6300
7002135,Hose,12000
7002136,Hose,14400
7002137,Hose,58800
7002138,Hose,51400
7002140,Hose,6600
7002141,Hose,8600
7002142,Hose,59600
7002156,Hose,4000
7002157,Hose,5700
740197,Hose,5400
740207,Hose,6500
740208,Hose,8600
740238,Hose,7400
740309,Hose,11400
740319,Hose,9900
740702,Hose,7400
740909,Hose,10500
741602,Hose,8500
741603,Hose,6500
742320,Hose,13300
742321,Hose,18100
742335,Hose,36900
742511,Hose,14000
742608,Hose,9900
742621,Hose,37500
742649,Hose,7700
742653,Hose,35200
742675,Hose,14800
742681,Hose,7100
742801,Hose,8800
742802,Hose,9000
742809,Hose,8600
742812,Hose,10500
742818,Hose,7700
742830,Hose,9400
742831,Hose,5400
742848,Hose,10500
742849,Hose,8600
743012,Hose,34300
7000882,"Hose - 1"" ECO80 Quick Hitch",32700
790176,Hose - 3m - For hose kit - lubricant ECO,12000
740914,Hose - Accumulator - SK10,9000
740554,"Hose - EC05B Hose bracket- S45,S50 - Rockmaster 3/8""",11700
7000681,Hose - Extra 1 - A - ECO,25000
7000464,"Hose - free end 3/4""",45100
7001636,Hose - Grab - EC209 QSM45,10800
7000170,Hose - GRD60 - long,8500
7000169,Hose - GRD60 - short,8200
7000232,Hose & Adapter kit,95400
7000234,Hose & Adapter kit,139500
7000347,Hose & Adapter kit,128700
7000940,Hose & Adapter kit,78200
7000941,Hose & Adapter kit,61000
7001532,Hose & Adapter kit,64200
7001646,Hose & Adapter kit,92100
7000741,Hose & Adapter kit CV,136700
7000742,Hose & Adapter kit CV,226900
7000915,Hose & Adapter kit CV&1PY&1EX,131900
7000851,Hose & Adapter kit EC206 SK05/SG06,48500
7001331,Hose & Adapter kit Feeder,65600
7000805,Hose & Adapter kit Kobelco Track control SRLC,126500
7001439,Hose & Adapter kit QH,79300
7001982,Hose & Adapter kit QH,46900
7001327,"Hose & Adapter kit QH 1/4""",61300
7001515,Hose & Adapter kit QH CAT 320-335 NG,77500
7001085,Hose & Adapter kit QH valve & Accumulator,52000
7000938,Hose & Adapter kit QS60 DC2 ECO,229900
7000975,Hose & Adapter kit QS60 DC2 ECO,229900
7001017,Hose & Adapter kit QS60 DC2 ECO,211400
7001084,Hose & Adapter kit QS60 DC2 ECO,136000
7001107,Hose & Adapter kit QS60 DC2 ECO,154200
7001145,Hose & Adapter kit QS60 DC2 ECO,179000
7000921,Hose & Adapter kit QS70 DC2 ECO,208300
7001090,Hose & Adapter kit QS70 DC2 ECO,183600
7001169,Hose & Adapter kit QS70 DC2 ECO,180600
7001154,Hose & Adapter kit QS80 DC2 ECO,291700
7000748,Hose & Adapter kit Track control,177500
7000785,Hose & Adapter kit Track control,42600
7000804,Hose & Adapter kit Track control,125200
7000919,Hose & Adapter kit Track control,73500
7000631,Hose & Adapter kit WCF,220700
7000266,Hose & Adapter kit Wheel control,220700
7000280,Hose & Adapter kit Wheel control,196000
7000917,Hose & Adapter kit Wheel control,142000
7001058,Hose & Adapter kit Wheel control,151900
7001332,Hose & Adapter kit Wheel control,109400
7001656,Hose & Adapter kit Wheel control,220700
7000311,Hose & Adapter kit Without wheel control,38600
740257,"Hose -1/2"" - Kl 1300 4512-08-08/4502-08-08",12800
740258,"Hose -1/2"" - Kl 1300 4512-08-08/4511-08-08",12500
1079664,Hose bracket CW05- top part EC204B left,3900
7001032,"Hose bracket double - Weld-on kit - 1/2""",2200
7001006,"Hose bracket double - Weld-on kit - 1/4""",2000
7001033,"Hose bracket double - Weld-on kit - 3/4""",2800
7001031,"Hose bracket double - Weld-on kit - 3/8""",2000
1033484,"Hose bracket EC02B,EC204,EC204B-tilt cylinder-ss9/ss0",4500
1011450,"Hose bracket EC05B S40,S45,S50",7700
1011454,Hose bracket EC05B/EC206-straight Plate for locking hose,4800
303390,Hose bracket EC10 left not cast yoke-stainless,47400
303389,Hose bracket EC10 right not cast yoke-stainless,47400
1055284,Hose bracket EC204/EC206-straight Plate 2x locking hose,3200
1079468,Hose bracket EC204B-sheet metal for 3x hose-fixed,2800
1079464,Hose bracket EC204B-straight Plate for 3x hose,1400
1043991,Hose bracket EC204-tilt cylinder-ss9/ss0 R/L,4200
1025805,Hose bracket EC206 for cast yoke,16700
1025812,Hose bracket EC206 UNI,11000
1067533,"Hose bracket EC206/206B for cast yoke 1/2""",9400
1067532,"Hose bracket EC206/206B UNI 1/2""",6000
1026096,Hose bracket EC206-sheet metal for 2 locking hose-fixed,3500
1056614,Hose bracket EC209 QSM left,25300
1056615,Hose bracket EC209 QSM right,25300
1047137,Hose bracket EC214-EC333 10x Hoses left,11000
1047138,Hose bracket EC214-EC333 10x Hoses right,11000
1017931,Hose bracket EC226 left,33800
1017932,Hose bracket EC226 right,84900
1028319,Hose bracket ECHF all R/L,8500
1042960,Hose bracket ECHF-1/4&3/8,3900
1070854,"Hose bracket expansion (1x1/2"" & 1x3/8"" & 3x1/4"")",1300
1011565,"Hose bracket expansion (3x3/8"")",3900
1027200,Hose bracket feed ECHF,17900
1041878,Hose bracket feed ECHF special,9000
1045618,Hose bracket Lännen left,17100
1045619,Hose bracket Lännen right,17100
1053732,Hose bracket S40- top part EC204/EC204B left,11100
1013348,Hose bracket Top part EC05B right,7700
1045070,Hose bracket Top part EC204/EC204B right,6000
1005725,Hose bracket UNI left,12000
1005726,Hose bracket UNI right,12000
1053333,Hose bracket UNI Top part EC204 left,10500
1079699,Hose bracket UNI top part EC204B left,4900
7001786,Hose bridge feed Likufix block,4800
7000848,"Hose bulk - 0871 Thermoplastic-03 3/16"" PEE/PU",3100
741204,"Hose bulk - 0872 Thermoplastic-04 1/4"" PEE/PU",4300
741210,"Hose bulk - Goldeniso/35 Xtraflex-12 3/4""",14200
7001192,"Hose bulk - Goldeniso/35 Xtraflex-16 1""",23100
7001303,"Hose Bulk - HT 8,3x4",1400
741206,"Hose bulk - Rockmaster/2SC-04 1/4""",3200
741208,"Hose bulk - Rockmaster/2SC-06 3/8""",3700
741207,"Hose bulk - Rockmaster/2SC-08 1/2""",4000
7000784,Hose Central lubrication-bulk-free length in meters,2400
7001895,Hose drain,7300
7001690,Hose EC206B ss10 rot A,4200
7001691,Hose EC206B ss10 rot B,4000
7001669,Hose EC206B ss9 Rot A,6900
7001670,Hose EC206B ss9 Rot B,6000
7000111,Hose extra,6000
7002033,Hose extra - CW10 QSM,3900
741614,Hose extra - EC02 - S30,5600
741613,Hose extra - EC02 - S30 CL135,5600
741637,Hose extra - EC02 - S40 CL200 thermoplastic 300b,6000
741636,Hose extra - EC02 - S40 CL300 thermoplastic 300b,6000
7001698,Hose extra - EC02-S30S,3700
7001738,Hose extra - EC204-S40S,4800
7000054,Hose extra - EC206 - QS45gr10/QS50gr10,8600
742904,Hose extra - EC206 - S40gr05,8800
7000034,Hose extra - EC209 - QS45/QS50,11000
742803,Hose extra - EC209 - S45/S50,7700
743008,Hose extra - EC214 - QS60,8800
742669,Hose extra - EC219 - QS60 GR20 HECO3 long,11700
742668,Hose extra - EC219 - QS60 GR20 HECO3 short,8800
742350,Hose extra - EC226 - QS70 HECO7 short,11700
7000151,Hose extra - ECHF - QS45/QS50 - Heco,12300
740507,Hose extra function - EC05 - CL 215,7700
740103,Hose extra function - EC10,6500
740612,Hose extra function - EC15 - CL 285,8600
740618,Hose extra function - EC15 - CL 470,7400
740317,Hose extra function - EC30 - CL 530,8800
742315,Hose feed,8600
741615,Hose feed - EC02 - free end CL2000,13300
740456,Hose feed - EC02 ss0 - extra,7300
740455,Hose feed - EC02 ss0 - lock CL1000,9700
7001708,Hose feed - EC02B tilt-valve,8000
740443,"Hose feed - EC05B Hose bracket - Rockmaster 3/8""",10800
740402,Hose feed - EC10 - block,9900
740403,Hose feed - EC10 - block,9900
740181,Hose feed - EC10 - long P,11700
740182,Hose feed - EC10 - long T,11700
742019,Hose feed - EC10 ss9 Hose bracket,9700
742020,Hose feed - EC10 ss9 Hose bracket,10300
742021,Hose feed - EC10 ss9 Hose bracket,13700
742022,Hose feed - EC10 ss9 Hose bracket,10300
740231,"Hose feed - EC20 - CL1900, Replaced 041220",14400
740232,"Hose feed - EC20 - CL1900, Replaced 041220",14800
742915,Hose feed - EC206 - lock,12300
742916,Hose feed - EC206 - rotation,12500
742913,Hose feed - EC206 valve block,26100
7001692,Hose feed - EC206B,33300
7001689,Hose feed - EC206B ECO,29900
742851,Hose feed - EC209 - QS45 TECO14 short,12800
7000012,Hose feed - EC209 - Top part QS45/50,29200
742814,Hose feed - EC209 - valve block,27800
742855,Hose feed - EC209 - valve block UNI/HS08,36300
742819,Hose feed - EC209 - valve block UNI-Tilt Upper Section,32600
743013,Hose feed - EC214 - rotation all R/L,19800
742607,Hose feed - EC219 - valve block (multifit),36000
742610,Hose feed - EC219 - valve block all left,40400
742657,Hose feed - EC219 - valve block all right / left UNI,41000
7000028,Hose feed - EC219 - valve block ECHF,59900
742620,Hose feed - EC219 - valve block UNI top part,36600
7002017,Hose feed - EC219 QSM - ss0,37500
7000049,Hose feed - EC226 - Bridge all left,38600
7000048,Hose feed - EC226 - Bridge all right,38000
7000050,Hose feed - EC226 - rotation ECHF,15100
742314,"Hose feed - EC226 - valve block - S1, S2 Top part",14800
7000030,Hose feed - EC226 - valve block ECHF UNI Top part,60800
7000063,"Hose feed - EC226 - valve block ECHF-S1,S2,QS70 Top part",61300
740314,Hose feed - EC30 - CL 2300,25300
7001637,Hose feed - EC-Oil P EC219,11400
7001638,Hose feed - EC-Oil T EC219,10500
7001784,Hose feed - Likufix,49400
7001785,Hose feed - Likufix Block,13300
7001483,Hose feed - QS45/50 Huddig ss9 - P/T/R,13600
7001082,"Hose feed - QS60 Doosan DX140,160,165,170",41500
7000937,"Hose feed - QS60 Volvo EWR150E,EW160E,EWR170E",31000
7000929,"Hose feed - QS70 Volvo EC220E,ECR235E,EC250E",26500
740411,"Hose feed - RF, TF - lock, CL 800",6800
740916,Hose feed - SK10 - long,8000
740915,Hose feed - SK10 - short,7100
742016,Hose feed - Tilt -EC10 terminal,11400
742508,Hose feed - Valve block HFX EC219/EC226,67000
7000108,Hose feed (Block) - EC204,10300
7001790,Hose feed P,11300
743010,Hose feed P - EC214 - valve block,67300
7000584,Hose feed T,11100
7001791,Hose feed T,12000
743007,Hose feed T - EC214 - valve block,67300
740409,"Hose free end 1/2""",12300
740407,"Hose free end 1/4""",9700
740475,"Hose free end 3/4""",38700
740408,"Hose free end 3/8""",10500
7001749,Hose free end 45°coupling,16500
7002056,Hose Grab,4600
740910,Hose Grab - cylinder SK05,11100
740517,"Hose Grab - EC05 10 - long, CL 510",7400
740516,"Hose Grab - EC05 10 - short, CL 300",4800
740109,Hose Grab - EC10 special - also locking hose RF Lännen,6000
740209,Hose Grab - EC20,5100
740230,Hose Grab - EC20 16 - CL 515,6500
740236,Hose Grab - EC20 18/20,6000
740237,Hose Grab - EC20 20 - CL 330,5600
7000112,Hose Grab - EC204 - S40gr05 - long,8800
7000113,Hose Grab - EC204 - S40gr05 - short,9000
7000141,Hose Grab - EC204 - S40gr05 inside,8500
7001809,Hose Grab - EC204 - S40Sgr05 inside left,6600
7001810,Hose Grab - EC204 - S40Sgr05 inside right,6500
7000035,Hose Grab - EC206 - QS45/50 GR10 inside,6800
742903,Hose Grab - EC206 - S40 inside,5400
742847,Hose Grab - EC206-EC214 - QS45gr10/QS50gr10,9700
742845,Hose Grab - EC209 - QS45GR10 inside,6800
742856,Hose Grab - EC209 - S45/S50 GR10 long,11100
743003,Hose Grab - EC214 - QS45GR10 - inside,7300
743009,Hose Grab - EC214 QS60GR20 - long,6500
742323,Hose Grab - EC226 - S1GR20,8600
7001878,Hose grab - Right - A,6900
7001892,Hose grab - Right - B,6900
7000068,Hose Grab - S2gr20 ECHF - short,4800
1077550,Hose guide,12500
1078845,Hose guide EC204B,4200
1046827,Hose guide EC209 QSM left,11100
1046828,Hose guide EC209 QSM right,11100
1037775,"Hose Holder GRD45/50,60",4500
1054977,Hose Holder linkage 126mm,10800
1055520,Hose Holder linkage 132mm,10300
1055518,Hose Holder linkage 142mm,10300
1055194,Hose Holder linkage 150mm,13300
1055516,Hose Holder linkage 152mm,21300
1038800,Hose Holder QSD45,6500
1038799,Hose Holder QSD60,6800
1052787,Hose Holder Volvo EW,19300
1052790,Hose Holder Volvo EW bent,34300
7000107,Hose Hydraulic motor,12000
7001707,Hose Hydraulic motor - EC02B,8600
7000097,Hose kit,29600
7000755,Hose kit,65400
7000932,Hose kit - Connection pump 2,42600
7001022,Hose kit - Connection pump 2,54500
741610,Hose kit - EC02 S30,25600
741640,Hose kit - EC02 S40 (EC05B),28700
7000142,Hose kit - EC204 - S40gr05,53100
7000337,Hose kit - EC206 - Hydrema - lock & extra,30100
7000338,Hose kit - EC206 - Hydrema GR10,50800
7000172,Hose kit - EC206 - QS45/50 lock,19800
7000036,Hose kit - EC206 - QS45gr10/QS50gr10,52600
742918,Hose kit - EC206 S40GR05,61900
7000123,Hose kit - EC209 - Takeuchi Hose bracket,85300
742834,Hose kit - EC209 Hydrema,4300
742835,Hose kit - EC209 Hydrema GR,98100
7000555,Hose kit - EC209 QSD45 - EC-Oil,25600
7000551,Hose kit - EC209 QSD45 - EC-Oil Dbl.Extra,29300
7000553,Hose kit - EC209 QSD45 - EC-Oil HF,14200
7000549,Hose kit - EC209 QSD45 - QSD-Q EC-Oil,44000
7000543,Hose kit - EC209 QSD45 - standard,24400
7000545,Hose kit - EC209 QSD45/50 - HF,14400
7000542,Hose kit - EC209 QSD45/50 - lock,15100
7000548,Hose kit - EC209 QSD45/50 - QSD-Q,47100
7000556,Hose kit - EC209 QSD50 - EC-Oil,26500
7000552,Hose kit - EC209 QSD50 - EC-Oil Dbl.Extra,31500
7000554,Hose kit - EC209 QSD50 - EC-Oil HF,14800
7000547,Hose kit - EC209 QSD50 - HF Fwd.Extra,16700
7000550,Hose kit - EC209 QSD50 - QSD-Q EC-Oil,45400
7000544,Hose kit - EC209 QSD50 - standard,25900
743004,Hose kit - EC214 QS45GR10,52600
742614,Hose kit - EC219 - S1GR20,36600
7000603,Hose kit - Feed SX EC209,30700
7001051,Hose kit - GRD45/50 - Grab hoses,41200
7001109,Hose kit - GRD45/50 SYNC - Grab Hoses,30100
7000890,Hose kit - GRD60 - Grab hoses,39700
7000901,Hose kit - GRD70/GRD70Q Bolted,39800
790179,Hose kit - Lubrication (T)ECO,19800
790178,Hose kit - Machine hitch - Lubrication (H)ECO,36900
7000514,Hose kit - Machine hitch - Lubrication ECO W,29600
7001531,Hose kit - Machine hitch - Lubrication ECO40 W,25500
7000822,Hose kit - QS60 Atlas Höglandets,114700
7000612,Hose kit - QSD60Q,58600
7000288,Hose kit - QSD60Q - HECO,58500
7001024,Hose kit - QSM tilt & motor for OQ EC214,127600
7001025,Hose kit - QSM tilt & motor for OQ EC219,127600
7001026,Hose kit - QSM tilt & motor for OQ EC226,205200
7001028,Hose kit - QSM tilt & motor for OQ EC233,196000
7000071,Hose kit - S1 gr20 ECHF,50500
7001542,Hose kit - SR2000,53900
7001812,Hose kit - SWD40,48600
7000699,Hose kit - SWD45,71600
7000693,Hose kit - SWD60,42600
7000196,Hose kit lock - ECHF - QS70/QS80,20500
7002071,Hose kit-Machine hitch-Lubrication ECO40 W S40 QH,136
7000110,Hose lock,6000
7000845,Hose lock,7400
7001613,Hose lock,6000
741611,Hose lock,2600
741612,hose lock,2800
742901,hose lock,4200
7000930,Hose lock - Close - Quick Hitch Volvo,8200
7001083,Hose lock - Doosan DX140-255,6600
740316,Hose lock - E226/EC30 - long,7400
741633,Hose lock - EC02 - S30 solitary CL160,4800
741634,Hose lock - EC02 - S30 solitary CL260,5100
741638,Hose lock - EC02 - S40 CL170 Thermoplastic 300b,5400
741639,Hose lock - EC02 - S40 CL260 Thermoplastic 300b,5400
7001697,Hose lock - EC02-S30S,5100
740509,Hose lock - EC05 - CL 230,7700
740508,Hose lock - EC05 - CL 475,11100
740532,Hose lock - EC05B,7400
740539,Hose lock - EC05B - CL 245,7400
740105,Hose lock - EC10,8600
740188,Hose lock - EC10 - EC15 - KL250,5400
742036,Hose lock - EC10 ss10 terminal,10500
742203,Hose lock - EC20 - HS21,5100
7001678,Hose lock - EC204-S40S/EC204-S40S GR05,4600
7000173,Hose lock - EC206 - QS45/QS50 - Close,8800
7000037,Hose lock - EC206 - QS45/QS50 - Open,8800
7001823,Hose lock - EC206B,6800
7001824,Hose lock - EC206B,7300
742826,Hose lock - EC209 - HYD GR10 closed,8600
742827,Hose lock - EC209 - HYD GR10 open,9700
742844,Hose lock - EC209 - QS45 Close,9400
742843,Hose lock - EC209 - QS45 Open,9400
7000305,Hose lock - EC209 - S45/S50 long,9000
742840,Hose lock - EC209/209B - bottom part CW10 EC,6500
740205,Hose lock - EC219 S60,6500
7000198,Hose lock - ECHF - QS70/QS80 - Close,7700
7000197,Hose lock - ECHF - QS70/QS80 - Open,10800
7001787,Hose lock - Likufix,12200
7000931,Hose lock - Open (texs) - Quick Hitch Volvo,9300
7001713,Hose lock - Open (texs) - Quick Hitch Volvo EC220,13100
741505,"Hose lock - Quick Hitch QS45, QS60, QS70",12800
741504,Hose lock - RF/TF Hydrema - ( rotated ear ),6800
741503,Hose lock - RFS30,8800
740420,Hose lock - RFS40,8600
7000056,Hose lock - S1 ECHF,7400
740235,"Hose lock - S1, S2",5400
741403,Hose lock - TF Hydrema - CL 220,6800
7000925,Hose long - Connection pump 2 Volvo EC,8500
7000025,hose motor,4600
742331,Hose motor,8000
741632,Hose motor - EC02 lower,5400
741629,Hose motor - EC02 ss3,7700
741631,Hose motor - EC02 upper,5400
740550,Hose motor - EC05B KL270 Termo 2040H,8500
740107,Hose motor - EC10 - long,11100
740106,Hose motor - EC10 - short,10500
740622,"Hose motor - EC15 - 5 valve, long",8800
740621,"Hose motor - EC15 - 5 valve, short",8500
740602,Hose motor - EC15 - long,6000
740601,Hose motor - EC15 - short,5600
740240,"Hose motor - EC20 - White & Parker, CL 410",8600
742907,Hose motor - EC206 - long,7400
742906,Hose motor - EC206 - short,7400
742804,Hose motor - EC209 - long,9000
742805,Hose motor - EC209 - short,8500
743005,Hose motor - EC214 - long,7400
743006,Hose motor - EC214 - short,7100
742635,Hose motor - EC219 - long - V3 Rotated motor,9700
742634,Hose motor - EC219 - short - V3 Rotated motor,9000
7000026,Hose motor - EC219/EC226 - ECHF short,10300
742332,Hose motor - EC226 - long - V3 Rotated motor,9000
740274,Hose motor - EC26/226 - short,7400
740308,"Hose motor - EC30 - long, CL 1170",13700
740810,Hose motor - Pressure PP3200,18100
5000007,Hose protection Black 12mm box (30 m),38100
540191,Hose protection Black 20mm,1100
540194,"Hose protection Black 32mm 1,0m",1800
1070037,"Hose protection Spiral Black 12,7mm - 5m",4600
1024415,"Hose protection Tiltcyl EC05B, EC206",9400
1003774,"Hose protection Tiltcyl EC05B-15B, 206-214 overcenter",4800
1000371,"Hose protection Tiltcyl EC10, EC15",8500
303386,Hose protection Tiltcyl EC20,11400
1014280,Hose protection Tiltcyl EC20B/30/219/226/233/326/ Overcenter,5600
540190,"Hose protection yellow 32mm 1,0m",2300
740809,Hose Pulse 3200 RM-08 CL 330mm 4511-08-08/4512-08-08,14000
740808,Hose Pulse 3200 RM-08 CL 600mm 4511-08-08/4526-12-08,21300
740803,Hose Pulse 600 single,22700
740805,Hose Pulse 950,27900
7001168,"Hose SG33,SK30 L1460mm (supply hose)",16500
7000924,Hose short-connection pump 2 Volvo EC,5600
7000781,Hose SK02/SG03 close,6500
7000780,Hose SK02/SG03 open,8800
740903,"Hose SK15, 20 Supply Hose long",13700
740902,"Hose SK15, 20 Supply Hose short",12300
740913,Hose SK30,10300
740510,Hose swivel block - EC05 - CL 375,6000
740511,Hose swivel block - EC05 - CL 410,8500
740804,Hose Tank 600 complete,32400
740806,Hose Tank 950,44000
742815,Hose tilt,10200
740255,"Hose tilt - 3/8""",13300
741630,Hose tilt - EC02 Agro,5600
740521,Hose tilt - EC05 ss5 - long,13300
740520,Hose tilt - EC05 ss5 - short,5600
740112,Hose tilt - EC10 under top part with load valve,5600
740620,"Hose tilt - EC15 - 5 valves, CL600",9900
740608,"Hose tilt - EC15 - left, long",10300
740610,"Hose tilt - EC15 - right, long",9900
740609,Hose tilt - EC15 short - Extra/EC219 S60,6000
740228,Hose tilt - EC20 - CL 1100,9900
740227,Hose tilt - EC20 - CL 600,6500
7000167,Hose tilt - EC214 - long wide,7400
7000166,Hose tilt - EC214 - short wide,8600
742605,Hose tilt - EC219 - long,14400
740276,Hose tilt - EC26/EC226 - long,16700
740253,"Hose tilt - jumper-3/8""-CL 550 4494-04-06/4512-04-06",12300
740651,Hose tilt - long EC15/CL 800 4511-06-06/4502-06-06,9700
740652,Hose tilt - short EC15/CL 240 4511-06-06/4511-06-06,5600
7401100,Hose tilt cylinder - EC10 - overcenter,8600
7401101,Hose tilt cylinder - EC10 - overcenter,8600
742852,Hose tilt cylinder - EC209 - QS - long,27000
742853,Hose tilt cylinder - EC209 - QS - short,26700
742854,Hose tilt cylinder - EC209 - UNI (no Hose bracket),14200
7001694,Hose Tilt EC206B,9000
7000452,Hose Tilt Long,15100
7000791,Hose Tilt Long,36900
7001308,Hose Tilt Long,10300
742912,Hose Tilt Long - EC206,11100
743001,Hose Tilt Long - EC214,13700
7000027,Hose Tilt Long - EC219 - ECHF/QSM,12300
7000031,Hose Tilt Long - EC226 - ECHF/QSM EC219W/EC226W,13400
740196,Hose Tilt Long UNI EC10,9000
7000453,Hose Tilt Short,9000
742911,Hose Tilt Short - EC206,10800
742816,Hose Tilt Short - EC209,8800
743002,Hose Tilt Short - EC214,8600
742606,Hose Tilt Short - EC219,10300
742308,Hose Tilt Short - EC26/EC226/EC326,10300
7001649,Hose wheel control Doosan DX57,9000
7001650,Hose wheel control Doosan DX57,9400
7001651,Hose wheel control Doosan DX57,11300
7001652,Hose wheel control Doosan DX57,11300
7001653,Hose wheel control Doosan DX57,5700
1059517,Housing PC6000,297800
1011613,Housing PP3200,44600
403905,Housing PP950,127300
1007825,Hub for cutting knife Ø470 TC long,112300
1007815,Hub for cutting knife TC short,90700
8000017,Hub rotation sensor-ePS,15700
1033179,hydraulic block ECO GRD10 with guide pin,79600
1063783,Hydraulic block ECO GRD40/SWD40,102200
1054459,"Hydraulic block ECO GRD45/50, SWD45 V2",166700
1055206,Hydraulic block ECO GRD60 V2,166700
1057365,Hydraulic block ECO GRD70 V2,194400
7000482,Hydraulic block GAF GHH,183600
1010409,Hydraulic block(motor) - rotation EC05B,54500
1016535,Hydraulic block(motor) - rotation EC206,49100
1010405,Hydraulic block(valve block) - rotation EC05B,29000
712315,"Hydraulic ferrule 0000241012 MF2000 3/4""",1400
7001193,"Hydraulic ferrule 0000241016 MF2000 1""",3200
711295,"Hydraulic ferrule 0000261004 MF2000 1/4"" No-skive",400
711296,"Hydraulic ferrule 0000261006 MF2000 3/8"" No-skive",500
711297,"Hydraulic ferrule 0000261008 MF2000 1/2"" No-skive",900
7001933,"Hydraulic ferrule 0000261508 MF2000 1/2"" No-skive",500
7001191,"Hydraulic ferrule 0490000103 SAB 3/16"" (Thermoplastic)",800
711298,"Hydraulic ferrule 0490000104 SAB 1/4"" (Thermoplastic)",700
720116,Hydraulic motor Charlynn 102cc T-motor - EC05A,124200
720131,Hydraulic motor Charlynn 102cc T-motor - EC20A ELME,213000
720112,"Hydraulic motor Charlynn 131cc - EC209, EC214, EC10, EC15",144000
720120,Hydraulic motor Charlynn 131cc - Marine,226900
720119,Hydraulic motor Charlynn 50cc J-motor - EC02/EC204/EC204B,147200
720105,Hydraulic motor CL97,245400
7001858,Hydraulic motor Danfoss OMR-X250,137300
720128,"Hydraulic motor EC05B, EC206, EC206B CL80cc",154300
7001799,Hydraulic motor M+S MR160CDP,208300
1033938,Hydraulic motor M+S MR250,160500
1051258,Hydraulic motor M+S MR400,166700
7001958,Hydraulic motor PC6000 (iron casted),253100
7001500,Hydraulic motor PC6000 Casappa,300900
7001748,Hydraulic motor PC6000 Tyrolla,185200
7001959,Hydraulic motor PC9500 (iron casted),253100
7001805,Hydraulic motor PC9500 Tyrolla,239200
7001975,Hydraulic motor PP/PC3200 (iron casted),250000
7000481,Hydraulic motor PP3200 14 cm3 OT shock,250000
7000475,Hydraulic motor PP3200 14 cm3 shock,250000
720201,Hydraulic motor PP350,333300
720202,"Hydraulic motor PP600, PP950",345700
720126,Hydraulic motor SAM 200cc,127200
7001608,Hydraulic motor SAM BGM 50cc - EC02/EC204,65600
1022290,Hydraulic motor White 160cc,185200
7001806,Hydraulic motor White 160cc,139000
720134,Hydraulic motor White 160cc,137200
720123,Hydraulic motor White 160cc EC15 option without relief valve,128400
1022288,Hydraulic motor White 200cc,196000
7001807,Hydraulic motor White 200cc,109400
720124,Hydraulic motor White 200cc,142400
720132,Hydraulic motor White 300cc without relief valve,228400
841192,ILME 21.21 12P MKA V20 connector device,22200
8001513,ILME 21.21 12S MKA AP20 connector kit,8000
8000609,ILME 21.21 12S MKA AP25 connector device,26700
841197,ILME 21.21 12S MKAX AP20 connector device,27500
810205,ILME 21.21 8P MKA V20 connector device,8800
810206,ILME 21.21 8S MKAX AP20 connector device,11100
810201,ILME 49.16 10P CZO 15 L connector device,14000
810202,ILME 49.16 10S CZ7P 15LS221 connector device,27000
810203,ILME 66.16 16P MZO 25 L20 connector device,15900
810204,ILME 66.16 16S MZ7P 25LS225 connector device,30600
841115,ILME cover 12P with jumper & cover with pegs-DC2,17600
8000235,ILME cover 21.21 with pegs & jumper CQAM 12 T1,7700
810207,ILME cover 21.21 with pegs CKA 03 C,3100
810234,ILME cover 49.16 with lever CZC 15 LG,7400
810235,ILME cover 66.16 with lever CZC 25 LG,8500
810208,ILME cover21.21 with lever CKAX 03 CXA,5600
810209,"ILME Pin CDMA 0,7",200
810211,"ILME Pin CDMA 1,5",200
8001572,"ILME Pin CDMA 2,5",600
8001932,"ILME Pin CDMD 0,7",500
810232,ILME replacement cover 49.16 complete,12300
810233,ILME replacement cover 66.16 complete,12800
810210,"ILME Socket CDFA 0,7",200
810212,"ILME Socket CDFA 1,5",200
8001934,"ILME Socket CDFD 1,5",600
6000061,"Indexing bolt - spring loaded M16 x 1,5",13700
405030,Indicator pin GJ300,6800
405330,Indicator pin Hydrema,7400
1056967,"Indicator pin QS40, S40S",5600
1027360,Indicator pin QS45/QS50,6800
1027361,Indicator pin QS60,5600
1027362,Indicator pin QS70,7100
400910,Indicator pin S1 RF,7400
402677,Indicator pin S2 & 27,14800
303406,Indicator pin S30/S40,5100
1063498,Indicator pin S30S,1600
1003973,Indicator pin S40 [beta EC05B] / HS03ec,9900
401001,Indicator pin S40 RF,31500
1036201,Indicator pin S40S/QS/QSM/S/HYDS 610mm,2800
401619,"Indicator pin S45,S50,S60",6800
402511,"Indicator pin S70, KM09 RF",11000
400911,"Indicator pin S70, S80, 18",7400
405179,Indicator pin SMP T620V,39800
402563,Indicator pin SMP1,43500
1003153,Indicator pin SMP105,36300
1023892,Indicator pin SMP2,28400
404615,Indicator pin SW33,41700
8001527,Inductive sensor M12 - hook quick hitch S40/QSM40,14200
8001070,Inductive sensor M12 DTM04-3P - hook QSC - 200mm,32900
1040358,Inductive sensor M12 DTM04-3P - hook QSC - 645mm,40100
1029068,Inductive sensor M12 DTM04-3P - hook quick hitch,40100
8001316,Inductive sensor M12 DTM04-3P - HSXXecS - 380mm,40100
1036833,Inductive sensor M12 DTM04-3P - Locking cylinder,40100
1040359,Inductive sensor M12 DTM04-3P - Locking cylinder QSC - 645mm,40100
8001071,Inductive sensor M12 DTM04-3P - Locking cylinder S40S QSC,32900
810463,Inductive sensor M12 IF6079,26500
1048262,Inductive sensor M12-hook quick hitch&Locking cylinder QSM,25900
8001583,Inductive sensor M8 ifm IES215 NO,15400
8001584,Inductive sensor M8 ifm IES217 NC,15400
1043698,Inductive sensor M8 PNP NO 4mm - SVAB MACS,109400
1009559,Insert UNI Ø35/72-15,57
1009560,Insert UNI Ø35/72-15 lock,58
1007653,"Insert UNI Ø35/72-34,5",108
1007654,"Insert UNI Ø35/72-34,5 lock",118
1013032,Insert UNI Ø38/72-15,58
1013033,Insert UNI Ø38/72-15 lock,62
1009766,"Insert UNI Ø38/72-34,5",58
1009767,"Insert UNI Ø38/72-34,5 lock",62
1012670,Insert UNI Ø40/72-15,55
1012671,Insert UNI Ø40/72-15 lock,58
1007006,"Insert UNI Ø40/72-34,5",108
1007007,"Insert UNI Ø40/72-34,5 lock",117
1003525,Insert UNI Ø40/80-23,57
1003526,Insert UNI Ø40/80-23 lock,70
1009184,"Insert UNI Ø44,45/72-15",55
1009185,"Insert UNI Ø44,45/72-15 lock",58
1008717,"Insert UNI Ø44,45/80-41",100
1008718,"Insert UNI Ø44,45/80-41 lock",120
1007651,Insert UNI Ø45/72-15,113
1007652,Insert UNI Ø45/72-15 lock,118
1008143,"Insert UNI Ø45/72-34,5",118
1008144,"Insert UNI Ø45/72-34,5 lock",129
1003521,Insert UNI Ø45/80-23,108
1003522,Insert UNI Ø45/80-23 lock,142
1003519,Insert UNI Ø45/80-41,120
1003520,Insert UNI Ø45/80-41 lock,154
1032687,"Insert UNI Ø49,8/100-50",160
1032688,"Insert UNI Ø49,8/100-50 lock",185
1016376,"Insert UNI Ø49,8/80-23",121
1016377,"Insert UNI Ø49,8/80-23 lock",157
1019866,"Insert UNI Ø49,8/80-41",111
1019867,"Insert UNI Ø49,8/80-41 lock",133
1002950,Insert UNI Ø50/100-50,76
1002951,Insert UNI Ø50/100-50 lock,89
1008060,Insert UNI Ø50/72-15,190
1008061,Insert UNI Ø50/72-15 lock,190
1003517,Insert UNI Ø50/80-23,108
1003518,Insert UNI Ø50/80-23 lock,144
1003515,Insert UNI Ø50/80-41,114
1003516,Insert UNI Ø50/80-41 lock,144
1010307,Insert UNI Ø55/100-50,77
1010308,Insert UNI Ø55/100-50 lock,90
1003513,Insert UNI Ø55/80-23,105
1003514,Insert UNI Ø55/80-23 lock,133
1003511,Insert UNI Ø55/80-41,114
1003512,Insert UNI Ø55/80-41 lock,144
1002952,Insert UNI Ø60/100-23,136
1002953,Insert UNI Ø60/100-23 lock,161
1002954,Insert UNI Ø60/100-50,131
1002955,Insert UNI Ø60/100-50 lock,150
1028878,Insert UNI Ø60/116-46,246
1028879,Insert UNI Ø60/116-46 lock,250
1003509,Insert UNI Ø60/80-23,113
1003510,Insert UNI Ø60/80-23 lock,142
1003298,Insert UNI Ø60/80-41,117
1003508,Insert UNI Ø60/80-41 lock,147
1001509,Insert UNI Ø65/100-23,142
1001653,Insert UNI Ø65/100-23 lock,166
1001504,Insert UNI Ø65/100-50,144
1001652,Insert UNI Ø65/100-50 lock,170
1037613,Insert UNI Ø65/116-60,238
1037612,Insert UNI Ø65/116-60 lock,267
1002956,Insert UNI Ø70/100-23,134
1002957,Insert UNI Ø70/100-23 lock,158
1002958,Insert UNI Ø70/100-50,146
1002959,Insert UNI Ø70/100-50 lock,162
1020807,Insert UNI Ø70/116-23,101
1020808,Insert UNI Ø70/116-23 lock,121
1020525,Insert UNI Ø70/116-38,211
1020526,Insert UNI Ø70/116-38 lock,226
1024987,Insert UNI Ø71/100-23,211
1024986,Insert UNI Ø71/100-23 lock,229
1036505,Insert UNI Ø71/116-38,214
1036506,Insert UNI Ø71/116-38 lock,229
1013276,Insert UNI Ø75/100-23,157
1013277,Insert UNI Ø75/100-23 lock,193
1016244,Insert UNI Ø75/100-50,88
1016245,Insert UNI Ø75/100-50 lock,102
1013290,"Insert UNI Ø80/100-19,5",217
1013291,"Insert UNI Ø80/100-19,5 lock",231
1002960,Insert UNI Ø80/100-23,134
1002961,Insert UNI Ø80/100-23 lock,155
1008376,Insert UNI Ø80/116-23,200
1008377,Insert UNI Ø80/116-23 lock,55400
1008301,Insert UNI Ø90/116-23,199
1008365,Insert UNI Ø90/116-23 lock,220
1077509,Insertion & Extraction Tool for D-SUB,10600
9000516,Installation instructions-C2C-DC2,1600
841619,Installation instructions-DC2,1400
9000111,Installation instructions-DC2,1400
9000380,Installation instructions-DC2 QSC-Joystick emulation,1600
9000197,Installation instructions-DC2-2PY-12V-16M-841302,1600
9000205,Installation instructions-DC2-2PY-24V-16M-841303,1600
9000202,Installation instructions-DC2-8000122,1600
9000047,Installation instructions-DC2-8000148,1400
9000131,Installation instructions-DC2-8000528,1400
9000175,Installation instructions-DC2-8000604,1600
9000169,Installation instructions-DC2-8000613,1600
9000132,Installation instructions-DC2-8000614,1600
9000170,Installation instructions-DC2-8000615,1600
9000171,Installation instructions-DC2-8000616,1600
9000172,Installation instructions-DC2-8000617,1600
9000173,Installation instructions-DC2-8000618,1600
9000174,Installation instructions-DC2-8000619,1600
9000163,Installation instructions-DC2-8000637,1600
9000159,Installation instructions-DC2-8000638,1600
9000164,Installation instructions-DC2-8000639,1600
9000165,Installation instructions-DC2-8000640,1600
9000166,Installation instructions-DC2-8000647,1600
9000188,Installation instructions-DC2-8000713,1600
9000316,Installation instructions-DC2-8001027,1600
9000317,Installation instructions-DC2-8001028,1600
9000318,Installation instructions-DC2-8001029,1600
9000319,Installation instructions-DC2-8001030,1600
9000320,Installation instructions-DC2-8001031,1600
9000321,Installation instructions-DC2-8001032,1600
9000322,Installation instructions-DC2-8001033,1600
9000323,Installation instructions-DC2-8001034,1600
9000619,Installation instructions-DC2-8001269,1600
9000588,Installation instructions-DC2-8001566,1600
9000125,Installation instructions-DC2-841301,1400
9000497,Installation instructions-DC2-AGW-8001265,1600
9000622,Installation instructions-DC2-AGW-8001865,1600
9000224,Installation instructions-DC2-Constant flow,1600
841615,Installation instructions-DC2-Danfoss-841517,1400
841651,Installation instructions-DC2-engcon-add on,1600
841686,Installation instructions-DC2-Expansion Module,1400
841603,Installation instructions-DC2-Extension,1400
9000108,Installation instructions-DC2-Feeder switching,1600
841608,Installation instructions-DC2-Joystick Emulation,1400
9000130,Installation instructions-DC2-L8-8000509,1400
9000107,Installation instructions-DC2-Logic component 7000366,1600
9000876,Installation instructions-DC2-MAP0-2PY-12V/24V-16M-8002535,1400
9000591,Installation instructions-DC2-MAP0-DPWM02-8001608,1600
9000877,Installation instructions-DC2-MAP0-ORGPY-12V/24V-8002536,1600
841621,Installation instructions-DC2-MIG2,1400
9000059,Installation instructions-DC2-MIG2,1600
9000074,Installation instructions-DC2-MIG2,1400
9000126,Installation instructions-DC2-MIG2,1600
9000238,Installation instructions-DC2-MIG2-8000932,1600
9000357,Installation instructions-DC2-MIG2-8001079,1600
9000584,Installation instructions-DC2-MIG2-8001473,1600
9000267,Installation instructions-DC2-MIG2-PWMO2-12V-16M-QH-8000933,1600
841605,Installation instructions-DC2-PWM,1400
841606,Installation instructions-DC2-PWM,1400
9000593,Installation instructions-DC2-PWM02-8001824,1600
9000548,Installation instructions-DC2-PWMO2-8001539,1600
9000243,Installation instructions-DC2-QSC EC+QH-MIG2-8000890,1600
9000378,Installation instructions-DC2-QSC EC-1PY-12/24-16M-8001116,1600
9000377,Installation instructions-DC2-QSC EC-1PY-25M-8001117,1600
9000376,Installation instructions-DC2-QSC EC-2PY-12V-16M-8001118,1600
9000375,Installation instructions-DC2-QSC EC-2PY-24V-16M-8001119,1600
9000382,Installation instructions-DC2-QSC EC-8001162,1600
9000383,Installation instructions-DC2-QSC EC-8001165,1600
9000384,Installation instructions-DC2-QSC EC-8001166,1600
9000385,Installation instructions-DC2-QSC EC-8001167,1600
9000386,Installation instructions-DC2-QSC EC-8001168,1600
9000388,Installation instructions-DC2-QSC EC-8001170,1600
9000389,Installation instructions-DC2-QSC EC-8001171,1600
9000393,Installation instructions-DC2-QSC EC-8001177,1600
9000394,Installation instructions-DC2-QSC EC-8001178,1600
9000395,Installation instructions-DC2-QSC EC-8001179,1600
9000396,Installation instructions-DC2-QSC EC-8001180,1600
9000485,Installation instructions-DC2-QSC EC-8001195,1600
9000486,Installation instructions-DC2-QSC EC-8001196,1600
9000411,Installation instructions-DC2-QSC EC-8001199,1600
9000438,Installation instructions-DC2-QSC EC-8001204,1600
9000439,Installation instructions-DC2-QSC EC-8001205,1600
9000440,Installation instructions-DC2-QSC EC-8001206,1600
9000441,Installation instructions-DC2-QSC EC-8001207,1600
9000478,Installation instructions-DC2-QSC EC-8001268,1600
9000519,Installation instructions-DC2-QSC EC-8001275,1600
9000387,Installation instructions-DC2-QSC EC-Kobelco-8001169,1600
9000242,Installation instructions-DC2-QSC EC-MIG2-8000889,1600
9000244,Installation instructions-DC2-QSC EC-MIG2-8000891,1600
9000246,Installation instructions-DC2-QSC EC-MIG2-8000893,1600
9000248,Installation instructions-DC2-QSC EC-MIG2-8000895,1600
9000250,Installation instructions-DC2-QSC EC-MIG2-8000897,1600
9000252,Installation instructions-DC2-QSC EC-MIG2-8000899,1600
9000220,Installation instructions-DC2-QSC EC-MIG2-Doosan-8000797,1600
9000221,Installation instructions-DC2-QSC EC-MIG2-Doosan-8000798,1600
9000379,Installation instructions-DC2-QSC EC-Tiltrotator,1600
9000425,Installation instructions-DC2-QSC-8001221,1600
9000426,Installation instructions-DC2-QSC-8001222,1600
9000427,Installation instructions-DC2-QSC-8001223,1600
9000428,Installation instructions-DC2-QSC-8001224,1600
9000436,Installation instructions-DC2-QSC-8001238,1600
9000446,Installation instructions-DC2-QSC-8001258,1600
9000517,Installation instructions-DC2-QSC-8001324,1600
9000508,Installation instructions-DC2-QSC-8001347,1600
9000509,Installation instructions-DC2-QSC-8001348,1600
9000215,Installation instructions-DC2-QSC-EC+QH-MIG2-8000792,1600
9000218,Installation instructions-DC2-QSC-EC+QH-MIG2-8000795,1600
9000276,Installation instructions-DC2-QSC-EC+QH-MIG2-8000959,1600
9000275,Installation instructions-DC2-QSC-EC+QH-MIG2-8000968,1600
9000362,Installation instructions-DC2-QSC-EC+QH-MIG2-8001060,1600
9000358,Installation instructions-DC2-QSC-EC+QH-MIG2-8001080,1600
9000277,Installation instructions-DC2-QSC-EC+QH-MIG2-Doosan-8000800,1600
9000278,Installation instructions-DC2-QSC-EC+QH-MIG2-Doosan-8000960,1600
9000223,Installation instructions-DC2-QSC-EC+QH-MIG2-Doosan-8000961,1600
9000503,Installation instructions-DC2-QSC-EC-8000594,1600
9000482,Installation instructions-DC2-QSC-EC-8000595,1600
9000480,Installation instructions-DC2-QSC-EC-8001183,1600
9000481,Installation instructions-DC2-QSC-EC-8001184,1600
9000504,Installation instructions-DC2-QSC-EC-8001230,1600
9000207,Installation instructions-DC2-QSC-EC-MIG2-8000787,1600
9000211,Installation instructions-DC2-QSC-EC-MIG2-8000788,1600
9000213,Installation instructions-DC2-QSC-EC-MIG2-8000790,1600
9000214,Installation instructions-DC2-QSC-EC-MIG2-8000791,1600
9000219,Installation instructions-DC2-QSC-EC-MIG2-8000796,1600
9000270,Installation instructions-DC2-QSC-EC-MIG2-8000963,1600
9000274,Installation instructions-DC2-QSC-EC-MIG2-8000967,1600
9000361,Installation instructions-DC2-QSC-EC-MIG2-8001059,1600
9000222,Installation instructions-DC2-QSC-EC-MIG2-Doosan-8000799,1600
9000522,Installation instructions-DC2-QSC-LC-8001396,1600
9000079,Installation instructions-DC2-QSC-upgrade,1600
841601,Installation instructions-DC2-Tiltrotator,1400
841609,Installation instructions-DC2-Tiltrotator module Deutsch,1600
841602,Installation instructions-DC2-Track control,1600
9000285,Installation instructions-DC2-Track control,1600
841607,Installation instructions-DC2-Wheel control,1600
9000127,Installation instructions-DC2-Wheel control block,1400
9000356,Installation instructions-DC2-Wheel control block 1057959,1600
9000860,Installation instructions-DC2-Wheel control block 1076880,1600
9000695,Installation instructions-DC3,1600
9000691,Installation instructions-DC3-eML-CAT NG 313-330-8001992,1600
9000687,Installation instructions-DC3-eML-Develon-8001977,1600
9000660,Installation instructions-DC3-eML-Kobelco 7/11-8001900,1600
9000692,Installation instructions-DC3-eML-Volvo-8001902,1600
9000742,Installation instructions-DC3-MAP0-BCM-8002176,1600
9000749,Installation instructions-DC3-MAP4-eML-8002177,1600
9000658,Installation instructions-ePS-DC2,1600
9000659,Installation instructions-ePS-ss9/others,1600
9000524,Installation instructions-EXTDC2-CC-8001399,1600
9000746,Installation instructions-EXTDC2-MAP30-CCCV-12V-8001457,1600
9000747,Installation instructions-EXTDC2-MAP30-CCCV-24V-8001451,1600
9000587,Installation instructions-EXTDC2-MAP32-2PWM,1600
9000859,Installation instructions-EXTDC2-PWM02-8002247,1600
9000521,Installation instructions-EXTDC2-QH2-8001309,1600
9000538,Installation instructions-EXTDC2-QH2-8001464,1600
9000751,Installation instructions-EXTDC2-QH4-8002200,1600
9000581,Installation instructions-EXTDC2-QH5-8001576,1600
9000752,Installation instructions-EXTDC2-QH5-8002201,1600
9000568,Installation instructions-EXTDC2-WC.2,1600
9000621,Installation instructions-EXTDC2-WC.2-Closed Center-8001862,1600
9000903,Installation instructions-EXTDC3-1EX-8002575,1600
9000931,Installation instructions-EXTDC3-1EXBCM-8002683,1600
9000724,Installation instructions-EXTDC3-QH4-8002135,1600
9000726,Installation instructions-EXTDC3-QH5-8002137,1600
9000761,Installation instructions-EXTDC3-QH5-CAT 313 NG-8002251,1600
9000721,Installation instructions-EXTDC3-QH5-CAT 315 NG-8002132,1600
9000722,Installation instructions-EXTDC3-QH5-CAT 320-330 NG-8002133,1600
9000843,Installation instructions-EXTDC3-Takeuchi TB395W-8002293,1600
841618,Installation instructions-L8-DC2,1600
841652,Installation instructions-L8-DC2-841502-841514,1400
841617,Installation instructions-MIG2,1400
9000674,Installation instructions-MIG2 CAN-DC3-8001850,1600
9000673,Installation instructions-MIG2 CAN-DC3-8001974-8001975,1600
9000599,Installation instructions-MIG2-1FNR-8001821,1600
9000176,Installation instructions-MIG2-8000598,1600
9000177,Installation instructions-MIG2-8000601,1600
9000330,Installation instructions-MIG2-8000801,1600
9000329,Installation instructions-MIG2-8000802,1600
9000331,Installation instructions-MIG2-8000803,1600
9000523,Installation instructions-MIG2-8001398,1600
9000539,Installation instructions-MIG2-8001468,1600
9000570,Installation instructions-MIG2-8001540,1600
9000583,Installation instructions-MIG2-8001563,1600
9000600,Installation instructions-MIG2-8001564,1600
9000586,Installation instructions-MIG2-8001568,1600
9000690,Installation instructions-MIG2-8001851-8001852,1600
9000732,Installation instructions-MIG2-8002146,1600
9000753,Installation instructions-MIG2-8002294,1600
9000845,Installation instructions-MIG2-8002360,1600
9000886,Installation instructions-MIG2-8002529,1600
9000887,Installation instructions-MIG2-8002530,1600
841620,Installation instructions-MIG2-841533-841534,1600
841616,Installation instructions-MIG2-DC2,1600
841624,Installation instructions-MIG2-DC2,1400
9000078,Installation instructions-MIG2-Special,1600
841682,Installation instructions-MIG2-SVAB,1600
841684,Installation instructions-QS QLM,1400
9000417,Installation instructions-QS45/QS50/QS60/QS70/QS80,1600
9000281,Installation instructions-QS60,1600
9000287,Installation instructions-QS60,1600
9000301,Installation instructions-QS60,1600
9000231,Installation instructions-QS60-7000939,1600
9000236,Installation instructions-QS60-7000964,1600
9000261,Installation instructions-QS60-7001023,1600
9000282,Installation instructions-QS70,1600
9000288,Installation instructions-QS70,1600
9000226,Installation instructions-QS70-7000935,1600
9000303,Installation instructions-QS80,1600
9000324,Installation instructions-QS80,1600
9000304,Installation instructions-QS80-7001159,1600
9000241,Installation instructions-QSC EC,1600
9000050,Installation instructions-QSC EC+QH,1400
9000144,Installation instructions-QSC-8000133,1600
9000148,Installation instructions-QSC-8000277,1600
9000149,Installation instructions-QSC-8000278,1600
9000150,Installation instructions-QSC-8000320,1600
9000152,Installation instructions-QSC-8000559,1600
9000154,Installation instructions-QSC-8000561,1600
9000155,Installation instructions-QSC-8000562,1600
9000156,Installation instructions-QSC-8000563,1600
9000140,Installation instructions-QSC-DC2-8000557,1400
9000141,Installation instructions-QSC-DC2-8000558,1400
9000138,Installation instructions-QSC-Emulation cable 8000550,1400
9000406,Installation instructions-QSC-QH4-12V-QS45-8001212,1600
9000407,Installation instructions-QSC-QH4-24V-QS45-8001213,1600
9000408,Installation instructions-QSC-QH5-12V-QS60-80-8001214,1600
9000409,Installation instructions-QSC-QH5-24V-QS60-80-8001215,1600
9000730,Installation instructions-S30/S40/S45/S60/S70/S80,1600
9000041,Installation instructions-ss9-2,1400
9000068,Installation instructions-ss9-2,1600
9000076,Installation instructions-ss9-2-8000298,1600
9000046,Installation instructions-ss9-2-Replacement unit-8000117,1400
7000939,Installation kit QS60 DC2 EC-Oil,359600
7000964,Installation kit QS60 DC2 EC-Oil,419800
7001023,Installation kit QS60 DC2 EC-Oil,469100
7001087,Installation kit QS60 DC2 EC-Oil,276200
7001116,Installation kit QS60 DC2 EC-Oil,250000
7001147,Installation kit QS60 DC2 EC-Oil,296300
7001185,Installation kit QS60 DC2 EC-Oil,250000
7000935,Installation kit QS70 DC2 EC-Oil,481500
7001091,Installation kit QS70 DC2 EC-Oil,333300
7001092,Installation kit QS70 DC2 EC-Oil,341000
7001170,Installation kit QS70 DC2 EC-Oil,228400
7001159,Installation kit QS80 DC2 EC-Oil,589500
7000834,Installation kit Volvo bands -04,102300
7000675,Installation kit Volvo bands -06,120700
1025093,Installation ring power plug eco,6000
9000534,Instruction - Analog pressure sensor,800
9000203,Instruction - Connect hydraulic hammer ECO45 W,800
9000192,Instruction - Connect hydraulic hammer ECO60 W,800
9000204,Instruction - Connect hydraulic hammer ECO70 W,800
9000416,Instruction - EC219-Hitch SW33H,1600
9000189,Instruction - GRD expander bolt,800
9000233,Instruction - Lock hydraulics QS Quick Hitch,800
9000646,Instruction - Making 8001878 from 6004310 for Likufix,800
9000381,Instruction - Module DC2-AGW Volvo EC/EW/EWR - 8001292,800
9000655,Instruction - Module DC2-AGW Volvo ECR - 8001866,800
9000495,Instruction - Mounting engcon Tilt angle sensor,800
9000676,Instruction - Mounting Quick hitch EC214-EC233,800
9000344,Instruction - New feed hoses EC214-226 Top EC-Oil,800
9000502,Instruction - Reconstruction kit-QSM60 - 7001506,800
9000373,Instruction - Replace axial washer,800
9000694,Instruction - Shims for Mecalac,800
9000526,Instruction - Trimble GS520 on EC209,800
9000530,Instruction - Trimble GS520 on ECHF & QSM,800
9000654,Instruction-ePS 1.0,1600
1023930,Instruction-Interpreter stick - List of length all EC,300
1083044,Iron casted motor upgrade kit  (PC6000),333300
1083601,Iron casted motor upgrade kit  (PC9500),333300
1082438,Iron casted motor upgrade kit  (PP3200),284000
303596,Joint electric box (300830) Komatsu PC200,50800
810111,Joystick adapter kit Danfoss DF prop.,29900
810453,Joystick cable DC1,25300
841111,Joystick cable d-sub M12 mounted control,46800
303604,Joystick cable kit Komatsu-8,38600
1039672,Joystick cable kit left Komatsu 11,30600
810439,Joystick cable Komatsu-8,29800
1013747,Joystick cable left Komatsu PW148-8,48900
1013746,Joystick cable right Komatsu PW148-8,37000
841526,Joystick kit-add on-MIG1-3 rolls-DC2,119900
810112,Joystick M12 adapter kit CAT,9000
1034439,Jumper DT 2P POS:1-2,2900
8001229,Jumper DTM 2P POS:1-2,3700
1018662,Jumper JT 2P POS:1-2,2900
8000197,Jumper Wires,600
403706,Key 3-way valve,36000
1017864,Keysteel 22x22 left ecPUP,55700
1017695,Keysteel 22x22 right ecPUP,55700
1011658,Keysteel 32x32 left ecPUP,73000
1013522,Keysteel 32x32 right ecPUP,73000
1037932,Kickback protection SWD40/45/60,88000
1027746,L8-Liebherr sensors-DC2,2788
1029979,Label EC209 - rotation sensor,5100
1029980,Label EC214 - rotation sensor,5100
1029981,Label EC219 - rotation sensor,5100
1029982,Label EC226 - rotation sensor,5100
1041393,Label EC233 - rotation sensor,5100
303424,Lever S30 SEMI,6600
303423,Lever S40M,8200
1071928,Lifting hook 5T-bolted forged,46100
200353,Lifting hook Pejo C201 1T,28400
200356,Lifting hook Pejo C203 3T,37000
200354,Lifting hook Pejo C205 5T,46000
200355,Lifting hook Pejo C208 8T,61300
200836,Lifting hook Pejo C210 10T,90300
1040888,LIKUFIX Upgrade kit 4hyd Liebherr SW48 Top part,2435200
1030039,LIKUFIX Upgrade kit Liebherr SW33 Top part,2407400
1063772,Link arm SWD40/GRD40Q,2800
1069486,Link arm thin SWD40/GRD40Q,2400
1033284,Link head M10/Ø10 female,12000
1033283,"Link head M10/Ø10 Male, 42mm",13300
401003,Link mechanical lock,13700
405075,Link S30/S40 SEMI,6800
1004042,Link S40 mechanical EC05B,4800
1045771,Link SK02/SG03,45200
302042,Link SK05/SG06,81300
1001031,Link SK10/SG12 replaces 201245,220700
1000944,Link SK15/SG19,159000
1001012,Link SK20/SG26 replaces 200992,291700
201692,Link SK30/SG33,470700
1032348,Link TG25HD,125600
1035097,Link TG25HD,125600
1034946,Link TG28HD,80100
1034836,Link TG42HD,77800
1034763,Link TG55HD,97100
1016584,Locating sleeve Slip ring L21-EC206,14200
1063497,Lock arm GRD40/SWD40,29600
1036454,Lock arm GRD45/50,19000
1055435,Lock arm GRD45/50 oversized Ø15,10800
1034056,Lock arm GRD60,37700
1055546,Lock arm GRD60 oversized Ø21,10800
1044752,Lock arm GRD70,22800
1028790,Lock arm SW33 V2,25000
1030893,Lock arm SW33 V2 cylinder,83300
403265,Lock arm SW48 left,90900
403264,Lock arm SW48 right,90900
1058448,Lock arm SWD45 V2,16700
1036560,Lock arm SWD60,23000
202959,Lock catch S30 SEMI,10800
202971,Lock catch S40,4300
400893,Lock plate for axle-Liebherr 65mm M12,6800
403723,Lock plate for axle-Liebherr 90mm M12,6800
1066825,Lock plate grab arm axle GRD40,2500
1069266,Lock plate positioning nut-eccenter GRD40/SWD40,1800
1073400,Lock plate-UNI axle-S40/S45,1100
1067225,Lock plate-UNI axle-S60/S70/S80,2700
1062215,Lock ring Ø42,700
1024690,Lock set S40 EC02/EC204/EC05B/EC206/RF,183600
1036575,Lock stay SWD,19900
1039934,Lock valve QSC 12V (extra socket & QH),327200
1039935,Lock valve QSC 24V ( extra socket & QH),375000
1063544,Lock wedge CW05GP,63000
303183,Lock wedge GJ300,131000
302362,Lock wedge GJ300 until 0551,121800
404382,Lock wedge GJ500,121100
302717,Lock wedge Hydrema hardened,29200
301542,Lock wedge KM2,61900
302109,Lock wedge LE,66500
1027547,Lock wedge Lehnhoff HS03ec hardened,22200
1027607,Lock wedge Lehnhoff HS08ec hardened,47700
1033050,Lock wedge Lehnhoff HS10ec hardened,70400
301165,Lock wedge Liebherr SW33,103200
1063234,Lock wedge Liebherr SW33ecS,89800
1042110,Lock wedge Liebherr SW48 V2,85600
301837,Lock wedge S1 15°,59600
1015047,Lock wedge S1 cast,41500
1001198,Lock wedge S1(RF),105700
302815,Lock wedge S2 & 27,64800
302513,Lock wedge S2 & 27 15°,87300
1006729,Lock wedge S3,125200
202763,Lock wedge S30 SEMI flat,35200
303246,Lock wedge S40 flat,52200
302617,Lock wedge S40 hardened,24400
303483,Lock wedge S45&S50 acid proof left,155900
303537,Lock wedge S45&S50 acid proof right,155900
302332,Lock wedge S45&S50 hardened as of 0402,30100
302331,Lock wedge S60 hardened as of 0402,32600
300360,Lock wedge S60 rectangular,92900
201206,Lock wedge S70,66200
302535,Lock wedge S80 (R50),148100
401049,Lock wedge SMP2,82600
402146,Lock wedge SMP2 Atlas T620,115900
1029594,Lock wedge SMP2 V2,120500
302285,Lock wedge SW48,165100
1027073,Lock wedge Verachtert CW05 painted,52600
1025207,Lock wedge Verachtert CW10 painted,40300
1007836,Lock wedge Verachtert CW30 VB,239200
1013080,Lock wedge Verachtert CW30S VB painted,270100
1055287,Lock wedge Verachtert CW45 VB,589500
1061251,Lock wedge Verachtert CW45S VB,1276200
402216,Locking axle GJ300,20400
1027666,Locking axle HS03ec,15600
1033422,Locking axle Lehnhoff HS10ec,41500
1042993,"Locking axle M12 SW33,SW48 V2",44000
400565,Locking axle RFS40 blacknite,17900
1003675,Locking axle S40,11000
402537,"Locking axle S45-S60/ecPUP/HS08ec/Hydrema/GJ300,500",9700
402145,Locking axle SMP2,41000
1051265,Locking axle SR,2400
1040285,Locking axle SW33 V2,45400
1027555,Locking axle wedge HS03ec,13300
660103,Locking B-cover SK20ST,3400
1030971,Locking cylinder 10,138400
202735,Locking cylinder 10 rotated non-return valve,112200
1007455,Locking cylinder ECO45,390400
1008695,Locking cylinder ECO60,444400
1014704,Locking cylinder ECO70,563300
1011225,Locking cylinder ECpup,310200
202747,Locking cylinder GJ300 non-return valve,93800
200500K,Locking cylinder GJ500 complete,180600
1037386,Locking cylinder HS10ec non-return valve,279300
301448,Locking cylinder Hydrema,84300
1023840,Locking cylinder Hydrema rotated ear,78400
1079695,Locking Cylinder HYDS Preassembly,314800
200531K,Locking cylinder LE / GJ300 /SMP3 /SMP8,180600
200494K,Locking cylinder PUP 45A-50C SL65,162000
100690K,Locking cylinder PUP 60-60C SL75,236100
100764K,Locking cylinder PUP 65A-80B SL100,239200
100722K,Locking cylinder PUP 80AHD-80BHD SL120,206800
1072391,Locking cylinder QS45/50 V4 Forged QSC pre-assembled,341000
1033080,Locking cylinder QS45/QS50 pre-assembled,532400
1027573,Locking cylinder QS45/QS50 V2,361100
1048780,Locking cylinder QS45/QS50 V4,216000
1067285,Locking cylinder QS45/QS50 V4 Forged,183600
1050634,Locking cylinder QS45/QS50 V4 pre-assembled-Not QSC,351900
1049698,Locking cylinder QS45/QS50 V4 QSC pre-assembled,365700
1033081,Locking cylinder QS60 pre-assembled,425900
1048617,Locking cylinder QS60 V3 ELT non-return valve,171300
1037447,Locking cylinder QS60 V3 pre-assembled,214500
1045379,Locking cylinder QS60 V4 Forged,236100
1058189,Locking cylinder QS60 V4 Forged pre-assembled-NOT QSC,331800
1050635,Locking cylinder QS60 V4 pre-NOT QSC,225300
1049702,locking cylinder QS60 V4 QSC pre,225300
1083144,Locking cylinder QS60 V5 Forged pre-assembled-NOT QSC,253100
1028940,Locking cylinder QS70 V2 2017-05-22,316400
1058122,Locking cylinder QS70 V4 Forged,304000
1058123,Locking cylinder QS70 V4 Forged QSC pre-assembled,415100
1050636,Locking cylinder QS70 V4 pre-assembled-NOT QSC,418200
1072886,Locking cylinder QS80 QSM QSC/S80 pre-assembled,427500
1048783,Locking cylinder QS80 V2,308600
1049727,Locking cylinder QS80 V2 QSC pre-assembled,479900
1063791,Locking cylinder QSM40,242300
1055643,Locking cylinder QSM45,243800
1067280,Locking cylinder QSM45 Forged,182100
1056583,Locking cylinder QSM45/50 QSC pre-assembled,353400
1049881,Locking cylinder QSM60 V4 QSC pre-assembled,231500
1052711,Locking cylinder QSM60/S60 V4 Forged QSC pre-assembled,324100
1083142,Locking cylinder QSM60/S60 V5 Forged QSC pre-assembled,251500
1058124,Locking cylinder QSM70/S70 V4 Forged QSC pre-assembled,402800
1025182,Locking cylinder Rotated ear S60 HFX EC219 complete,71600
400651K,"Locking cylinder S1,18, 27",191400
402503K,Locking cylinder S2 & 27 (long threaded rod),182100
303489,Locking cylinder S30 complete,147400
1063621,Locking cylinder S30S,257700
1063622,Locking cylinder S30S pre-assembled,304000
1003530,Locking cylinder S40 / HS03ec,115100
300783,Locking cylinder S40 EC05A/TF10/RF/EC02,91500
1068367,Locking cylinder S40/QSM40 pre-assembled,308600
1056690,Locking cylinder S40S/QS40,310200
1057115,Locking cylinder S40S/QS40 pre-assembled,373500
1072390,Locking cylinder S45/QSM45/50 Forged QSC pre-assembled,356500
400848,Locking cylinder S45/S50 complete with yoke,101100
301099,Locking cylinder S45/S50 rotated ear,63000
1021885,Locking cylinder S45/S50 rotated ear - complete with yoke,84100
300732,Locking cylinder S45/S50/S60,68500
400849,"Locking cylinder S60 EC15B, EC20B complete",100900
400986,"Locking cylinder S60 EC219, RF (EC10B) complete",89000
1052550,Locking cylinder S60/QS60 V4 Forged QSC pre-assembled,362700
1083143,Locking cylinder S60/QS60 V5 Forged QSC pre-assembled,243800
1014515,"Locking cylinder S70, S80 sterling valve& spring",268500
401268,Locking cylinder SW33,108000
403273,Locking cylinder SW48,41000
302284,Locking cylinder SW48 as of 0310,116200
1027070,Locking cylinder Verachtert CW05 VB,144400
1025209,"Locking cylinder Verachtert CW10 ss0,3,9SQ",222200
1044550,Locking cylinder Verachtert CW10EC,226900
1007727,"Locking cylinder Verachtert CW30 Ø35/65/45(ss5,9IQ,10)",251500
303510,Locking cylinder Verachtert CW30/CW40 VB,338000
1055294,Locking cylinder Verachtert CW45 VB,564800
1055109,Locking device fork ISO2 1200mm VETTER,21500
1074133,Locking device fork ISO2 800/1200 DELTA EFFE,19600
1030092,Locking device GH complete,24700
1069487,Locking hasp SWD40/GRD40Q,8300
1079716,Locking hook HYDS,44800
1056831,Locking hook left ecPUP45/50 cc280-390 V2,147500
1028513,Locking hook left ecPUP60/65 cc290-380 wide 10°,213000
1023553,Locking hook left ecPUP60/65 cc340-430 wide 10°,211400
1022119,Locking hook left ecPUP70/80 cc350-430 wide 10°,253100
200620,Locking hook PUP45A,147800
1029196,Locking hook QS45/50 cast,60500
1026154,Locking hook QS60 cast,44100
1024200,Locking hook QS70,229900
1034775,Locking hook QS80/S80,240700
1037431,Locking hook QSM70/QS70/S70 V2 cast,59900
1056829,Locking hook right ecPUP45/50 cc280-390 V2,147500
1028510,Locking hook right ecPUP60/65 cc290-380 wide 10°,213000
1023552,Locking hook right ecPUP60/65 cc340-430 wide 10°,211400
1021730,Locking hook right ecPUP70/80 cc350-430 wide 10°,250000
1028186,Locking hook right ecPUP70/80 cc430-510 wide 10°,236100
1063393,Locking hook S30S,76500
1065434,Locking hook S40/QSM40,83600
1056815,Locking hook S40S/QS40,71100
1047545,Locking hook S45/QSM/QS45/50 V2 cast,60200
1046654,Locking hook S60/QSM60/QS60 V2 cast,71100
1022280,Locking kit S40 EC02/EC204/EC05B/EC206/RF - complete,202200
1040144,Locking pin,15000
1004748,Locking pin CAT 20,800
1004753,Locking pin CAT 25,800
1004758,Locking pin CAT 30,800
1004763,Locking pin CAT 35,1600
1004777,Locking pin CAT 45,1800
1050736,Locking pin GRD45/50,5900
1050735,Locking pin GRD60-GRD70,8500
1027669,Locking pin HS03ec,17100
403979,Locking pin Ø25 L45.5 Ø10 Menzi Muck A91,8200
403211,Locking pin Ø30 L32.5 M12 Liebherr R914,7400
401426,Locking pin Ø30 L41 M12 Liebherr 912,4900
1004792,Locking pin Ripper R20 (ESCO R25),4900
1006537,Locking pin Ripper R30,12300
1004788,"Locking pin Ripper R5, 10&15",5400
1003960,Locking pin S40 - mechanical screwed,23900
1024689,"Locking pin S40 48,5mm",12000
1003959,Locking pin S40 53mm,12000
400449,Locking pin S45/S50/S60/Hydrema,7400
402894,Locking pin S70/S80 Ø25 L=52,15900
401391,Locking pin SMP105,28700
1060187,"Locking ring QSM Ø60/57,6 t1,5",2000
1052664,"Locking ring QSM Ø70/67,4 t2",3400
1039555,"Locking ring QSM Ø80/77,4 t2",3500
401435,Locking sleeve Lännen 940S,6600
1004750,Locking washer CAT 20,800
1004755,Locking washer CAT 25,800
1004759,Locking washer CAT 30,800
1004764,Locking washer CAT 35,1400
1004778,Locking washer CAT 45,1600
1004791,Locking washer Ripper R20 (ESCO R25),4900
1006538,Locking washer Ripper R30 ( two for each lock),4900
1004787,"Locking washer Ripper R5, 10&15",5400
303243,Locking yoke GJ300,29300
1027549,Locking yoke HS03ec,72700
1041603,Locking yoke HS08ec fixed pin,72800
301450,Locking yoke Hydrema,48100
1033371,Locking yoke Lehnhoff HS10ec,126500
1024688,Locking yoke S40,52000
400641,Locking yoke S40 ( square wedge ),26700
1003559,Locking yoke S40 Mec - welded,52000
301004,Locking yoke S45&S50,27000
401025,Locking yoke S45&S50 mechanical,50500
405826,Locking yoke S45&S50 mechanical Marine,121900
301005,Locking yoke S60,27800
401005,Locking yoke S60 mechanical,48900
301083,Locking yoke S60 RF,27800
300871,Locking yoke S60 until 0112,17700
1075454,Locktab kit engcon hook 5T,13400
404249,Locktab kit Pejo 201,10500
404250,Locktab kit Pejo 202-3,12300
404251,Locktab kit Pejo 204-5-6,13400
405177,Locktab kit Pejo RC-208-10-15,14800
400140,Locktab to swivel,3100
7000636,Logic Valve-Wheel Control-LCEF10-N-A-S-0-160,90300
1048668,Logo 20x102x4,1000
1048669,Logo 30x152x4,1300
1048670,Logo 40x202x4,1700
1048671,Logo 55x278x4,2100
1048672,Logo 70x352x4,3000
1004052,Loop - Hose steering Menzi Muck,12500
1012747,Lower axle ECpup,22700
1059480,Lower part PC6000 V2,767000
1013812,Lower part PP3200,598800
1076618,LS plug,6600
7001175,LS-adapter plate,69800
7002074,"Lubrication kit EC104, EC204BU Basic",12800
1032960,Lubrication kit EC204,199100
1033500,Lubrication kit EC204 dosing block MX-F 4/7,175900
1079207,Lubrication kit EC204B,157400
1079117,Lubrication kit EC204B dosing block MX-F 3/6,138400
1027975,Lubrication kit EC206 dosing block MX-F 4/7,160500
1040762,Lubrication kit EC206 dosing block MX-F 4/7 V2,179000
1040208,Lubrication kit EC206 V2,216000
7001722,Lubrication kit EC206B V2,211400
1068332,Lubrication kit EC206B V2 dosing block MX-F 4/7,136000
1021742,Lubrication kit EC209,196000
1021839,Lubrication kit EC209 dosing block MX-F,149700
1056598,Lubrication kit EC209 QSM,175900
1059026,Lubrication kit EC209 V2,175900
1059025,Lubrication kit EC209 V2 dosing block MX-F 4/8,134100
1057161,Lubrication kit EC209B QSM dosing block MX-F 4/8,101500
1028281,Lubrication kit EC214 dosing block MX-F 5/10,175900
7000771,Lubrication kit EC214 hose kit,44100
1026699,Lubrication kit EC214/EC314,222200
790171,Lubrication kit EC219 hose kit V3,30900
1021135,Lubrication kit EC219 V3,223800
1018757,Lubrication kit EC219/EC226 dosing block MX-F 5/10,188300
790170,Lubrication kit EC226 hose kit V3,30900
1021136,Lubrication kit EC226 V3/EC326,222200
1040866,Lubrication kit EC233,222200
1083302,Lubrication kit EC233/EC333,222200
711403,Lubrication nipple 1/8 straight,200
711409,"Lubrication nipple 1/8"" 90°",900
711410,Lubrication nipple M10x1 straight,300
790166,Lubrication nipple M10x1 straight Lubrication kit,300
711405,Lubrication nipple M6 straight,400
711401,Lubrication nipple M8 45°,400
711402,"Lubrication nipple M8 x1,25 90°",700
711408,Lubrication nipple M8x1 straight,100
400721,"Lubrication screw EC10, EC20",4600
400701,Lubrication screw EC15,7700
402185,Lubrication screw EC30,9700
790160,Lubrication-Bushing 6mm M10x1 EC219/EC226,1700
790159,Lubrication-double conical 6mm MSG TYP1 EC219/EC226,600
8002863,M12 Dust Cover Female,600
841120,Machine cable DC2 16m,123800
842194,Machine cable DC2 AMPS Sock x4/Term MAP Volvo-16m,113300
842196,Machine cable DC2 AMPS Sock x4-16m,113300
841183,Machine cable DC2 AMPS Sock x4-25m,153400
8000688,"Machine cable DC2 AMPS Sock x4-9,3m",103700
8001187,Machine cable DC2 DT 12S-18m,99700
8001371,"Machine cable DC2 DT 12S-8,5m",54600
8000544,Machine cable DC2 DT 4S MAP Kobelco-16m,88000
8000186,Machine cable DC2 DT 6P MAP Komatsu-12m,78200
8001225,Machine cable DC2 DT 6P-15m,88000
8000836,Machine cable DC2 DT 8S-16m,82400
8000505,Machine cable DC2 DT Sock x4/Term MAP Volvo-16m,109400
8000537,Machine cable DC2 DTx4 MAP CAT NG-16m,107400
8002684,"Machine cable DC3-0,35m",29600
8002682,Machine cable DC3-10m,64000
8000630,Machine cable Liebher 18m,92900
300974,Machine cable ss10 ILME 10S-10m,66200
300975,Machine cable ss10 ILME 10S-16m,66200
300820,Machine cable ss10 ILME 16P-16m,75300
8000020,Machine cable ss10 ILME 16P-25m,96800
1006945,Machine cable ss9 Dump-16m,55200
302494,"Machine cable ss9, ss17 16m",42700
300832,Machine cable ss9-16m,47700
8000301,Machine cable ss9-2 2xDT MAP Komatsu-12m,67900
1032908,Machine cable ss9-2 Dump-16m,67900
1037282,Machine cable ss9-2 Dump-25m,79800
7001932,Machine lock valve with needle valve,171300
1035839,Machine lock valve-12V,279300
1040602,Machine lock valve-12V with needle valve,229900
1035838,Machine lock valve-24V,284000
1040601,Machine lock valve-24V with needle valve,382700
8000589,Machine lock valve-QSC-45/50-24V,271600
8000587,Machine lock valve-QSC-60/80-24V,393500
8001986,Magnet 32x7mm MGM,3200
6000047,Magnet Neodym35 8x5x3mm SVAB MACS,2200
1064202,Magnet spacer tilt axle EC214S/EC219S,2200
1064185,"Magnet spacer tilt axle EC226S/EC233S, EC326/EC333",2700
1062693,Magnet Spacer Worm Screw,2000
1051267,Mantle SR 1300,67100
1051268,Mantle SR 1600,126900
1051269,Mantle SR 1800,127900
1051309,Mantle SR 2000,100600
1051266,Mantle SR 800,76500
7001330,"Measuring nipple 1/4""o-rings sealed",5100
7002049,"Measuring port PP3200/PC 1/4""",1400
7000362,"Measuring socket Minimess ¼""",4600
1073255,MG12-QS45-T16,3608000
1074056,MG12-QS60-T8,3780900
1078309,MG16-S45-T16,3708300
1077669,MG16-S60-T8,3780900
1080117,MG20-//,4253100
1073256,MG20-QS70-T20,4753100
810307,Micro switch-ES Hydagent Joystick,14200
7000246,Middle piece for Orbitrol,129000
1051271,Middle plate SR 1300,452200
1051272,Middle plate SR 1600,452200
1051273,Middle plate SR 1800,452200
1051311,Middle plate SR 2000,429000
1051270,Middle plate SR 800,327200
841515,MIG1-46-DC2-2R-2NO-2NO/NC,1040
8001967,MIG2 CAN Cable Left Takeuchi 4-pole,6800
8001966,MIG2 CAN Cable Right Takeuchi 6-pole,8600
8000376,MIG2-37-DC2-4R-9NO-3NO/NC-2FNR,325600
841519,MIG2-47-DC2-2R-11NO-3NO/NC,246900
841520,MIG2-48-DC2-3R-11NO-3NO/NC,267000
841521,MIG2-49-DC2-3R-10NO-3NO/NC-1FNR,284000
841522,MIG2-50-DC2-4R-11NO-3NO/NC,287000
841523,MIG2-51-DC2-4R-10NO-3NO/NC-1FNR R,308600
841524,MIG2-52-DC2-5R-11NO-3NO/NC,308600
841525,MIG2-53-DC2-5R-10NO-3NO/NC-1FNR,325600
841530,MIG2-56-DC2-4R-11NO-3NO/NC,305600
841535,MIG2-61-DC2-4R-11NO-3NO/NC,308600
841542,MIG2-66-DC2-4R-10NO-2NO/NC-1NO /AL,308600
841548,MIG2-71-DC2-6R-7NO-3NO/NC,325600
841549,MIG2-72-DC2-6R-6NO-3NO/NC-1FNR,348800
842083,MIG2-98-RTC/GTC-2R-14NO,319400
841529,MIG2-DC2-AN-MAP50-6R-10NO-3NO/NC-1FNR,348800
841539,MIG2-DC2-AN-MAP50-6R-10NO-3NO/NC-1FNR,348800
841528,MIG2-DC2-AN-MAP50-6R-11NO-3NO/NC,330200
8002252,MIG2-DC2-AN-MAP50-6R-9NO-3NO/NC-2FNR,365700
8000304,MIG2-DC2-AN-MAP50-8R-6NO-3NO/NC-1FNR,387300
841533,MIG2-DC2-AN-MAP51-4R-10NO-3NO/NC-1FNR-RES,330200
841532,MIG2-DC2-AN-MAP51-4R-11NO-3NO/NC,308600
841537,MIG2-DC2-AN-MAP51-5R-10NO-3NO/NC-1FNR,348800
8001540,MIG2-DC2-AN-MAP51-5R-8NO-4NO/NC-1NO LED-1FNR,368800
8000285,MIG2-DC2-AN-MAP51-5R-9NO-3NO/NC-1NO LED-1FNR,348800
8000198,MIG2-DC2-AN-MAP51-5R-9NO-4NO/NC-1FNR,348800
8000515,MIG2-DC2-AN-MAP51-6R-10NO-2NO/NC-1NO LED-1FNR,368800
8000802,MIG2-DC2-AN-MAP51-6R-10NO-3NO/NC-1FNR,368800
8000803,MIG2-DC2-AN-MAP51-6R-10NO-3NO/NC-1FNR,368800
8001821,MIG2-DC2-AN-MAP51-6R-10NO-3NO/NC-1FNR,370400
8002294,MIG2-DC2-AN-MAP51-6R-10NO-3NO/NC-1FNR,387300
8002578,MIG2-DC2-AN-MAP51-6R-10NO-3NO/NC-1FNR,364200
8002713,MIG2-DC2-AN-MAP51-6R-10NO-4NO/NC,347200
8000801,MIG2-DC2-AN-MAP51-6R-11NO-3NO/NC,348800
8001473,MIG2-DC2-AN-MAP51-6R-11NO-3NO/NC,348800
8001564,MIG2-DC2-AN-MAP51-6R-11NO-3NO/NC,348800
8001851,MIG2-DC2-AN-MAP51-6R-11NO-3NO/NC,350300
8001852,MIG2-DC2-AN-MAP51-6R-11NO-3NO/NC,350300
8002034,MIG2-DC2-AN-MAP51-6R-11NO-3NO/NC,325600
841531,MIG2-DC2-AN-MAP51-6R-11NO-3NO/NC,348800
841536,MIG2-DC2-AN-MAP51-6R-11NO-3NO/NC,348800
8002146,MIG2-DC2-AN-MAP51-6R-12NO-1NO/NC-1FNR,387300
8001568,MIG2-DC2-AN-MAP51-6R-6NO-8NO/NC,348800
8000662,MIG2-DC2-AN-MAP51-6R-8NO-3NO/NC-2FNR,387300
841543,MIG2-DC2-AN-MAP51-6R-9NO-2NO/NC-1NO/AL,348800
8001398,MIG2-DC2-AN-MAP51-6R-9NO-3NO/NC-1NO/NC LED,348800
8001563,MIG2-DC2-AN-MAP51-6R-9NO-3NO/NC-2FNR,387300
8001472,MIG2-DC2-AN-MAP51-8R-6NO-3NO/NC-1FNR,427500
8001468,MIG2-DC2-AN-MAP51-8R-7NO-3NO/NC,387300
8002630,MIG2-DC3-AN-MAP50-6R-10NO-4NO/NC,330200
8002990,MIG2-DC3-AN-MAP50-6R-8NO-4NO/NC-2FNR,364200
8002631,MIG2-DC3-AN-MAP50-6R-9NO-4NO/NC-1FNR,347200
8002934,MIG2-DC3-AN-MAP50-8R-4NO-4NO/NC-2FNR,398100
8002633,MIG2-DC3-AN-MAP51-6R-10NO-4NO/NC,347200
8002634,MIG2-DC3-AN-MAP51-6R-10NO-4NO/NC,347200
8002637,MIG2-DC3-AN-MAP51-6R-10NO-4NO/NC,347200
8002745,MIG2-DC3-AN-MAP51-6R-10NO-4NO/NC,347200
8002765,MIG2-DC3-AN-MAP51-6R-10NO-4NO/NC,344100
8002773,MIG2-DC3-AN-MAP51-6R-10NO-4NO/NC,344100
8002821,MIG2-DC3-AN-MAP51-6R-10NO-4NO/NC,347200
8002638,MIG2-DC3-AN-MAP51-6R-5NO-8NO/NC-1FNR,364200
8002730,MIG2-DC3-AN-MAP51-6R-8NO-4NO/NC-2FNR,381200
8002864,MIG2-DC3-AN-MAP51-6R-8NO-4NO/NC-2FNR,381200
8002735,MIG2-DC3-AN-MAP51-6R-9NO-3NO/NC-2FNR,381200
8002632,MIG2-DC3-AN-MAP51-6R-9NO-4NO/NC-1FNR,364200
8002635,MIG2-DC3-AN-MAP51-6R-9NO-4NO/NC-1FNR,364200
8002636,MIG2-DC3-AN-MAP51-6R-9NO-4NO/NC-1FNR,364200
8002645,MIG2-DC3-AN-MAP51-6R-9NO-4NO/NC-1FNR,364200
8002770,MIG2-DC3-AN-MAP51-6R-9NO-4NO/NC-1FNR,364200
8001975,MIG2-DC3-CAN-MAP50-6R-13NO/NC-1FNR,407400
8001974,MIG2-DC3-CAN-MAP50-6R-14NO/NC,407400
8002571,MIG2-DC3-CAN-MAP50-6R-7NO/NC-6NO-1FNR,427500
8002570,MIG2-DC3-CAN-MAP50-6R-8NO/NC-6NO,410500
8002511,MIG2-DC3-CAN-MAP51-6R-14NO/NC,422800
8002491,MIG2-Demo,196000
8002360,MIG2-OEM-CAN-MAP51-6R-12NO/NC-1FNR-1FNR/MON,348800
8001850,MIG2-OEM-CAN-MAP51-6R-13NO/NC-1NO,407400
8002926,MIG2-OEM-CAN-MAP51-6R-13NO/NC-1NO,427500
8002529,MIG2-OEM-CAN-MAP51-6R-4NO-10NO/NC,427500
8002530,MIG2-OEM-CAN-MAP51-6R-4NO-9NO/NC-1FNR,447500
842088,MIG2-SVAB-AN-MAP50-6R-13NO-1FNR,427500
842087,MIG2-SVAB-AN-MAP50-6R-14NO,407400
8001292,Module DC2-AGW Volvo EC/EW/EWR Smart Connect,334900
8001866,Module DC2-AGW Volvo ECR Smart Connect,427500
8002104,Module DC3-BCM,228400
8002905,Module DC3-MCM,359600
1068400,Motor & lubrication cover EC206B,15000
303306,Motor attachment EC02,22400
1058812,Motor Attachment SR V2,29200
1035581,Motor Attachment-Sweep arm SWD,57700
1079494,Motor cover / Attachment EC204 1016578-Agate Grey RAL7038,35000
1079500,Motor cover / Attachment EC204 1016578-OQ Grey RAL7022,35000
1077523,Motor cover / Attachment EC204B engconYellow,36000
1083687,Motor cover / Attachment EC204B-1077523 Black RAL9,59400
1080174,Motor cover / Attachment EC204B-1077523 White RAL9010,59400
1016578,Motor cover / Attachment yellow EC204,55100
1016579,Motor cover / cover EC204,11700
303286,Motor cover EC02,36900
1008792,Motor cover EC05B,49400
1007339,Motor cover EC05B M37009-M37322,16500
100021,Motor cover EC10,43500
102819,Motor cover EC10 Marine,54000
300917,Motor cover EC15,40300
1009873,Motor cover EC15 White 160cc,33300
100010,Motor cover EC20(&old EC30),38600
1076964,Motor cover EC204B,2200
1016498,Motor cover EC206,17100
1004478,Motor cover EC30,56000
303171,Motor flange (720105),83500
303170,Motor flange (720108) SAE flange / 2 screw,67900
400393,Motor/Screw washer 05,1800
1082964,Mounting plate DC3,2500
1081648,Mounting plate DC3  EC214-EC233 QSM-2x Deutsch NG4,7900
1061358,Mounting plate ILME,11100
1058235,Mounting plate-1x Deutsch NG4,6000
1059664,Mounting plate-2x Deutsch NG4,10300
1048606,"Mounting plate-3-way valve 1/4""",2900
1069580,Mounting plate-3x Deutsch NG4,7600
403384,Mounting plate-8P/12P-ILME-connector,2000
8001250,Mounting plate-ACC,21500
8001336,Mounting plate-ACC,24400
1048178,Mounting plate-C2C-MAP,14200
8001200,Mounting plate-Cabin module Hydrema F-series,11000
8000834,Mounting plate-Cabin module-MAP-Hyundai HW/HX,22100
8000835,Mounting plate-Cabin module-MAP-Hyundai HX LCR,12500
842061,Mounting plate-Cabin module-MAP-Volvo-DC2,9400
1040382,Mounting plate-Cabin module-STD-UNI,12000
8000771,Mounting plate-CV & feeder Doosan,28400
1061110,Mounting plate-DC2 CM/C2C/QCM,18800
1065274,Mounting plate-DC2 CM/C2C/QCM,17100
1017649,Mounting plate-DC2-EC05B,9000
1069460,Mounting plate-DC3 EC314-EC319 5xDT/DTM,8300
1008340,Mounting plate-Deutsch-NG6,11900
1025255,Mounting plate-Dirt deflector-QS60,4000
1026056,Mounting plate-Dirt deflector-QS70,4200
1055295,Mounting plate-ECO QSD45/50 V2,9000
1039019,Mounting plate-ePS-Tilt sensor except Trimble-EC209,19600
1038119,Mounting plate-ePS-Tilt sensor except Trimble-ECHF,15100
1038117,Mounting plate-ePS-Tilt sensor Trimble AS455-ECHF,12500
1055866,Mounting plate-ePS-Tilt sensor Trimble GS520-EC209,9900
1055508,Mounting plate-ePS-Tilt sensor Trimble GS520-ECHF/QSM,11000
1057538,Mounting plate-ePS-Tilt sensor-EC209 QSM45,16700
8001242,Mounting plate-Feeder Doosan DX57,7400
842064,Mounting plate-for Dual ILME connector device - DC2,7400
1001065,Mounting plate-for ILME connector device - Volvo,15100
1074148,Mounting plate-hook sensor S45,3400
1074193,Mounting plate-hook sensor S60,3400
1073461,Mounting plate-hook sensor S70/S80,1600
1049927,Mounting plate-Hose Holder QS70 UNI Ø100,24400
1040757,Mounting plate-Hose Holder QS70 UNI Ø116,24100
400906,Mounting plate-ILME-connector,3900
8000779,Mounting plate-ILME-Doosan,6600
1037637,Mounting plate-Machine cable EW60E - inkl ILME don,12800
1076358,Mounting plate-Machine locking valve,8200
8000971,Mounting plate-machine locking valve,8200
8000953,Mounting plate-Machine locking valve Hyundai,57
1079286,Mounting plate-PA valve,2800
1029175,Mounting plate-QLM,9700
1042165,Mounting plate-QPM,4300
1048776,Mounting plate-QSC C2C-volvo ff,10800
1050729,Mounting plate-QSC valve-CAT 3xx,11000
1037159,Mounting plate-Safety block-MAP,6500
1048088,Mounting plate-Safety block-MAP,10500
1048106,Mounting plate-Safety block-MAP,2600
1047636,Mounting plate-Track control,27500
1048109,Mounting plate-Track control block-MAP,31800
1048169,Mounting plate-Track control block-MAP,21600
1048059,Mounting plate-Track control block-MAP-Kobelco 230SRLC-270SR,39000
1062922,Mounting plate-UNI-ILME- Connector & feeder,5200
1023885,Mounting plate-UNI-ILME-connector & feeder,4500
8001403,"Mounting plate-Volvo ECR50,58F",9700
1065496,Mounting plate-WC.2,18800
1036540,Mounting plate-WCF,9000
1046178,Mounting plate-WCF,11400
842185,Mounting plate-WCF,11000
8000468,"Mounting plate-WCF,2/WCLS,2",12300
1062456,Mounting plate-with holder-DC2 CM/C2C/QCM,16700
842063,Mounting plate-with ILME connector device - DC2,16500
8001868,Mounting screw M12x35 MIG2,2900
8000163,Mounting screw M12x60 MIG2,2500
8000161,"Mounting screw M14x1,5x60 MIG2",2500
8001301,Mounting screw M14x35 MIG2,3400
8000162,Mounting screw M14x60 MIG2,2500
1041046,Mounting screw MIG2 M12-67mm-M8,12800
1041047,"Mounting screw MIG2 M14X1,5-67mm-M8",14000
6000031,Needle bearing kit EC219/EC214/EC209,26400
7000645,Non-return valve,1600
7001699,Non-return valve 4CK90 SK20 (1012704),29200
730279,Non-return valve CXFA/XAN,26500
730243,"Non-return valve D02B2-6,0N - grab & Locking cylinder",17400
730209,Non-return valve double iA&B,83300
730208,Non-return valve NRSM 1/2,26500
730299,Non-return valve NRSM 3/4,36300
730212,Non-return valve NRSM3/8,20700
7000654,Non-return valve pilot operated (ELT R08PA-10-5D),18200
730211,Non-return valve RHC1,112300
7000001,Non-return valve SC5H-Q3/1 SK10&15 (1028607),29300
730275,Non-return valve SC5H-R3/l SK20 (1012704),37000
730267,Non-return valve SC5H-S3/I3 SK30 (1007312),47500
730261,Non-return valve Sterling SK30,21600
7001328,Non-return valve VUF-1/4 13L /min,9900
7001432,Non-return valve VUF-3/8,10800
710249,Nut bulkhead adapter 1270-02,500
710250,Nut bulkhead adapter 1270-04,400
710252,Nut bulkhead adapter 1270-06,400
710254,Nut bulkhead adapter 1270-08,400
712211,Nut bulkhead adapter 1270-12,1000
730135,Nut directional valve Argo Hytos,3000
7001887,Nut directional valve ATOS,300
730186,Nut directional valve Atos EC05,900
730136,Nut directional valve Denisson Prop,4000
1016736,Nut directional valve Dump CT514,3500
1016737,Nut directional valve Dump NG6 CT512+3way-DC2,2700
730125,Nut directional valve EC05,4300
1006785,Nut directional valve NG4,4600
1047688,Nut greasepiston V2,9900
611101,Nut HEX DIN934 12. SW22 M14,1200
7000934,Nut low aluminium 8 for EMDV-08,1700
611104,Nut M10 10. Untreated DIN934,100
611103,Nut M12 10. Untreated DIN934,400
6000266,Nut M12 Inductive sensor,400
6000022,Nut M14 ISO4032,200
611102,Nut M16 HEX DIN934 12. WS22,800
610948,Nut M16 left 8. (A2K) DIN 934,400
404337,"Nut M20x1,5 expander bolt",1900
6000059,Nut M30x2 low A2 DIN 439,4800
610924,Nut M6LM 6. FZB M12,100
610928,Nut M6LM low 8. FZB M20,400
610922,Nut M6LM low-NYLOC M8 8. FZB,100
610923,Nut M6LM M10 8. FLB,100
610906,Nut M6M M10 8. ISO4032,100
611561,Nut M6M M14 12. Dacromet,900
610925,Nut M6M M14 8. NYLOC FZB (A2K) DIN 985 NV22,100
610909,Nut M6M M16 8. DIN934,100
610926,Nut M6M M16 NYLOC 8. FZB (A2K) DIN 985 NV24,100
610956,Nut M6M M20 12. DIN 934 Steel,1800
610911,Nut M6M M20 8. FZB ISO4032,400
610931,Nut M6M M20 8. FZV,100
6000055,"Nut M6M M20x1,5 10. lock FZB",1200
610913,Nut M6M M24 8. FZV/HDG ISO4032,900
6000043,Nut M6M M3 lock 8. FZB DIN985,100
610920,Nut M6M M5 lock 6. FZB DIN985,100
611594,Nut M6M M6 A4,100
610921,Nut M6M M6 lock 8. FZB DIN985,100
6000211,Nut M6MF-M8-HEX-FLANGE-NYLOC-DIN6926-8-(A2K),200
401006,Nut mechanical lock,42000
1015161,Nut mechanical lock S40,67700
404993,Nut mechanical lock-Marine,155900
610947,Nut ML6M 4. SW24 M16 DIN936,100
6000384,"Nut ML6M M12x1,75 DIN 439 FZB",8500
7000055,Nut NEM M16x1 0.463/0.473,9900
7001015,Nut plastic Coil D36,2000
611187,Nut steel M8 10. untreated DIN 934,100
660403,"Nut UNC 3/4""",400
660407,"Nut UNC 5/8""",400
6000169,"Nut UNF 1/2"" low",100
6000230,Nut Wheel control block-30l-fixed sys-DC2,3500
710910,"O-ring 10,77x2,62 NBR 70 shore",100
7001171,"O-ring 10,82x1,78 NBR 70 shore",100
7001929,"O-ring 10x2,0 NBR 90 shore",100
1074565,"O-ring 113x3,5 NBR 70 shore",400
710961,"O-ring 12,37x2,62 NBR 70 shore EC05B hydraulic pipes/motor",100
750704,"O-ring 12,42x1,68 square NBR 70 shore NG10",1000
710973,"O-ring 12,42x1,78 NBR 70 shore",100
7001842,"O-ring 12,42x1,78 NBR 90 shore",100
712417,"O-ring 12,42x1,78 PU - ECO45 3/8""",600
7001973,"O-ring 120x4,5 NBR 90 shore",1400
710926,"O-ring 124,5x3,0 NBR 70 shore",1500
710911,"O-ring 13,2x1,8 FKM 90 shore Viton Green",1400
7001666,O-ring 140x5 NBR 90 shore EC206B worm wheel,1000
710975,"O-ring 14x1,78 NBR 70 shore",100
7000767,O-ring 14x2 70 shore,100
712402,"O-ring 15,3x2,4 NBR 70 shore EC209",100
7001590,"O-ring 15,47x3,53 NBR 70 shore",100
712423,"O-ring 15,54 x 2,62 NBR 70 shore",100
7001771,"O-ring 15,54x2,62 NBR 90 shore",100
710912,"O-ring 15,6x1,78 NBR 70 shore",200
7001934,"O-ring 15,6x1,78 NBR 90 shore",100
7001935,"O-ring 155x5,0 NBR 70 shore",1200
7001572,"O-ring 16,1x1,6 NBR 70 shore",100
7001660,O-ring 160x5 NBR 90 shore EC209 worm wheel,1200
710977,"O-ring 17,17x1,78 NBR 70 shore",100
710913,"O-ring 17,17x1,78 PU/90 - ECO60 1/2""",1000
7001508,"O-ring 17x2,5 NBR 70 shore",100
712415,"O-ring 18,64x3,53 HNBR 75 shore",300
710964,"O-ring 18,64x3,53 NBR 90 shore",1100
712418,"O-ring 18,72x2,62 NBR 70 shore",100
7001838,"O-ring 18,77x1,78 NBR 70 shore",100
710981,"O-ring 18,77x1,78 NBR 90 shore",100
710955,O-ring 18x2 NBR 70 shore EC05 motor,100
7000089,O-ring 18x5 NBR 70 shore,400
7001661,O-ring 195x5 NBR 90 shore EC214 worm wheel,1400
710974,"O-ring 20,35x1,78 NBR 70 shore",100
7001774,"O-ring 20,63x2,62 NBR 90 shore",100
7001665,O-ring 200x5 NBR 70 shore EC206B quick hitch,500
712413,"O-ring 21,89x2,62 NBR 70 shore",100
710983,"O-ring 21,95x1,78 NBR 70 shore",200
7001829,"O-ring 21,95x1,78 NBR 90 shore",100
1024735,"O-ring 21,95x1,78 PU/90 - ECO70 3/4""",1300
710927,"O-ring 219,5x3,0 NBR 70 shore",1800
7001662,O-ring 225x5 NBR 90 shore EC219 worm wheel,1300
7002064,"O-ring 23,47 x 2,62 NBR 70 shore",100
7001334,"O-ring 23,81x2,62 NBR 70 shore",100
7001993,O-ring 23.47x2.62 NBR 70 shore,100
712421,"O-ring 24,2x3 NBR 70 shore",300
710966,"O-ring 24,6x2,4 NBR 70 shore",300
710963,"O-ring 24,99x3,53 NBR 90 shore 3/4""",100
7001663,O-ring 242x5 NBR 90 shore EC226 worm wheel / EC209 QH,1500
712424,"O-ring 249,3x5,7 NBR 70 shore Quick hitch EC214",1600
710925,"O-ring 249,5x3,0 NBR 70 shore",3500
710979,"O-ring 25,12x1,78 NBR 70 shore",100
710984,"O-ring 25,12x1,78 NBR 90 shore",100
710922,"O-ring 250,0x 5,0 Quick hitch 05",5400
7001664,"O-ring 279,2x5,7 NBR 90 shore worm wheel EC233",2700
7000485,O-ring 27x5 NBR 70 shore End lock ePS,600
710980,"O-ring 28,3x1,78 NBR 70 shore",100
7001386,"O-ring 29,75x3,53 NBR 70 shore",200
710985,"O-ring 29,87x1,78 NBR 70 shore",100
1043083,"O-ring 29,87x1,78 PU/90 - ECO80 1""",1300
1024115,"O-ring 3,69x1,78 NBR 90 shore",100
7001901,"O-ring 31,47x1,78 NBR 90",100
7001773,"O-ring 31,47x2,62 NBR 90 shore",100
710908,"O-ring 319,3x5,7 - Quick hitch EC10/EC219/EC226",7400
710936,"O-ring 32,93x3,53 NBR 90 shore 1""",1100
710962,O-ring 331x3 PP3200,1700
710987,"O-ring 34,59x2,62 NBR 70 shore",100
7002057,"O-ring 34,65x1,78 - NBR 90",100
710924,"O-ring 359,3x5,7 centre ring EC30/ quick hitch EC233",7400
7001849,"O-ring 4,48x1,78 NBR 90 shore",100
710909,"O-ring 419,3x5,7 Quick hitch EC20",9700
1043081,"O-ring 42,52x2,62 NBR 70 shore",100
7000310,"O-ring 479,3x5,7 NBR 90 shore Quick hitch EC30",5400
710950,O-ring 496x10 Hedin rotator,11300
7001770,"O-ring 5,0x2,0 NBR 90 shore",100
7001568,"O-ring 5,28x1,78 NBR 70 shore",600
712422,"O-ring 6,07x1,78 NBR 70 shore",100
7001333,"O-ring 6,0x2,0 NBR 70 shore",100
710954,"O-ring 6,1x1,6 EC02/EC05 valve block",100
7001940,"O-ring 6,75x1,78 NBR 70",100
710960,"O-ring 7,65x1,78 FKM 90 shore Viton NG4",100
7000579,"O-ring 7,66x1,68 square NBR 70 shore NG4",1000
7001939,"O-ring 7,66x1,78 NBR 70 shore",100
710959,"O-ring 8,73x1,78 NBR 90 shore",200
7000920,"O-ring 82,22x2,62 NBR 70 shore",400
7001772,"O-ring 9,19x2,62 NBR 90 shore",100
712429,"O-ring 9,25 x 1,78 NBR 70 shore",100
7000702,"O-ring 9,25x1,68 square NBR 70 shore",800
710901,"O-ring 9,25x1,78 FKM 90 shore Viton Green NG6",100
710968,"O-ring 9,92x2,62 NBR 70 shore EC209/219/226 cylinder axle",100
710928,"O-ring 94,5x3,0 NBR 70 shore",1000
7001941,"O-ring 96,0x4,0 NBR 70 shore",500
710906,O-ring centre ring EC10,4300
7001137,O-ring kit - ECO60 (710913),23300
7000952,O-ring kit-Swivel/ valve block ECHF EC214-->EC233,50000
7001496,O-ring kit-Swivel/ valve block QSM EC209,34100
710940,O-ring NBR 70 shore Quick hitch 15,8600
7002024,Overcenter 10:1 Valvole,2300
841219,Overcenter 1500-5000psi - wheel control block DC2,90300
7000647,Overcenter adjustable (overcenter) EC02/EC204/EC204B,39800
730269,Overcenter adjustable-EC206/209/214/219W/226W/05B-15B,50000
730277,Overcenter adjustable-EC219/226/233/20/30,54800
7001963,Overcenter adjustable-Wheel Control HydraSpecma,2400
790142,Overcenter RJV cylinder block EC02 / EC204,37500
730204,Overcenter VBCD-38DE,86400
730248K,Overcenter Vented to air complete with cartridge SUN,270100
841678,Overlay decal - MIG2 - L - 5B 1HR - engcon,1200
8002463,Overlay decal - MIG2 - L - 5B 1HR - John Deere - Black,2400
8002125,Overlay decal - MIG2 - L - 5B 1HR - John Deere - White,2400
8000832,Overlay decal - MIG2 - L - 5B 1HR - Takeuchi,1400
841679,Overlay decal - MIG2 - R - 5B 1HR - engcon,1200
8002462,Overlay decal - MIG2 - R - 5B 1HR - John Deere - Black,2400
8002131,Overlay decal - MIG2 - R - 5B 1HR - John Deere - White,2400
8000833,Overlay decal - MIG2 - R - 5B 1HR - Takeuchi,1400
1024298,Packaging - Cardboard - 250 x 141 x 130,700
1024299,Packaging - Cardboard - 390 x 175 x 180,900
1024300,Packaging - Cardboard - 450 x 300 x 180,1200
1051316,Packaging - Cardboard - 490 x 490 x 300/150mm,3100
1024302,Packaging - Cardboard - 600 x 150 x 150,1000
1024304,Packaging - Cardboard - 700 x 250 x 170,1600
1036058,Packaging - Cardboard - 860 x 200 x 200,1600
1024295,Packaging - Cardboard - disc 800 x 150,300
1074761,Packaging - collar half pallet EUR,6600
1074759,Packaging - half pallet EUR,10600
1074760,Packaging - pallet EUR,8200
1056391,Packaging - Pallet Lid 1200x800,3200
1056392,Packaging - Pallet Lid 800x600,2500
1012403,Paint Silver RAL 9006 1L,11000
1006733,"Paint-engcon-Black-0,5L",6800
1006734,Paint-engcon-Black-1L,11000
1006736,"Paint-engcon-Yellow-0,5L",6800
1006735,Paint-engcon-Yellow-1L,13400
8000124,Parts kit-DC2-expansion module (2 feeder),279300
841361,Parts kit-DC2-lever emulation (CV-Valve & a channel),532400
841355,Parts kit-DC2-RT-double-without Coil,458300
841306,Parts kit-DC2-system without hydraulics,305600
1079262,Parts kit-EC02B swivel-ZD,663600
1079261,Parts kit-EC02B tilt cylinder-ZD,713000
1083799,Parts kit-EC206BS,663600
1052143,PC3500-QS45-T5,1817900
1065505,PC6000-//,1850300
1077310,PC6000-CW30 0°,1651200
1064022,PC6000-QS60,2265400
1063976,PC6000-QS60-T2,2265400
1073523,PC6000-QS70,2387400
1063978,PC6000-QS70-T12,2387400
1067363,PC6000-QS70-T20,2717600
1071663,PC6000-QS80-T35,2479900
1076460,PC9500-//,2496900
1077127,PC9500-QS60-T2,2938300
1077217,PC9500-QS70,3155900
1076919,PC9500-QS70-T12,3155900
1077218,PC9500-QS80,3314800
1076920,PC9500-QS80-T35,3314800
8000924,PCB Wacker Neuson,11100
1017491,Peg ECPup45/50,28700
1020211,Pilot block complete HFX,1268500
730262,Pilot cartridge non-return valve Sterling SK30,12000
730244,Pilot cartridge PP02SP,15700
841221,Pilot operated 2-position 3-way valve-25bar-WC-DC2,118800
7000644,Pilot operated valve,118800
650202,"Pin 05 S4 2,5x10 SS 1914",100
401471,Pin 25 PUP45-50,20400
1027300,"Pin device FCI APEX 150 16P male housing, black",2200
8000378,"Pin EconoSeal 0,2-0,56 female",200
8000377,"Pin EconoSeal 0,2-0,56 male",200
400923,Pin KM09,12000
401834,Pin locking yoke Hydrema round wedges,12800
8002017,Pin minifit,100
402682,Pin Ø20 Safteypin Pup 45A,39700
1038786,Pin Ø25 L49,8000
1038788,Pin Ø25 L70,9000
402684,Pin Ø25 Pup 45A,26700
402681,Pin Ø35 Pup 45A,41200
404557,Pin Ø70 with ear PUP90A,67600
401113,Pin RFS80,12800
1036473,Pin spring Lehnhoff HS10ec,12000
405722,Pin SW33/SW48,29000
405721,Pin with Circlip SW33,46000
1072372,pipe extra QS80 QSM,1600
1072343,"Pipe extra QS80 QSM/CW30,40 QSM",7700
1072385,Pipe holder QS80GR30/QS80 QSM,15900
711524,"Pipe Plug DIN 906 1/2"" 180156",400
711508,"Pipe Plug DIN 906 1/4"" 180152",400
711507,"Pipe Plug DIN 906 1/8""",200
7000261,"Pipe Plug DIN 906 3/4""",600
711522,"Pipe Plug DIN 906 3/8"" 180154",400
711529,"Pipe Plug DIN 906 M16x1,5",400
7000457,"Pipe Plug DIN 906 M22x1,5",700
7000512,"Pipe Plug DIN 906 M24x1,5",300
650409,"Pipe Plug RP M26x1,5 DIN908 FZB",900
650410,"Pipe Plug RP M30x1,5 DIN908 FZB",800
650411,Pipe Plug RP M36x2 Din 908 FZB M8x1 SVAB MACS,5400
750407,"Piston - Tilt cylinder EC05-15 63/32, Grab cylinder SK05",33300
1058006,Piston 63/40 tilt cylinder Wide,30600
404794,"Piston rod extender 79mm SMP2/15, 20S2, 2027",12500
402504,Piston rod extender 94mm,19900
750133,Piston rod Ø16-Locking cylinder-EC05,30200
1003531,Piston rod Ø16-Locking cylinder-S40-EC05B,25300
750131,Piston rod Ø20-Locking cylinder-EC10,21000
7002053,Piston rod Ø25 - Tilt cylinder - EC02B,46900
1077456,Piston rod Ø25 - Tilt cylinder - EC204B,62500
1063630,Piston rod Ø25-grab cylinder-GRD40,64000
750143,"Piston rod Ø25-Locking cylinder 18,20,27 (400651k)",49500
7000380,Piston rod Ø32-grab cylinder-GRD45/50,47400
7001405,Piston rod Ø32-grab cylinder-GRD60/GRD70,57700
750144,Piston rod Ø32-grab cylinder-SK05,43400
750130,Piston rod Ø32-Locking cylinder-S70/S80/S1/S2/27,39500
750181,"Piston rod Ø35-Locking cylinder (1007727 CW30 SS5,10, SS9IQ)",28200
1022920,Piston rod Ø35-Locking cylinder-QS60,41400
1052551,Piston rod Ø35-locking cylinder-QS60-Forged,41400
7000382,Piston rod Ø40-grab cylinder-GRD60,58800
750146,Piston rod Ø40-SK15,56800
1071626,Piston rod Ø50/30-GHH1200,39400
1071684,Piston rod Ø50/30-GHH1500,40000
750148,"Piston rod Ø50-SK10,15",78700
750145,Piston rod Ø60-grab cylinder-SK20,74500
1076325,Piston rod with ear-grab cylinder-GRD45B,59400
750179,Piston rod-ECpup-UNI cylinder 1011225,26400
750150,Piston rod-grab cylinder 05-EC05,47400
750135,Piston rod-grab cylinder 10,52300
750139,Piston rod-grab cylinder 10-ear,47400
750134,Piston rod-grab cylinder 20,47200
750138,Piston rod-grab cylinder 20-ear,64000
750178,Piston rod-grab cylinder 20RR 70/40 hardened,65100
7001612,Piston rod-grab cylinder-GR20R2,54300
1046967,Piston rod-grab cylinder-TG25HD,49500
1070715,Piston rod-grab cylinder-TG28HD,100600
750136,Piston rod-Locking cylinder-GJ500,19000
750140,Piston rod-Locking cylinder-Hydrema track,21000
1007925,Piston rod-Locking cylinder-Lännen (200531K),23000
1055908,Piston rod-Locking cylinder-QS40 (1056690),35200
1068260,Piston rod-Locking cylinder-QS45 (1067285),34000
1025384,Piston rod-Locking cylinder-QS45/QS50 (1027573),39500
1035506,Piston rod-Locking cylinder-QS70 80/50 (1035613),39000
1024557,Piston rod-Locking cylinder-QS70 V2 (1028940),56300
1058952,Piston rod-Locking cylinder-QS70-Forged,42100
405578,Piston rod-Locking cylinder-S30 (303489),10500
750184,Piston rod-Locking cylinder-S70/S80-spring (1014515),56000
1029851,Piston rod-TG42HD,127900
750151,Piston rod-tilt cylinder-EC02,34600
750129,Piston rod-tilt cylinder-EC05,56800
750171,Piston rod-tilt cylinder-EC05B,54600
750128,Piston rod-tilt cylinder-EC10,54300
750174,Piston rod-tilt cylinder-EC10B,88000
750163,Piston rod-tilt cylinder-EC10-cast yoke,80400
750127,Piston rod-tilt cylinder-EC15,56000
750175,Piston rod-tilt cylinder-EC15B,89500
750161,Piston rod-tilt cylinder-EC15-cast yoke,81500
750183,Piston rod-tilt cylinder-EC15-SL350.5 (tiltcylinder 1013499),102500
750125,Piston rod-tilt cylinder-EC20,65900
1040001,Piston rod-tilt cylinder-EC204,76700
1023190,Piston rod-tilt cylinder-EC206-63/32,75800
1066156,Piston rod-tilt cylinder-EC206B-63/32,58500
750172,Piston rod-tilt cylinder-EC20-70/40,70200
1019652,Piston rod-tilt cylinder-EC209-63/32,83300
750165,Piston rod-tilt cylinder-EC20-cast yoke,97200
750126,Piston rod-tilt cylinder-EC20-SL450,61300
750173,Piston rod-tilt cylinder-EC20-SL450-cast yoke,97100
1024189,Piston rod-tilt cylinder-EC214-63/32,84000
1030406,Piston rod-tilt cylinder-EC214W-55/35,67900
1019894,Piston rod-tilt cylinder-EC219-80/45,100800
1023816,Piston rod-tilt cylinder-EC219W/226W-63/40-CC112/SL449,98800
1017112,Piston rod-tilt cylinder-EC226-80/45,102200
1017721,Piston rod-tilt cylinder-EC226-80/45-CC125/SL387,85000
1039113,Piston rod-tilt cylinder-EC233,93400
750142,Piston rod-tilt cylinder-EC30-45/90,76400
750124,Piston rod-tilt cylinder-EC30-50/100,64200
1024112,"Piston sealing KPOR130 12x7,1x2,2",1600
750409,Piston tilt cylinder EC05B EC10 EC15 cast yoke,37800
750402,Piston tilt cylinder EC20/EC26,44100
750419,Piston tilt cylinder EC219/EC226,35200
750401,Piston tilt cylinder EC30 100/50,49400
750404,Piston tilt cylinder EC30 90/45,48100
1040003,Piston tilt cylinder-EC204,25900
750421,Piston tilt cylinder-EC206/EC209/EC214,31800
1066159,Piston tilt cylinder-EC206B,21100
750406,Piston-grab cylinder 10-50/32 tilt cylinder EC02 50/25,30100
750408,Piston-grab cylinder 20,32900
7001703,Piston-grab cylinder GR20R2,28400
7001695,Piston-grab cylinder GR20RR,21900
1076323,Piston-grab cylinder GRD45B,22700
750415,Piston-grab cylinder SK10 SK15,42600
750403,Piston-grab cylinder SK20,47500
1010360,Piston-grab cylinder SK30,52600
750418,Piston-Locking cylinder ECpup UNI,19800
1068258,Piston-Locking cylinder QS45 (1067285),15400
1025386,Piston-Locking cylinder QS45/QS50 (1027573),19900
1023969,Piston-Locking cylinder QS60 (1027595),20700
1052761,Piston-Locking cylinder QS60-Forged (1045379),18200
1035619,Piston-Locking cylinder QS70 80/50 (1035613),22200
405577,Piston-Locking cylinder S30 (303489),13400
750423,"Piston-Locking cylinder S70, S80, KM09 ( 1014515 )",23600
7001983,"Plastic plug KS 15 G 1/4""",100
1047893,Plastic protection BC1100,24400
1069241,Plastic protection BC1400,75900
1047894,Plastic protection BC1600,32400
1037939,Plastic protection BC420,24100
9000134,Plastic tag-Drain-56x33mm,400
9000054,Plastic tag-ePS-20mm,900
9000181,Plastic tag-P-22MPa-30mm,200
9000182,Plastic tag-T-30mm,200
1031123,"Plate - Hose bracket 3/4""",5900
1006878,"Plate break support - EC15B, EC20B",16800
1076498,Plate break support - EC204B,13700
1068059,Plate break support - EC206B,14000
1055258,Plate break support - EC209/214/219,10500
1023292,"Plate break support - EC226/EC326, EC233/EC333",17400
1060810,"Plate break support thin- EC226, EC233",17400
1079905,Plate Cable Steering HYDS,900
1038866,Plate carrier lock stay,4000
1038865,Plate carrier SWD60,8000
1046689,Plate Slip ring QSM,4800
1066142,Plate Slip ring QSM/CW EC204B/ QSM EC206B,2900
1046694,Plate Steering cable Slip ring QSM,5400
1066144,Plate Steering-Slip ring cable QSM/CW EC204B/ QSM EC206B,1600
400122,Plate-rear-ear-grab 20,11600
650406,"Plug 1"" pipe thread conical DIN 906",1200
711523,"Plug 1/8"" BSPT",1200
841223,"Plug 1/8"" FZB - wheel control block DC2",2800
7002013,Plug 6mm,800
7002075,Plug 70125-20(1 1/4' ),5900
8000215,Plug CAN-termination QCM - QSC,3200
711527,Plug Din 906 (M8x1) electrogalvanized,400
7000800,"Plug DIN 908 1/2""",600
711505,"Plug Din 908 1/4""",400
7000799,"Plug Din 908 3/4""",1900
7001657,"Plug Din 908 3/8""",500
7001902,Plug Din 908 G1A,1700
7000787,Plug Din 908 M12x1,1700
7001166,Plug Din 908 M8x1-A,1000
1082524,Plug direct feed S80,4800
790191,Plug Dysa D0 for NG4 / VRP2-04,3100
1045154,Plug JT,1800
8000115,Plug M12 External Thread,600
7000077,Plug M20-Test overcenter 730269,10300
1022297,"Plug M20x1,5 tilt cylinder EC206, EC209 (overcenter 730269)",3900
7000078,Plug M27-test overcenter valve 730277,10300
1015821,"Plug M27x1,5 tilt cylinder overcenter 730277",4000
7000646,Plug M5X10,1200
1056844,Plug Ø7 worm screw,15900
7000243,Plug ORFS 067030-04-00,1400
790156,Plug plastic - valve screw hole,100
6000084,"Plug plastic M-13,7 grab cylinder",100
711531,"Plug VSTI 1 1/4"" EDCF",3500
7000456,Plug VSTI M22x1.5 ED,1300
7000191,Plug VSTI M8x1 ED,400
711501,Plug VSTIM16ED,1300
711500,"Plug VSTIR12ED 1/2""",1200
711503,"Plug VSTIR18ED 1/8""",900
7000945,"Plug VSTIR1ED 1""",2600
711532,"Plug VSTIR34ED 3/4""",1300
711504,"Plug VSTIR38ED 3/8""",900
712101,"Plug-In WEO 1/4"" 0358000400",3500
650408,Plug-RP M36x2 DIN 908 FZB,2500
1063862,Positioning nut-eccenter GRD40/SWD40,1400
1029432,Positioning nut-Inductive sensor QS/HYDS/S60/QSM45/50/60/70,4000
1056868,Positioning nut-M12x1-Inductive sensor S40S,9900
8001606,"Power cable AMPS 35S-Term/DT Pin-1,7m",14400
841177,Power cable AMPS 35S-Term-4m,22100
8001969,"Power cable DT 2S-Term-0,3m",6500
8002291,Power cable DT 4S-Term-1m,15300
8000375,Power cable M12 5S-Cig.Lighter Plug-2m,25900
842146,Power cable M12 5S-Wires-1m,12000
8002930,"Power cable MAP Hitachi DT 4S-Yazaki 6P-0,3m",19800
8000686,"Power cable MAP Komatsu AMPS 35S-Term-1,7m",20700
8000281,"Power cable MAP Volvo AMPS 35S-JT Pin/Term-2,8/3m",17700
8000461,"Power cable MAP Volvo AMPS 35S-JT Socket/Term-2,8/3m",16700
842168,"Power cable MAP Volvo AMPS 35S-JT Socket/Term-4/4,5m",16800
8000098,Power cable Minif 2S-Wires-2m,5400
8002540,Power plug 12P ECO40 W - Top - DC3,27600
8002452,Power plug 12P ECO45 W S-QH - DC3,32100
8002149,Power plug 12P ECO45 W-QH - DC3,33200
8002155,Power plug 12P ECO60 W S-QH - DC3,31800
8002100,Power plug 12P ECO70/80 W S-QH - DC3,34400
8002179,Power plug 12P ECO80 W - Top - DC3,46900
1040891,Power plug 14P LIKUFIX SW33 Top part,952200
1040886,Power plug 14P LIKUFIX SW48 Top part,1029300
8001822,Power plug 4P-ECO40 W QSM40,38300
1054998,Power plug 5P LIKUFIX SW48 Top part,381200
1050792,Power plug 6P-ECO QSM,111600
8002501,Power plug DC3 EC-Oil QS hitches ECO50 W,30700
8002111,Power plug EC226/233 ECO70 W Top QS70 DC3,41000
820221,Power plug ECO female top bracket 16P,553
820222,Power plug ECO male Quick hitch 16P,183600
1042918,Power plug ECO W - Plug top bracket,5600
1041814,Power plug ECO W-male-housing,1500
8002521,Power plug ECO40 W S40-QH DC2,28100
8001892,Power plug ECO40 W S40-QH DC3,36000
1057841,Power plug ECO40 W Top QS40,17400
8002699,Power plug ECO40 W Top QS40 Left,21900
8002288,Power plug ECO40 W Top QS40 Right,21900
8001885,Power plug ECO40 W Top QS40-ePS-TS,38300
8002454,Power plug ECO40 W Top QS40-ePS-TS Left,39000
1057572,Power plug ECO40 W-male-housing,7600
1057840,Power plug ECO40 W-quick hitch -DT,12000
1063916,Power plug ECO40W-Plug top bracket,16800
8002375,Power plug ECO45 W S-quick hitch -DTM,41400
1029504,Power plug ECO45/50 Quick hitch 16P-DTM,169800
1042241,Power plug ECO45/50 W Top EC206/EC209 6-ch,54900
8002244,Power plug ECO45/50 W Top QS45 DC3,35600
8002712,Power plug ECO45/50 W Top QS45 EC309-DC3,39000
8001089,Power plug ECO45/50 W Top QS45/50 QSM(209) ECHF,31600
1042244,Power plug ECO45/50 W-quick hitch -DTM,61300
1045168,Power plug ECO50 W Top QS50 Right,72500
1045167,Power plug ECO50 W-Quick hitch 8P right-DTM,66800
8002007,Power plug ECO50 W-Quick hitch 8P right-DTM,44400
1030201,Power plug ECO60 Quick hitch 16P - DT,171300
1029503,Power plug ECO60 Quick hitch 16P - DTM,174400
8002050,Power plug ECO60 W S-quick hitch -DTM,36900
8002101,Power plug ECO60 W Top QS60 DC3 EC219,32400
8002114,Power plug ECO60 W Top QS60 DC3 EC319,41000
1042240,Power plug ECO60 W Top QS60 QSM ECHF,26100
8002197,Power plug ECO60/80W S-quick hitch DC2,42600
1042243,Power plug ECO60-80 W-quick hitch -DTM,26400
1029502,Power plug ECO70 Quick hitch 16P-DTM,177500
8000781,Power plug ECO70 W Top QS70 QSM ECHF,44800
8001211,Power plug ECO70/ECO80 W Top QS80 QSM ECHF,35200
1031730,Power plug ECO-top bracket 16P-EC206/EC209-DTM,81900
1029499,Power plug ECO-top bracket 16P-EC214/EC219/EC226/EC30-DTM,84900
1042924,PP3200-//,1706800
1071138,PP3200-CW10 0°,1924400
1014606,PP3200-HYD,1817900
1074329,PP3200-QS40,1782400
1036576,PP3200-QS45,1817900
1052699,PP3200-QS45-T5,1817900
1051716,PP3200-QS50,1817900
1054976,PP3200-QS50-T5,1817900
1030354,PP3200-QS60,1825600
1052706,PP3200-QS60-T2,1825600
1039318,PP3200-QS70,1919800
1052720,PP3200-QS70-T12,1919800
1045702,PP600-QS70-T20,2049400
1045182,PP950-//,2401200
1026988,PP950-QS70-TECO5,2395100
7001793,Pressure reducer PY-DC2 Double incl safety block,334900
7001796,Pressure reducer PY-DC2-1pcs incl safety block,209900
841206,Pressure reducer PY-DC2-25bar with Pressure guard,125600
7001797,Pressure reducer PY-DC2-3pcs incl safety block,291700
7001798,Pressure reducer PY-DC2-6pcs incl safety block,487700
7000199,Pressure reducer PY-DC2-Double 12V/20bar with block,243800
8001400,Pressure reducer PY-DC2-Double 12V/32bar kobeco-7,257700
7000824,Pressure reducer PY-DC2-Double 12V/32bar with block,243800
841126,Pressure reducer PY-DC2-Double incl safety block-without Coi,302500
841125,Pressure reducer PY-DC2-With pressure guard,124200
841127,Pressure reducer-DC2-Track control 4pcs,473800
7000823,Pressure reducer-DC2-Track control 4pcs 32bar special,398100
7001795,Pressure reducer-DC2-Track control incl safety block,530900
841128,Pressure reducer-DC2-Track control incl safety block-without,483000
7002125,Pressure reducer-DC3-Double 12V/32Bar with Block,191400
7002126,Pressure reducer-DC3-Double 24V/32Bar with Block,191400
7002127,Pressure reducer-DC3-Track Control 12V/32Bar with Block,513900
7002128,Pressure reducer-DC3-Track Control 24V/32Bar with Block,513900
7000187,Pressure reducer-machine lock valve,4600
810404,Pressure reducer-SVAB 12v/20bar with block,197500
7000706,Pressure sensor 10-50 bar - Fixed 25 bar Deutsch,55200
7000712,Pressure sensor kit,84100
8001046,Pressure sensor kit - Wheel control,93200
7000212,Pressure sensor M12 0-250 bar NONC,61900
7001528,Pressure sensor M12 0-400 bar Analog,36900
7001516,Pressure sensor M12 0-400 bar NONC (E30094),61900
8001965,"Pressure sensor M12 1/4"" 0-600 bar CANopen",75800
841142,Pressure sensor M12 1-10 bar - DC2,49400
7000379,Pressure sensor M12 20-70 bar Wheel control DC2,130
7002167,Pressure sensor PT5400,30700
7001769,Pressure sensor PT5501,33300
640110,"Pressure spring 17,6x34 stainless 6096",2300
640111,Pressure spring 22x41 stainless 6145,2400
6000324,"Pressure spring Dy=18 Dt=2 L0=15 Lst max=8,5",1500
1034596,Pressure spring TF 1464,2800
841211,Prop. pressure reduction valve 12V 20 bar - DC2,64400
810407,Proportional roller Danfoss,31800
841188,Proportional roller Danfoss-DC2,70400
810494,Proportional roller HECR Index finger,163600
810481,Proportional roller HECR Thumb,171300
841194,Proportional roller MIR1,13900
8002590,Proportional roller MIR3,13900
841808,Proportional roller OTTO-joystick incl FCI-pin,78900
1033339,Protection central lubrication V2 EC206,18400
841897,Protection connector device - jumper Quick Hitch - QS,9900
8001243,Protection Ground Pressure Sensors Doosan DX57,7900
8001300,Protection Ground Pressure Sensors Volvo ECR58F,14800
403981,Protection O-ring Menzi Muck A91,18800
1060020,Protection Plate ecPUPD55/60,45800
1075886,Protection plate O-ring 91x100/3 EC204B,4900
1080917,Protection plate tilt axle EC204B,3200
1064716,Protection Plate tilt axle EC206/EC209,3200
1064717,Protection Plate tilt axle EC214/EC219,5600
1064718,Protection Plate tilt axle EC226,4500
1064719,Protection Plate tilt axle EC233,4800
8002058,Protection Plug DTM06-12SA,3500
8000620,Protection Plug DTM06-6S,3500
8000068,Protection Plug ECO power plug & QS sensor,100
8000090,Protection plug for DTM06-6S,4500
7001705,Protection Plug GRD40 hydraulic,100
7000153,Protection Plug HECO 45/50 hydraulic,100
7000155,Protection Plug HECO60 hydraulic,300
7000156,Protection Plug HECO70 hydraulic,100
6000013,Protection Plug internal M12,100
6000450,Protection Plug M5x5,200
6000451,Protection Plug M6x8,200
1068462,Protection Plug QS sensor GL26,100
7000152,Protection Plug TECO 45/50 hydraulic,100
7000154,Protection Plug TECO60 hydraulic,100
7000157,Protection Plug TECO70 hydraulic,200
1055677,Protection sensor -ePS V2-EC226,19800
1016554,"Protection sensor -ePS, SVAB MACS - EC226",30600
1033565,"Protection sensor -ePS, SVAB MACS-V2-EC209,EC214,EC219",43200
1040940,"Protection sensor -ePS,SVAB MACS-EC233",85500
1029734,Protection sensor -ePS-EC30,33500
1033690,Protection sensor MACS-EC30,29600
1062401,Protection-ECO40 W-Quick hitch,8000
1047812,Protection-ECO45 W-Quick hitch,8800
1049167,Protection-ECO50 W with power plug-Quick hitch,41000
1049168,Protection-ECO50 W without power plug-Quick hitch,39800
1047716,Protection-ECO60 W-Quick hitch,9700
1047858,Protection-ECO70 W-Quick hitch,13100
1050611,Protection-ECO80 W-Quick hitch,23600
711628,Protective cover 0301550200,1000
711625,Protective cover 0301550400,500
711626,Protective cover 0301550600,500
711627,Protective cover 0301550800,1000
711629,Protective cover 0301551200,1000
711611,Protective cover 151-06,1200
730281,Protective cover 991-001,9000
711602,Protective cover GRI1107,100
711603,Protective cover GRI1108,100
1064868,Protective cover plate-left- EC02B,3900
1064867,Protective cover plate-right- EC02B,3900
303235,"Protective cover Rotator, integrated EC20S1HD",24700
1029902,Protective cover tilt cylinder EC02B/EC204,12800
1075507,Protective cover tilt cylinder EC204B,3700
1024952,Protective cover valve block bent EC05B left,33200
1024865,Protective cover valve block bent EC05B right,33200
1004883,Protective cover valve block EC02,11700
1004884,Protective cover valve block EC02 - lip,11700
1015073,Protective cover valve block EC10 (height 110mm),15700
302434,Protective cover valve block EC10 (height 85mm),12000
303211,Protective cover valve block EC10 stainless,26100
300914,Protective cover valve block EC15,12500
1007488,Protective cover valve block EC15 dump,12300
300118,Protective cover valve block EC20,12500
1002594,Protective cover valve block EC20 ELME T=3mm,20700
1031618,Protective cover valve block EC204 left V2,7100
1062218,Protective cover valve block EC204 QS40 left,5600
1062212,Protective cover valve block EC204 QS40 right,5400
1031617,Protective cover valve block EC204 right V2,7100
1076007,Protective cover valve block EC204B left,4600
1076360,Protective cover valve block EC204B right,4900
1016523,Protective cover valve block EC206 left,12000
1016524,Protective cover valve block EC206 right,12000
1061668,Protective cover valve block EC206B left,8800
1060973,Protective cover valve block EC206B right,8800
1016516,Protective cover valve block EC209 left,14400
1016515,Protective cover valve block EC209 right,14400
1056632,Protective cover valve block EC209/209B QSM,11000
1056633,Protective cover valve block EC209/209B QSM - Lip,10800
1016548,Protective cover valve block EC214 - left,13300
1016547,Protective cover valve block EC214 - right,13300
1030154,Protective cover valve block EC214 - right MACS,15900
1027795,Protective cover valve block EC219 ECHF/QSM,12800
1027796,Protective cover valve block EC219 ECHF/QSM - lip,12800
1016411,Protective cover valve block EC226,13400
1016410,Protective cover valve block EC226 - lip,14000
1031186,Protective cover valve block EC226 ECHF/QSM,12800
1031185,Protective cover valve block EC226 ECHF/QSM - lip,12800
1040947,Protective cover valve block EC233,13400
1040946,Protective cover valve block EC233 - lip,14000
1036021,Protective cover valve block EC30 ECHF,15100
1075308,Protective cover valve block EC309,8500
1075307,Protective cover valve block EC309 - lip,8200
1070620,Protective cover valve block EC319,8800
1070619,Protective cover valve block EC319 - lip,8300
1081644,Protective cover valve block EC333,8500
1081645,Protective cover valve block EC333- lip,8500
1030204,Protective cover valve block right EC219 QS - MACS,24700
1007037,Protective cover valve block TFHYD 2-part,7400
5000026,Protective hose NW12 Black plastic,500
8000056,Protective sleeve Inductive sensor M12,100
8001849,Protective sleeve Inductive sensor M8,100
841199,Push-button NO/NC-DC2,10300
8000822,Push-button NO/NC-LED-DC2-blue,15300
8000758,Push-button NO/NC-LED-DC2-red,13700
8002514,Push-button NO/NC-MIG2 with snap ring,6600
842157,Push-button NO-alternately ( hold function )-DC2,18400
842167,Push-button NO-alternately ( hold function )-LED-DC2,7700
841801,Push-button NO-DC2,9600
8002507,Push-button NO-MIG2 with snap ring,6500
1045504,Push-button switch NO/NC snap,6000
8001072,Push-button yellow NO-DC2,12500
7000404,Push-in Coupling 90° M10x1-Lubrication kit EC206,2400
790184,"Push-in Coupling 90° R1/8"" SPWE06KR lubrication kit",4500
790157,"Push-in coupling EC219/EC226 R1/8"" PGE06 Lubrication kit",2100
790188,Push-in Coupling M10x1 PGE06KR BV lubrication kit,4800
790172,"Push-in Coupling R1/8"" PGE06KR lubrication kit",1700
790185,Push-In coupling straight Ø6mm M8x1,2800
790173,Push-in swivel 90° M8x1 hose kit Quick hitch lubrication ECO,4500
8000032,PVC hose 5mm - L=450mm,200
8000511,"PWM cable 1x PWM-Ana DT 3P-DT 4P-0,4m",63600
8000692,"PWM cable 1x PWM-Ana FCI Sock x3 MAP JCB-1,9m",33200
8000217,"PWM cable 1x PWM-Ana FCI Sock x3 MAP JCB-2,8m",33500
8000466,"PWM cable 1x PWM-Ana FCI Sock x3-4xDT Pins-1,9m",34300
8001054,"PWM cable 1x PWM-Ana FCI Sock x3-DT 4P-2,8m",36900
8000682,"PWM cable 1x PWM-Ana FCI Sock x3-DTM 4P-2,8m",59600
8000066,"PWM cable 1x PWM-Ana FCI Sock x3-DTM 6P MAP Liebherr-2,8m",44100
8001113,"PWM cable 2x PWM-A/D 2xMinif 4S-DTM 12P MAP Hydrema-0,65m",83800
8001011,PWM converter->2xAna DT 3P-DT 4S,41000
8001323,PWM converter->2xAna Minif 4S-Minif 4P,25900
8001594,PWM converter->2xPWM Minif 4S-Minif 4P,22100
1062880,QS40-Direct connect,1958
1063105,QS40-Direct connect,1958
1063812,QS40-Direct connect,444400
1063979,QS40-Direct connect,489200
1064177,QS40-Direct connect,1958
1064358,QS40-Direct connect,561700
1064496,QS40-Direct connect,1958
1064530,QS40-Direct connect,2271
1064849,QS40-Direct connect,1958
1064884,QS40-Direct connect,2271
1064890,QS40-Direct connect,1958
1064892,QS40-Direct connect,1958
1064971,QS40-Direct connect,2271
1064979,QS40-Direct connect,2271
1065123,QS40-Direct connect,1958
1065164,QS40-Direct connect,1958
1065282,QS40-Direct connect,1958
1065697,QS40-Direct connect,1958
1065700,QS40-Direct connect,2271
1066565,QS40-Direct connect,489200
1066780,QS40-Direct connect,489200
1066799,QS40-Direct connect,1958
1067245,QS40-Direct connect,1958
1067470,QS40-Direct connect,1958
1067482,QS40-Direct connect,1958
1067483,QS40-Direct connect,1958
1067648,QS40-Direct connect,1958
1067757,QS40-Direct connect,1958
1068044,QS40-Direct connect,2271
1068547,QS40-Direct connect,2271
1068549,QS40-Direct connect,489200
1068795,QS40-Direct connect,1958
1069171,QS40-Direct connect,1958
1070042,QS40-Direct connect,1958
1071743,QS40-Direct connect,1958
1071939,QS40-Direct connect,2271
1072495,QS40-Direct connect,1958
1072596,QS40-Direct connect,1958
1072938,QS40-Direct connect,2271
1074382,QS40-Direct connect,1958
1074416,QS40-Direct connect,1958
1074511,QS40-Direct connect,1958
1074558,QS40-Direct connect,1958
1075305,QS40-Direct connect,1958
1075406,QS40-Direct connect,1958
1075474,QS40-Direct connect,489200
1075895,QS40-Direct connect,489200
1078574,QS40-Direct connect,2271
1078731,QS40-Direct connect,2271
1079285,QS40-Direct connect,1958
1079839,QS40-Direct connect,1958
1079851,QS40-Direct connect,1958
1080772,QS40-Direct connect,1958
1063387,QS40-Direct connect-H61-DC2,2672
1063389,QS40-Direct connect-H61-DC2,652800
1064095,QS40-Direct connect-H61-DC2,652800
1064139,QS40-Direct connect-H61-DC2,652800
1064179,QS40-Direct connect-H61-DC2,606500
1064260,QS40-Direct connect-H61-DC2,652800
1064336,QS40-Direct connect-H61-DC2,652800
1064343,QS40-Direct connect-H61-DC2,652800
1064395,QS40-Direct connect-H61-DC2,652800
1064417,QS40-Direct connect-H61-DC2,652800
1064419,QS40-Direct connect-H61-DC2,606500
1064572,QS40-Direct connect-H61-DC2,652800
1064982,QS40-Direct connect-H61-DC2,652800
1065047,QS40-Direct connect-H61-DC2,677500
1065048,QS40-Direct connect-H61-DC2,2985
1065193,QS40-Direct connect-H61-DC2,652800
1065227,QS40-Direct connect-H61-DC2,2985
1065411,QS40-Direct connect-H61-DC2,2672
1065935,QS40-Direct connect-H61-DC2,677500
1065941,QS40-Direct connect-H61-DC2,2672
1066065,QS40-Direct connect-H61-DC2,652800
1066208,QS40-Direct connect-H61-DC2,652800
1066314,QS40-Direct connect-H61-DC2,652800
1066415,QS40-Direct connect-H61-DC2,2672
1066482,QS40-Direct connect-H61-DC2,2985
1066756,QS40-Direct connect-H61-DC2,652800
1066865,QS40-Direct connect-H61-DC2,652800
1067463,QS40-Direct connect-H61-DC2,652800
1067610,QS40-Direct connect-H61-DC2,652800
1067963,QS40-Direct connect-H61-DC2,2672
1068573,QS40-Direct connect-H61-DC2,725300
1069093,QS40-Direct connect-H61-DC2,725300
1069132,QS40-Direct connect-H61-DC2,652800
1069135,QS40-Direct connect-H61-DC2,652800
1069136,QS40-Direct connect-H61-DC2,652800
1069325,QS40-Direct connect-H61-DC2,686700
1069508,QS40-Direct connect-H61-DC2,2672
1070450,QS40-Direct connect-H61-DC2,652800
1070956,QS40-Direct connect-H61-DC2,652800
1070957,QS40-Direct connect-H61-DC2,652800
1070959,QS40-Direct connect-H61-DC2,652800
1071606,QS40-Direct connect-H61-DC2,2985
1071970,QS40-Direct connect-H61-DC2,606500
1071972,QS40-Direct connect-H61-DC2,652800
1072053,QS40-Direct connect-H61-DC2,725300
1072069,QS40-Direct connect-H61-DC2,2672
1072258,QS40-Direct connect-H61-DC2,652800
1072259,QS40-Direct connect-H61-DC2,2985
1072366,QS40-Direct connect-H61-DC2,2672
1072757,QS40-Direct connect-H61-DC2,725300
1073718,QS40-Direct connect-H61-DC2,652800
1074051,QS40-Direct connect-H61-DC2,606500
1074211,QS40-Direct connect-H61-DC2,652800
1074438,QS40-Direct connect-H61-DC2,652800
1074569,QS40-Direct connect-H61-DC2,2672
1075492,QS40-Direct connect-H61-DC2,652800
1075907,QS40-Direct connect-H61-DC2,2672
1076074,QS40-Direct connect-H61-DC2,652800
1076092,QS40-Direct connect-H61-DC2,652800
1076176,QS40-Direct connect-H61-DC2,2672
1076631,QS40-Direct connect-H61-DC2,2985
1077312,QS40-Direct connect-H61-DC2,725300
1078136,QS40-Direct connect-H61-DC2,652800
1078137,QS40-Direct connect-H61-DC2,652800
1078199,QS40-Direct connect-H61-DC2,652800
1078263,QS40-Direct connect-H61-DC2,652800
1078320,QS40-Direct connect-H61-DC2,725300
1079386,QS40-Direct connect-H61-DC2,2672
1079562,QS40-Direct connect-H61-DC2,2672
1080249,QS40-Direct connect-H61-DC2,2645
1064597,QS40-Export-3T-complete,424400
1063799,QS40-Export-3T-complete-H61-DC2,541700
1066307,QS40-Export-E1T-complete-H61-DC2,588000
1058240,QS45-CAT 307.5/308/309 NG-H6-DC2,697500
1069089,QS45-Direct connect - E3T-H18-D,782400
1069279,QS45-Direct connect-DC2,782400
1046901,QS45-Direct connect-H18-DC2,782400
1048727,QS45-Direct connect-H18-DC2,782400
1049193,QS45-Direct connect-H18-DC2,782400
1050303,QS45-Direct connect-H18-DC2,782400
1061717,QS45-Direct connect-H18-DC2,782400
1072571,QS45-Direct connect-H52-DC2,976900
1073272,QS45-Direct connect-H52-DC2,976900
1073618,QS45-Direct connect-H52-DC2,976900
1045903,QS45-Direct connect-H6-DC2,697500
1046102,QS45-Direct connect-H6-DC2,634300
1046651,QS45-Direct connect-H6-DC2,697500
1046813,QS45-Direct connect-H6-DC2,642000
1047053,QS45-Direct connect-H6-DC2,697500
1047498,QS45-Direct connect-H6-DC2,782400
1047942,QS45-Direct connect-H6-DC2,697500
1048020,QS45-Direct connect-H6-DC2,697500
1048208,QS45-Direct connect-H6-DC2,697500
1048410,QS45-Direct connect-H6-DC2,697500
1048538,QS45-Direct connect-H6-DC2,782400
1048799,QS45-Direct connect-H6-DC2,697500
1048843,QS45-Direct connect-H6-DC2,697500
1048957,QS45-Direct connect-H6-DC2,782400
1049041,QS45-Direct connect-H6-DC2,697500
1049160,QS45-Direct connect-H6-DC2,697500
1049420,QS45-Direct connect-H6-DC2,697500
1050168,QS45-Direct connect-H6-DC2,697500
1050895,QS45-Direct connect-H6-DC2,2795
1050957,QS45-Direct connect-H6-DC2,642000
1051029,QS45-Direct connect-H6-DC2,697500
1051133,QS45-Direct connect-H6-DC2,697500
1051409,QS45-Direct connect-H6-DC2,782400
1051463,QS45-Direct connect-H6-DC2,697500
1051600,QS45-Direct connect-H6-DC2,697500
1052894,QS45-Direct connect-H6-DC2,782400
1053132,QS45-Direct connect-H6-DC2,697500
1055023,QS45-Direct connect-H6-DC2,2795
1055411,QS45-Direct connect-H6-DC2,697500
1056366,QS45-Direct connect-H6-DC2,697500
1057776,QS45-Direct connect-H6-DC2,697500
1059844,QS45-Direct connect-H6-DC2,782400
1066686,QS45-Direct connect-H6-DC2,697500
1069088,QS45-Direct connect-H6-DC2,697500
1069106,QS45-Direct connect-H6-DC2,697500
1069389,QS45-Direct connect-H6-DC2,697500
1069392,QS45-Direct connect-H6-DC2,782400
1069452,QS45-Direct connect-H6-DC2,697500
1076208,QS45-Direct connect-H6-DC2,697500
1077766,QS45-Direct connect-H6-DC2,697500
1079677,QS45-Direct connect-H6-DC2,697500
1079681,QS45-Direct connect-H6-DC2,697500
1071669,QS45-Direct connect-H8-DC2,976900
1072269,QS45-Direct connect-H8-DC2,976900
1059228,QS45-Export-0T-complete-H6-DC2,697500
1050070,QS45-Export-3T-complete-H6-DC2,601900
1028165,QS50-Direct connect,711400
1031395,QS50-Direct connect,711400
1032303,QS50-Direct connect,711400
1033624,QS50-Direct connect,711400
1033889,QS50-Direct connect,711400
1035526,QS50-Direct connect,711400
1038239,QS50-Direct connect,711400
1039030,QS50-Direct connect,711400
1040773,QS50-Direct connect,711400
1040780,QS50-Direct connect,711400
1042028,QS50-Direct connect,711400
1042985,QS50-Direct connect,711400
1050256,QS50-Direct Connect,800900
1050790,QS50-Direct connect,711400
1054039,QS50-Direct connect,800900
1055771,QS50-Direct connect,800900
1062807,QS50-Direct connect,800900
1066094,QS50-Direct connect,711400
1066184,QS50-Direct connect,711400
1066555,QS50-Direct connect,711400
1069864,QS50-Direct connect,711400
1070404,QS50-Direct connect,800900
1073666,QS50-Direct connect,711400
1079372,QS50-Direct connect,711400
1079480,QS50-Direct connect,711400
1080544,QS50-Direct connect,711400
1081534,QS50-Direct connect,800900
1083708,QS50-Direct connect,800900
1071629,QS50-Direct connect-H25-DC2,996900
1071686,QS50-Direct connect-H25-DC2,996900
1072381,QS50-Direct connect-H25-DC2,996900
1073214,QS50-Direct connect-H25-DC2,996900
1074476,QS50-Direct connect-H25-DC2,996900
1076003,QS50-Direct connect-H25-DC2,996900
1077527,QS50-Direct connect-H25-DC2,996900
1078406,QS50-Direct connect-H25-DC2,996900
1079020,QS50-Direct connect-H25-DC2,1086400
1082454,QS50-Direct connect-H25-DC2,996900
1064943,QS50-Direct connect-H25-ss10,1307100
1079907,QS50-Direct connect-H25-ss9IQ,1307100
1046464,QS50-Direct connect-H6-DC2,711400
1048156,QS50-Direct connect-H6-DC2,711400
1048457,QS50-Direct connect-H6-DC2,711400
1049415,QS50-Direct connect-H6-DC2,711400
1049423,QS50-Direct connect-H6-DC2,711400
1051975,QS50-Direct connect-H6-DC2,711400
1054461,QS50-Direct connect-H6-DC2,800900
1059832,QS50-Direct connect-H6-DC2,711400
1059893,QS50-Direct connect-H6-DC2,800900
1060078,QS50-Direct connect-H6-DC2,711400
1060601,QS50-Direct connect-H6-DC2,711400
1061825,QS50-Direct connect-H6-DC2,800900
1063963,QS50-Direct connect-H6-DC2,800900
1066556,QS50-Direct connect-H6-DC2,711400
1070865,QS50-Direct connect-H6-DC2,711400
1070874,QS50-Direct connect-H6-DC2,800900
1074151,QS50-Direct connect-H6-DC2,711400
1077062,QS50-Direct connect-H6-DC2,711400
1077657,QS50-Direct connect-H6-DC2,711400
1077735,QS50-Direct connect-H6-DC2,711400
1079302,QS50-Direct connect-H6-DC2,711400
1082132,QS50-Direct connect-H6-DC2,800900
1076933,QS50-Direct connect-H78-DC3,711400
1083367,QS50-Direct connect-H78-DC3,711400
1083371,QS50-Direct connect-H78-DC3,800900
1084443,QS50-Direct connect-H78-DC3,711400
1049572,"QS60-CAT 315C,D/316E/317/318E,F/M316NG/M318NG-H7/HF-DC2",1308600
1025058,QS60-Direct connect,824100
1035891,QS60-Direct connect,1044800
1039176,QS60-Direct connect,1044800
1040771,QS60-Direct connect,1044800
1072212,QS60-Direct connect,946000
1043687,QS60-Direct connect-H1/HF-DC2,946000
1043851,QS60-Direct connect-H1/HF-DC2,859600
1043913,QS60-Direct connect-H1/HF-DC2,946000
1045015,QS60-Direct connect-H1/HF-DC2,1044800
1045206,QS60-Direct connect-H1/HF-DC2,946000
1045385,QS60-Direct connect-H1/HF-DC2,946000
1045572,QS60-Direct connect-H1/HF-DC2,946000
1046013,QS60-Direct connect-H1/HF-DC2,946000
1046147,QS60-Direct connect-H1/HF-DC2,1044800
1050576,QS60-Direct connect-H1/HF-DC2,1044800
1050996,QS60-Direct connect-H1/HF-DC2,859600
1056942,QS60-Direct connect-H1/HF-DC2,946000
1066900,QS60-Direct connect-H1/HF-DC2,4046
1068935,QS60-Direct connect-H1/HF-DC2,4168
1069098,QS60-Direct connect-H1/HF-DC2,1044800
1069134,QS60-Direct connect-H1/HF-DC2,946000
1053411,QS60-Direct connect-H1/HF-DC2-MAP,1044800
1053694,QS60-Direct connect-H1/HF-DC2-MAP,1044800
1053695,QS60-Direct connect-H1/HF-DC2-MAP,763900
1053696,QS60-Direct connect-H1/HF-DC2-MAP,1044800
1054181,QS60-Direct connect-H1/HF-DC2-MAP,1044800
1060938,QS60-Direct connect-H1-DC2,1044800
1064598,QS60-Direct connect-H1-DC2,946000
1072043,QS60-Direct connect-H1-DC2,1044800
1052241,QS60-Direct connect-H1-DC2-TEST,628100
1052242,QS60-Direct connect-H1-DC2-TEST,659000
1060238,QS60-Direct connect-H37/HF-DC2,1308600
1060213,QS60-Direct connect-H37-DC2,1308600
1063333,QS60-Direct connect-H37-DC2,1308600
1043174,QS60-Direct connect-H7/HF-DC2,1027800
1044077,QS60-Direct connect-H7/HF-DC2,1308600
1045113,QS60-Direct connect-H7/HF-DC2,1308600
1045629,QS60-Direct connect-H7/HF-DC2,1308600
1049018,QS60-Direct connect-H7/HF-DC2,1308600
1056477,QS60-Direct connect-H7/HF-DC2-MAP,1308600
1056041,QS60-Direct connect-H7-DC2,1308600
1044131,"QS60-Doosan DX140/160,W/165W/S130:8T-H1/HF-DC2",1044800
1025790,QS70-Direct connect,5107
1027146,QS70-Direct connect,5107
1027900,QS70-Direct connect,1274700
1028875,QS70-Direct connect,5107
1030062,QS70-Direct connect,1274700
1030330,QS70-Direct connect,5107
1032852,QS70-Direct connect,5107
1032854,QS70-Direct connect,5107
1032881,QS70-Direct connect,5107
1033981,QS70-Direct connect,5107
1042855,QS70-Direct connect,5107
1043881,QS70-Direct connect,1359600
1054137,QS70-Direct connect,5107
1057641,QS70-Direct connect,1359600
1064084,QS70-Direct connect,5107
1066795,QS70-Direct connect,5107
1069590,QS70-Direct connect,5107
1074548,QS70-Direct connect,5107
1075320,QS70-Direct connect,1274700
1044747,QS70-Direct connect-H11-DC2,1274700
1044878,QS70-Direct connect-H11-DC2,1274700
1046197,QS70-Direct connect-H11-DC2,1274700
1047128,QS70-Direct connect-H11-DC2,5107
1047603,QS70-Direct connect-H11-DC2,1159000
1048037,QS70-Direct connect-H11-DC2,1274700
1048224,QS70-Direct connect-H11-DC2,1159000
1048621,QS70-Direct connect-H11-DC2,5107
1048623,QS70-Direct connect-H11-DC2,1274700
1048741,QS70-Direct connect-H11-DC2,1359600
1049777,QS70-Direct connect-H11-DC2,1274700
1051815,QS70-Direct connect-H11-DC2,5107
1052629,QS70-Direct connect-H11-DC2,1274700
1056911,QS70-Direct connect-H11-DC2,5107
1058248,QS70-Direct connect-H11-DC2,1172800
1058575,QS70-Direct connect-H11-DC2,1359600
1069095,QS70-Direct connect-H11-DC2,1274700
1069096,QS70-Direct connect-H11-DC2,1274700
1069102,QS70-Direct connect-H11-DC2,5107
1071979,QS70-Direct connect-H11-DC2,5107
1074338,QS70-Direct connect-H11-DC2,5107
1075323,QS70-Direct connect-H11-DC2,1274700
1076271,QS70-Direct connect-H11-DC2,1274700
1077348,QS70-Direct connect-H11-DC2,5107
1077676,QS70-Direct connect-H11-DC2,1274700
1079842,QS70-Direct connect-H11-DC2,5882
1053494,QS70-Direct connect-H11-DC2-MAP,1274700
1054583,QS70-Direct connect-H11-DC2-MAP,1242300
1054947,QS70-Direct connect-H11-DC2-MAP,1172800
1054948,QS70-Direct connect-H11-DC2-MAP,1159000
1056102,QS70-Direct connect-H11-DC2-MAP,1159000
1064172,QS70-Direct connect-H11-DC2-MAP,1359600
1068145,QS70-Direct connect-H11-DC2-MAP,5107
1071689,QS70-Direct connect-H13-DC2,6637
1072631,QS70-Direct connect-H13-DC2,6637
1072655,QS70-Direct connect-H13-DC2,6637
1076272,QS70-Direct connect-H13-DC2,1626500
1063140,QS70-Direct connect-H13-ss10,8044
1064694,QS70-Direct connect-H14-DC2,1626500
1062172,QS70-Direct connect-H43-DC2,6637
1064846,QS70-Direct connect-H43-DC2,6637
1066213,QS70-Direct connect-H43-DC2,6637
1071846,QS70-Direct connect-H43-DC2,6637
1072306,QS70-Direct connect-H43-DC2,6637
1073283,QS70-Direct connect-H43-DC2,6637
1074016,QS70-Direct connect-H43-DC2,6637
1074401,QS70-Direct connect-H43-DC2,6637
1074804,QS70-Direct connect-H43-DC2,1626500
1076444,QS70-Direct connect-H43-DC2,6637
1077577,QS70-Direct connect-H43-DC2,6637
1077672,QS70-Direct connect-H43-DC2,6637
1074710,QS70-Direct connect-H75-DC3,5107
1075315,QS70-Direct connect-H75-DC3,5107
1077574,QS70-Direct connect-H75-DC3,1274700
1078017,QS70-Direct connect-H75-DC3,5107
1079109,QS70-Direct connect-H75-DC3,1274700
1073878,QS70-Direct connect-H75-DC3-MAP,1274700
1074038,QS70-Direct connect-H76-DC3,6637
1076745,QS70-Direct connect-H76-DC3,6637
1077557,QS70-Direct connect-H76-DC3,6637
1050067,QS70-Export-8T-complete,998500
1050072,QS70-Export-8T-complete-H11-DC2,1114200
1066389,QS70-Export-E8T-complete-H11-DC2,1114200
1052263,QS80-Direct connect,1509300
1053031,QS80-Direct connect,1509300
1053994,QS80-Direct connect,1509300
1054159,QS80-Direct connect,1509300
1055040,QS80-Direct connect,1509300
1055853,QS80-Direct connect,1509300
1059690,QS80-Direct connect,1509300
1061344,QS80-Direct connect,1509300
1062510,QS80-Direct connect,1509300
1062675,QS80-Direct connect,1509300
1063007,QS80-Direct connect,1509300
1063210,QS80-Direct connect,1509300
1067752,QS80-Direct connect,1509300
1072698,QS80-Direct connect,1509300
1073079,QS80-Direct connect,1509300
1074620,QS80-Direct connect,1509300
1049689,QS80-Direct connect-H11-DC2,998500
1069404,QS80-Direct connect-H11-DC2,1509300
1060393,QS80-Direct connect-H35-DC2,2013900
1071643,QS80-Direct connect-H41-DC2,1509300
1071666,QS80-Direct connect-H41-DC2,1509300
1071728,QS80-Direct connect-H41-DC2,1509300
1071757,QS80-Direct connect-H41-DC2,1509300
1072332,QS80-Direct connect-H41-DC2,1509300
1072382,QS80-Direct connect-H41-DC2,1509300
1072544,QS80-Direct connect-H41-DC2,1509300
1072595,QS80-Direct connect-H41-DC2,1509300
1074235,QS80-Direct connect-H41-DC2,1509300
1074525,QS80-Direct connect-H41-DC2,1509300
1074838,QS80-Direct connect-H41-DC2,1509300
1075437,QS80-Direct connect-H41-DC2,1509300
1076205,QS80-Direct connect-H41-DC2,1509300
1076798,QS80-Direct connect-H41-DC2,1509300
1077315,QS80-Direct connect-H41-DC2,1509300
1077452,QS80-Direct connect-H41-DC2,1509300
1078002,QS80-Direct connect-H41-DC2,1509300
1078120,QS80-Direct connect-H41-DC2,1509300
1078664,QS80-Direct connect-H41-DC2,1509300
1079674,QS80-Direct connect-H41-DC2,1509300
1080777,QS80-Direct connect-H41-DC2,1509300
1081401,QS80-Direct connect-H41-DC2,1509300
1082268,QS80-Direct connect-H41-DC2,1509300
1083197,QS80-Direct connect-H41-DC2,1509300
1083586,QS80-Direct connect-H41-DC2,1509300
1074321,QS80-Direct connect-H41-DC2-MAP,1509300
1059934,QS80-Direct connect-H42-DC2,2013900
1065280,QS80-Direct connect-H42-DC2,2013900
1065781,QS80-Direct connect-H64-DC2,2013900
1074674,QS80-Direct connect-H64-DC2,2013900
1076374,QS80-Direct connect-H64-DC2,2013900
1076789,QS80-Direct connect-H64-DC2,2013900
1080083,QS80-Direct connect-H64-DC2,2013900
1082336,QS80-Direct connect-H64-DC2,2013900
1075473,QS80-Direct connect-H79-DC3,1509300
1080849,QS80-Direct connect-H79-DC3,1509300
1081069,QS80-Direct connect-H79-DC3,1509300
1081128,QS80-Direct connect-H79-DC3,1509300
1084046,QS80-Direct connect-H79-DC3,1509300
1079838,QS80-Direct connect-H90-DC3,2013900
8000271,Q-safe-QLM-DC2/DC3-QSC,46900
8000270,Q-safe-QLM-ss10/ss9/ss5/ss0-QSC,46900
8000989,"QSC EMU cable IQ DT 3P/DT-0,55m",36600
8001063,"QSC EMU cable IQ DT 3P/DT-2,5m",50800
8000550,"QSC EMU cable IQ FCI Sock x3/JT-0,55m",47500
8001193,"QSC EMU cable SQ DT 3P-2,7m",33300
8000593,"QSC EMU cable SQ FCI Sock x3-2,8m",35000
8000716,QSC EMU module DT 6S-DT 3P,42900
8000562,QSC-DC2-EC-12V,174400
8000563,QSC-DC2-EC-24V,174400
8000557,QSC-DC2-QS45/50-EC+QH-12V,375000
8000559,QSC-DC2-QS45/50-EC+QH-24V,375000
8000558,QSC-DC2-QS60/80-EC+QH-24V,313300
8000561,QSC-DC2-QS60/80-EC+QH-24V(-Acc),356500
8000584,QSC-OTHER-OTHER-30/80-QH-12V/24V,375000
8000583,QSC-OTHER-QS60/80-EC+QH-24V,469100
8000277,QSC-others-others-45/50-QH-12V,265400
8000278,QSC-others-others-45/50-QH-24V,265400
8000133,"QSC-SS9,2-QS45/50-EC+QH-12V",399700
8000134,"QSC-SS9,2-QS45/50-EC+QH-24V",388900
8000320,"QSC-SS9,2-QS60/80-EC+QH-24V",399700
1079367,QSM40 Lock Cylinder Adapter S40,39800
790114,"Quick coupling 1/2"" female 5010",10500
790115,"Quick coupling 1/2"" male 5020",4300
790110,"Quick coupling 1/4"" female 2510",7700
790111,"Quick coupling 1/4"" male 2520",3100
790108,"Quick coupling 1/8"" female 2310",8500
790109,"Quick coupling 1/8"" male 2320",8500
790192,"Quick coupling 3/4"" female 7510",39500
790193,"Quick coupling 3/4"" male 7520",19900
790112,"Quick coupling 3/8"" female 3810",9900
790113,"Quick coupling 3/8"" male 3820",4300
1069714,Quick hitch CW05GP 0° EC02B,521600
1065318,Quick hitch CW05GP 0° EC204,560200
1078751,Quick hitch CW05GP 0° EC204B,401200
1069585,Quick hitch CW05GP 0° GR05 EC204,669800
1078752,Quick hitch CW05GP 0° GR05 EC204B,523100
1036145,Quick hitch CW10ec 0° EC206,571000
1039107,Quick hitch CW10ec 0° EC209,504600
1062502,Quick hitch CW10ec 0° GR10 EC206,825600
1034735,Quick hitch CW30 0° EC214,976900
1073480,Quick hitch CW30 0° EC214 QSM,964500
1073628,Quick hitch CW30 0° EC219 QSM,882700
1073590,Quick hitch CW30 0° EC226 QSM,1066400
1073202,Quick hitch CW30 0° GR20 EC214 QSM,1172800
1056807,Quick hitch CW30 0° GR20 EC214 with grab kit,1819400
1073630,Quick hitch CW30 0° GR20 EC219 QSM,1274700
1053045,Quick hitch CW30 0° GR20 EC219 with grab kit,1021600
1073199,Quick hitch CW30 0° GR20 EC226 QSM,1310200
1043273,Quick hitch CW30 0° GR20 V2 EC226 ECHF,1327200
1045696,Quick hitch CW30 0° GR20 V3 EC214,1188300
1044580,Quick hitch CW30 0° GR20 V3 EC219 ECHF,1290100
1041432,Quick hitch CW30 0° V2 EC226 ECHF,1080200
1038379,Quick hitch CW30 0° V3 EC219 ECHF,909000
1071993,Quick hitch CW30 0° V3 EC226 ECHF,956800
1036174,Quick hitch CW30ec 13° V2 EC226,788600
1036583,Quick hitch CW30ec GR20 V2 EC226,1217600
1034629,Quick hitch CW30ec V2 EC226,969100
1037506,Quick hitch CW30ec V3 EC219 ECHF,762300
1071965,Quick hitch CW40 0° EC233 QSM,1100300
1073198,Quick hitch CW40 0° GR20 EC233 QSM,1645100
1067307,Quick hitch CW40ec 0° GR20 EC233 ECHF,1645100
1048895,Quick hitch CW40ec 0° V3 EC233 ECHF 6 extra,1013900
1043876,Quick hitch CW40ec GR20 EC233 ECHF,1645100
1055525,Quick hitch CW45ec 0° EC233 ECHF,1472200
1043919,Quick hitch ECpup60 V2 278mm EC226 ECHF,1061700
1053330,Quick hitch ECpup70 V2 270mm EC219,969100
1020149,Quick hitch ECpup70/80 frame EC219,1012400
1063760,Quick hitch ECpupD60 180mm EC209,1393500
1065028,Quick hitch ECpupD60 278mm EC226 ECHF,1529300
1064052,Quick hitch ECpupD65 250mm EC214 ECHF,1012400
1025596,Quick hitch GJ300 EC209,307100
1021398,Quick hitch GJ500 EC219,1419800
100881,Quick hitch Hydrema EC10,504600
1025041,Quick hitch Hydrema EC206,285500
1082294,Quick hitch Hydrema EC206B,604900
1036197,Quick hitch Hydrema EC209,421300
1081510,Quick hitch Hydrema EC209B,604900
1026642,Quick hitch Hydrema GR10 EC206,392000
1081927,Quick hitch Hydrema GR10 EC206B,603400
1037178,Quick hitch Hydrema GR10 EC209,816400
1079646,Quick hitch Hydrema GR10 EC209B,651200
1080532,Quick hitch HYDS GR10 V2 EC209B with grab kit,1395100
1020653,Quick hitch KM2 EC226,1584900
1030252,Quick hitch Lännen LE EC214,845700
1030707,Quick hitch Lännen LE GR10 EC214,1194400
1035246,Quick hitch Lehnhoff HS03EC EC206,711400
1063623,Quick hitch Lehnhoff HS03ECS GR05 EC204,773100
1063735,Quick hitch Lehnhoff HS08ECS EC209,879600
1037604,Quick hitch Lehnhoff HS10EC EC214,910500
1061982,Quick hitch Lehnhoff HS10ECS EC219 ECHF,1203700
1064279,Quick hitch Lehnhoff HS10ECS GR20 EC219 ECHF,1679000
1064844,Quick hitch Liebherr SW33DECS-EC219 ECHF,1197500
1066424,Quick hitch Liebherr SW48ECS-EC226 ECHF,1271600
1039726,Quick hitch QS45 GR10 EC209 V2,984600
1037510,Quick hitch QS45 GR10 EC214 V2,964500
1039755,Quick hitch QS45 GR10 V2 EC206,853400
1041683,Quick hitch QS45 GR20 EC214 V2,1023200
1042270,Quick hitch QS45 GR20R2 Rail EC214 V2,1143500
1041407,Quick hitch QS45 V2 EC206,697500
1041451,Quick hitch QS50 EC206 V2,751500
1040980,Quick hitch QS50 GR10 EC206 V2,1001500
1041183,Quick hitch QS50 GR10 EC209 V2,629600
1041210,Quick hitch QS50 GR10 EC214 V2,1049400
1042214,Quick hitch QS50 GR20 EC214 V2,1094100
1040149,Quick hitch QS50 GR20RR/R2 Rail EC214 V2,1094100
1036718,Quick hitch QS60 GR20 V3 EC214,1145100
1036719,Quick hitch QS60 GR20 V3 EC219 ECHF,1154300
1037097,Quick hitch QS60 GR20 V3 EC219 ECHF with grab kit,2069400
1043015,Quick hitch QS60 GR20R2 V3 EC214,1810200
1041302,Quick hitch QS60 GR20R2 V3 EC219,1637400
1074798,Quick hitch QS60 QSM GR20R2 EC214,1810200
1076614,Quick hitch QS60 QSM GR20R2 EC219,1810200
1024444,Quick hitch QS70 EC226,1373500
1033529,Quick hitch QS70 EC226 ECHF,1425900
1039845,Quick hitch QS70 EC233,1341000
1025124,Quick hitch QS70 GR20 EC226,1655900
1037211,Quick hitch QS70 GR20 EC226 ECHF,1523200
1039931,Quick hitch QS70 GR20 EC30 ECHF,1534000
1038564,Quick hitch QS70 GR20R2 EC226 ECHF,1563300
1039869,Quick hitch QS70GR20 EC233,1534000
1039712,Quick hitch QS80 EC233,1998500
1069824,Quick hitch QS80 EC233/EC333 QSM,2034000
1069961,Quick hitch QS80 GR30 EC233 QSM,2473800
1039990,Quick hitch QS80GR30 EC233,2381200
1043300,Quick hitch QS80GR30 EC233 with grab kit,3759300
1073042,Quick hitch QS80GR30 QSM EC233 with grab kit,3375000
1036400,Quick hitch QSD45 EC209,853400
1037772,Quick hitch QSD45 EC214,892000
1039288,Quick hitch QSD50 EC209,998500
1039601,Quick hitch QSD50 EC214,1020100
1037496,Quick hitch QSD60 EC214,896600
1036640,Quick hitch QSD60 EC219,833300
1069601,Quick hitch QSM40 EC204B cast,219100
1056701,Quick hitch QSM40 EC206B cast,348800
1062324,Quick hitch QSM45 V2 EC209 cast,538600
1068000,Quick hitch QSM50 EC209B,679000
1073715,Quick hitch QSM60 EC214 V3 cast,358000
1062571,Quick hitch QSM60 EC219 V2 cast,475300
1066701,Quick hitch QSM60 EC219 V3 cast,347200
1064800,Quick hitch QSM60 EC219 welded,1588000
1061735,Quick hitch QSM70 V2 EC233/EC333 cast,1007700
1061736,Quick hitch QSM70 V3 EC226/326 cast,998500
1074114,Quick hitch QSM70 V4 EC226/326 cast,998500
1043567,Quick hitch S1 EC233,1145100
100080,Quick hitch S1 EC30,1111100
1029883,Quick hitch S1 GR20 EC219 ECHF,973800
1029924,Quick hitch S1 GR20 EC219 ECHF with grab kit,2095700
1043592,Quick hitch S1 GR20 EC233,1359600
1007230,Quick hitch S1 HD EC20,998500
1017555,Quick hitch S1 HD EC219,998500
1012661,Quick hitch S1 HD GR20 EC20,1032400
1024390,Quick hitch S1 HD+ EC226,930600
1031519,Quick hitch S1 HD+ EC226 ECHF,1037000
1024391,Quick hitch S1 HD+ GR20 EC226,1140400
1031529,Quick hitch S1 HD+ GR20 EC226 ECHF,1140400
1033303,Quick hitch S1HD GR20 EC226 ECHF with grab kit,2132700
1040606,Quick hitch S2 & 27 EC233,1203700
100083,Quick hitch S2 & 27 EC30,1196000
1040655,Quick hitch S2 GR20 EC233,1871900
1031356,Quick hitch S2GR20 EC226 ECHF,1131200
1043435,Quick hitch S3 EC233,1929000
102478,Quick hitch S30/150 EC02,260800
102718,Quick hitch S30/180 EC02,260800
1062970,Quick hitch S30S EC02B,361100
1011148,Quick hitch S40 EC02 for 05B locking kit,333300
100309,Quick hitch S40 EC05,399700
1003900,Quick hitch S40 EC05B,419800
1028967,Quick hitch S40 EC204,305600
1025014,Quick hitch S40 EC206,429000
1007070,Quick hitch S40 GR05 EC05B,767000
1030047,Quick hitch S40 GR05 EC204,489200
1025697,Quick hitch S40 GR05 EC206,697500
1080652,Quick hitch S40 SEMI EC204B,296300
1083065,Quick hitch S40M EC206B,432100
1060270,Quick hitch S40S EC204,270100
1056640,Quick hitch S40S EC206,648100
1060430,Quick hitch S40S GR05 EC204,557100
1060416,Quick hitch S40S GR05 EC206,578700
100325,Quick hitch S45 EC10,532400
1025026,Quick hitch S45 EC206,220700
1019991,Quick hitch S45 EC209,498500
1000182,Quick hitch S45 GR10 EC10,1080200
101518,Quick hitch S45 GR10 EC15 height,1084900
1019667,Quick hitch S45 GR10 EC209,831800
100445,Quick hitch S50 EC10,532400
102362,Quick hitch S50 EC10 6-channel Marine,682100
1025037,Quick hitch S50 EC206,572500
1020003,Quick hitch S50 EC209,452200
1026306,Quick hitch S50 GR10 EC206,384300
1028198,Quick hitch S50 GR20 EC214,1475300
100378,Quick hitch S60 EC15,813300
1017482,Quick hitch S60 EC219,907400
101912,Quick hitch S60 GR20 EC15 from 050222,1274700
1035896,Quick hitch S60 GR20 EC219 ECHF,1393500
1034049,Quick hitch S70 30mm top EC226 break support,959900
1035841,Quick hitch S70 30mm top EC226 ECHF break support,814800
1006027,Quick hitch S70 EC30,902800
1034222,Quick hitch S70 GR20 30mm top EC226 break support,1353400
1035710,Quick hitch S70 GR20 30mm top EC226 ECHF break support,1251500
1039201,Quick hitch S70 GR20 EC30 correct way round ECHF,1475300
102525,Quick hitch S80 GR30 EC30,1726800
1055029,Quick hitch SMP1 GR20 EC226 ECHF,1010800
1038005,Quick hitch SMP2 GR20 EC214,821000
1069763,R06-CW05GP,159000
1079407,R06-HYD,134600
1016346,R06-S30/180,101100
1016327,R06-S40,104800
1064766,"R06-S40 2,5""",124500
1020697,R06-S45,126200
1019878,R12-S40,197500
1016351,R12-S45,203700
1018422,R12-S50,220700
1045101,R19-S50,277800
1014339,R19-S60,284000
1026822,R19-S60 ESCO,321000
1044064,"R20-1200-S60-CAT3,5"", axle 2244",421300
1056455,R26-CW30,554000
1016380,R26-S60,419800
1050346,R26-S65,470700
1016385,R26-S70,481500
1021338,"R26-S70 4,5""",463000
1018952,R33-S70,725300
1016602,R33-S80,739200
1028269,Rear Hose Bracket EC209 UNI - left,20500
1028270,Rear Hose Bracket EC209 UNI - right,20500
401279,Rear pin Liebherr SW33,20500
7000389,Reconstruction kit-All Left-EC214/EC219-QS60-ss5/ss10,55900
7001230,Reconstruction kit-EC204-DC2/ss10-Hoses std--> right / left,30400
7001783,Reconstruction kit-EC204-DC2/ss9IQ-Hoses Std-->With Hose Bra,53700
7001488,Reconstruction kit-EC209-DC2,229900
1048048,Reconstruction kit-EC209-QSD45/50,191400
1043752,Reconstruction kit-EC209-QSD50,73000
1048050,Reconstruction kit-EC209-QSD50,53900
1062629,Reconstruction kit-EC209-QSM45,197500
1067897,Reconstruction kit-EC209-QSM45/50,65700
1040763,Reconstruction kit-EC214/EC219-QSD60,229900
1054406,Reconstruction kit-EC214/EC219-QSM60,205200
1061062,Reconstruction kit-EC214/EC219-QSM60,65600
1048051,Reconstruction kit-EC214-QSD45/50,191400
1048052,Reconstruction kit-EC214-QSD45/50,102300
8000818,Reconstruction kit-EC219,310200
7001599,Reconstruction kit-EC219 Top part QS60,239200
7001598,Reconstruction kit-EC219 Top part UNI,162000
7001470,Reconstruction kit-EC219-DC2,162000
1062630,Reconstruction kit-EC226/EC233-QSM70,120700
1068379,Reconstruction kit-EC226/EC233-QSM70,80600
8000117,Reconstruction kit-Electric box,146800
1068804,Reconstruction kit-GR20R2,153400
1048046,Reconstruction kit-GRD45/50,103700
1057405,Reconstruction kit-GRD45/50,62300
1057413,Reconstruction kit-GRD45/50,214500
1063113,Reconstruction kit-GRD45/50,654300
1063294,Reconstruction kit-GRD45/50,220700
1043268,Reconstruction kit-GRD60,245400
1057406,Reconstruction kit-GRD60,101400
1057407,Reconstruction kit-GRD60,53700
1057416,Reconstruction kit-GRD60,223800
1065761,Reconstruction kit-GRD60,251500
1054648,Reconstruction kit-GRD60Q-->GRD60Q-SYNC,1081
1059667,Reconstruction kit-GRD70,271600
1063190,Reconstruction kit-GRD70,776200
1068127,Reconstruction kit-GRD70,217600
1069796,Reconstruction kit-GRD70,59400
8000118,Reconstruction kit-Machine cable,62300
1046871,Reconstruction kit-QSD60,97100
1055027,Reconstruction kit-QSD60 ECO 1bl 2hy--> QSD60Q ECO 1bl 2hy,202200
1068609,Reconstruction kit-QSM40,84100
7001506,Reconstruction kit-QSM60-Drain without ECO,182100
402577,Reinforcement,11100
402578,Reinforcement,11100
402583,Reinforcement,19300
1032150,Reinforcement GRB,11400
1072920,Reinforcement GRB Left,28200
1074032,Reinforcement GRB Light Left,25900
1074017,Reinforcement GRB Light Right,25900
1072884,Reinforcement GRB Right,28200
8000116,Relay - Block quick hitch lock reconstruction ss9 to ss9-2,31500
8002505,Relay - Delay on operate - 12V,34900
1028050,Relay 12V Alternating with Flyback diode,6800
8000128,Relay 24V Alernating with Flyback diode,6800
8002583,Relay cable PWM CFM,87500
8000154,Relay cable PWR FNR SPD BOOM-MAP Volvo 12V,76900
8001042,Relay cable PWR TC-MAP CAT NG SSR DT 3P,84900
8001942,"Relay cable PWR_DLY 2,5sec-MAP CAT NG",41700
8001890,Relay cable PWR-DC3 24V DT 2P,22700
8002292,Relay cable PWR-DC3 24V DT 4P,19600
841178,Relay cable PWR-MAP CAT M3xx 12V Wire,36400
8001058,Relay cable PWR-MAP CAT NG 12V AMPS Sock,46800
8001605,Relay cable PWR-MAP CAT NG 12V DT 3S,19300
8001043,Relay cable PWR-MAP CAT NG SSR DT 3P,87300
8001331,Relay cable PWR-MAP Volvo SSR DT 2P,80600
842145,Relay cable SPD-MAP Volvo,15700
841196,Relay cable VALVE-DC2,56000
8000538,Relay harness CAT Next generation,73800
8001550,Relay holder,800
8001339,Relay MAP - blocking wheel control - JCB 24V,20800
8000220,Relay MAP- blocking wheel control -JCB Hydradig,22200
8000548,Relay semiconductor Schneider,42100
730268,Relief valve 0-250 bar CLLR50,59600
7001647,Relief valve HydraSpecma White 160/200cc fixed 200bar,21000
1044091,Relief valve White 160/200cc fixed 200bar,27900
8000945,Resistance Cables kit Volvo EW,25300
8000229,"Resistor cable 10ohm DT 2P-0,15m",13400
8000825,"Resistor cable 120ohm M12 5S-DTM 6P-0,4m",17900
842188,"Resistor cable 120ohm M12 5S-M12 5S-0,95m",23600
8000824,Resistor cable 120ohm M12 5S-M12 5S-3m,29900
8002495,Resistor cable 120ohm M12 5S-M12 5S-3m EC204B,20200
8000266,"Resistor cable 120ohm Minif 2S-1,5m",7700
8001066,"Resistor cable 120ohm Souriau 8P-M12 5S-0,7m",48800
1030318,RFS30/180-Direct connect,365700
1039443,RFS30/180-Direct connect,365700
1043650,RFS30/180-Direct connect,365700
1045531,RFS30/180-Direct connect,365700
1048997,RFS30/180-Direct connect,365700
1050021,RFS30/180-Direct connect,365700
1053367,RFS30/180-Direct connect,365700
1059890,RFS30/180-Direct connect,365700
1061131,RFS30/180-Direct connect,365700
1061515,RFS30/180-Direct connect,365700
1065854,RFS30/180-Direct connect,365700
1065942,RFS30/180-Direct connect,365700
1066133,RFS30/180-Direct connect,365700
1067161,RFS30/180-Direct connect,365700
1070322,RFS30/180-Direct connect,365700
1072377,RFS30/180-Direct connect,365700
1072392,RFS30/180-Direct connect,365700
1074452,RFS30/180-Direct connect,365700
1009086,RFS30SEMI/180-Direct connect,325600
1016909,RFS30SEMI/180-Direct connect,325600
1025616,RFS30SEMI/180-Direct connect,325600
1040864,RFS30SEMI/180-Direct connect,325600
1043867,RFS30SEMI/180-Direct connect,325600
1044396,RFS30SEMI/180-Direct connect,325600
1046597,RFS30SEMI/180-Direct connect,325600
1047232,RFS30SEMI/180-Direct connect,325600
1047234,RFS30SEMI/180-Direct connect,325600
1047236,RFS30SEMI/180-Direct connect,325600
1047242,RFS30SEMI/180-Direct connect,325600
1047540,RFS30SEMI/180-Direct connect,325600
1048042,RFS30SEMI/180-Direct connect,325600
1050770,RFS30SEMI/180-Direct connect,325600
1051885,RFS30SEMI/180-Direct connect,325600
1052613,RFS30SEMI/180-Direct connect,325600
1058089,RFS30SEMI/180-Direct connect,325600
1059036,RFS30SEMI/180-Direct connect,325600
1060874,RFS30SEMI/180-Direct connect,325600
1061516,RFS30SEMI/180-Direct connect,325600
1074598,RFS30SEMI/180-Direct connect,325600
1076562,RFS30SEMI/180-Direct connect,325600
1076736,RFS30SEMI/180-Direct connect,325600
1079575,RFS30SEMI/180-Direct connect,325600
1080826,RFS30SEMI/180-Direct connect,325600
1047233,RFS30SEMI/180-JCB 801/8018/8020/ Micro/+/MiniCX,325600
1051887,RFS30SEMI/180-Takeuchi TB219,325600
1010985,RFS30SEMI-Direct connect,325600
1014848,RFS40-Direct connect,496900
1015105,RFS40-Direct connect,496900
1015907,RFS40-Direct connect,496900
1023860,RFS40-Direct connect,496900
1029919,RFS40-Direct connect,496900
1040009,RFS40-Direct connect,496900
1040013,RFS40-Direct connect,496900
1047604,RFS40-Direct connect,496900
1050823,RFS40-Direct connect,439800
1054024,RFS40-Direct connect,496900
1064462,RFS40-Direct connect,496900
1065218,RFS40-Direct connect,496900
1066698,RFS40-Direct connect,496900
1067171,RFS40-Direct connect,496900
1021013,RFS40M-base plate with locking kit (EC05B),496900
1026443,RFS40M-DIrect connect,496900
1037359,RFS40M-Direct connect,371900
1054448,RFS40M-Direct connect,496900
1055804,RFS40M-Direct connect,496900
1066682,RFS40M-Direct connect,496900
1067001,RFS40M-Direct connect,496900
1067008,RFS40M-Direct connect,496900
1067035,RFS40M-Direct connect,496900
1067167,RFS40M-Direct connect,496900
1067359,RFS40M-Direct connect,496900
1081849,RFS40M-Direct connect,496900
1082217,RFS40M-Direct connect,496900
1082218,RFS40M-Direct connect,496900
1084444,RFS40M-Direct connect,496900
1084446,RFS40M-Direct connect,496900
1084576,RFS40M-Direct connect,496900
1084732,RFS40M-Direct connect,496900
1062679,RFS40M-Direct connect-0T,496900
1083561,RFS40SEMI-Direct connect,496900
1021585,RFS40SEMI-Direct connect-0T,496900
1050899,RFS40SEMI-Direct connect-0T,433600
1011304,"RFS40-Volvo EC45/50/55/ECR48/50/58/EW50, PelJob EB506",496900
1022929,RFS45-Direct connect,560200
1020416,RFS80-Direct connect,1060200
1082020,RG14-QS60-T2,3044800
1051276,Rib back SR,13700
1051277,Rib front SR,11100
640501,Ring Cotter pin,300
405185,Ring EC02 part machined,44400
1001667,Ring EC05B part machined,87000
1055430,Ring EC209 SK05/SK10,450600
1018133,Ring EC219 forging,67000
1017805,Ring EC226 forging,75200
1068855,Ring EC226 QSM70 welded,155900
1053770,Ring EC226 SK15.20 elme swivel,672800
200530,Ring EC30 part machined,133800
620203,Roller bearing PP350/600/950/3200,59000
620202,Roller bearing PP600/22312,188300
7000783,"Roller chain Tsubaki RS10B-2 1,317 m 83link",46300
7000782,"Roller chain Tsubaki RS10B-2 1,508 m 95link",52200
7000696,"Roller chain Tsubaki RS10B-2 1,64 m 103link",54300
1031786,Roller GRB2000,282400
1030672,Roller GRB2500,327200
8001370,Roller MIR1 spare part kit - MIG2,21000
710813,"Rotary swivel joint 1/2"" EC26",55400
710810,Rotary swivel joint Tema 250,14800
8001543,Rotation Sensor,78500
8002455,Rotation Sensor EC204BS,77900
8002115,Rotation sensor ePS-Baumer EAM300 SM8,155900
1030909,Rotation sensor ePS-EC209,163600
1030910,Rotation sensor ePS-EC214,163600
1030911,Rotation sensor ePS-EC219,163600
1030912,Rotation sensor ePS-EC226,163600
1041392,Rotation sensor ePS-EC233,163600
1030913,Rotation sensor ePS-EC30,163600
1065738,Rotator Arm ELME CC335.7 machining,69600
1065736,Rotator Arm ELME CC336.8 machining,41700
1065735,Rotator Arm ELME Sheet metal,35000
1079523,Rotator frame 02 102484 Agate Grey RAL7038,515400
1079524,Rotator frame 02 102484 OQ Grey RAL7022,515400
1079688,Rotator frame 02 102484 Pure Orange RAL2004,515400
102484,Rotator frame 02 EngconYellow,521600
1011925,Rotator frame 10B Yellow,959900
1079493,Rotator frame 204 1041830-Agate Grey RAL7038,416700
1079499,Rotator frame 204 1041830-OQ Grey RAL7022,416700
1041830,Rotator frame 204 EngconYellow complete,421300
1079194,Rotator frame 204B engconYellow complete with steering,333300
1071291,Rotator frame 206 V2 1039337-Black RAL9005,310200
1074519,Rotator frame 206 V2 1039337-Green RAL6038,310200
1071292,Rotator frame 206 V2 1039337-KubotaOrange RAL2180,310200
1071296,Rotator frame 206 V2 1039337-TrafficBlue RAL5017,310200
1036163,Rotator frame 206 V2 cast strand,102600
1039337,Rotator frame 206 V2 EngconYellow complete,500000
1071295,Rotator frame 206 V2 OQ 1039337-Grey RAL7022,466000
1068382,Rotator frame 206B V2  Engcon Yellow complete,500000
1083813,Rotator frame 206B V2 1068382-TeleGrey 2 RAL7046,234600
1082772,Rotator frame 206B V2 1068382-Yellow Green RAL6018,234600
1071306,Rotator frame 209 V2 1056657-OQ Grey RAL7022,466000
1081199,Rotator frame 209 V2 1056657-Red RAL3020,302500
1084639,Rotator frame 209 V2 1056657-UltramarineBlue RAL5002,278800
1051836,Rotator frame 209 V2 cast strand,136700
1056657,Rotator frame 209 V2 EngconYellow complete,416700
1051837,Rotator frame 209 V2 processed,288600
101277,Rotator frame 20HD Yellow,782400
1044836,Rotator frame 214 V2 Yellow complete,469100
1071315,Rotator frame 214 V3 1062446-BlackGrey RAL7021,859600
1071317,Rotator frame 214 V3 1062446-Candy White B9A,859600
1071318,Rotator frame 214 V3 1062446-CrystalRedMet SAAB505,859600
1071319,Rotator frame 214 V3 1062446-Curacau Blue Metallic sec9961,859600
1071320,Rotator frame 214 V3 1062446-Doosan Orange RAL209DE1-6,787000
1071321,Rotator frame 214 V3 1062446-engconFineSilver,231500
1071322,Rotator frame 214 V3 1062446-Grey White RAL9002,859600
1071324,Rotator frame 214 V3 1062446-Jamaica Blue metallic SEC9938,859600
1071326,Rotator frame 214 V3 1062446-Liebherr Grey RAL7043,859600
1071327,Rotator frame 214 V3 1062446-OQ Grey RAL7022,617300
1071336,Rotator frame 214 V3 1062446-OysterWhite RAL1013,859600
1071329,Rotator frame 214 V3 1062446-PorscheOrange 8C6,231500
1071330,Rotator frame 214 V3 1062446-Pure Orange RAL2004,859600
1071331,Rotator frame 214 V3 1062446-Red RAL3020,859600
1071337,Rotator frame 214 V3 1062446-White RAL9003,859600
1071339,Rotator frame 214 V3 1062446-Yellow Green RAL6018,859600
1062446,Rotator frame 214 V3 EngconYellow complete,540100
1071341,Rotator frame 219 V5 1062295-Black RAL9005,1226800
1076747,Rotator frame 219 V5 1062295-BlackGrey RAL7021,575600
1071342,Rotator frame 219 V5 1062295-Blue RAL5012,575600
1083949,Rotator frame 219 V5 1062295-Chocolate Brown RAL8017,575600
1072579,Rotator frame 219 V5 1062295-Cobalt Blue RAL5013,575600
1071343,Rotator frame 219 V5 1062295-Deep Orange RAL2011,575600
1071344,Rotator frame 219 V5 1062295-Doosan Orange RAL2008,575600
1071345,"Rotator frame 219 V5 1062295-DoosanOrange RAL209DE1,6",575600
1076634,Rotator frame 219 V5 1062295-DustyGrey RAL7037,575600
1071346,Rotator frame 219 V5 1062295-engcon Fine Silver,575600
1071348,Rotator frame 219 V5 1062295-GoldenYellow RAL1004,575600
1084801,Rotator frame 219 V5 1062295-Granite Grey RAL7026,575600
1071349,Rotator frame 219 V5 1062295-LamborghiniGrigioLynx,575600
1071350,Rotator frame 219 V5 1062295-Liebherr Grey RAL7043,575600
1071351,Rotator frame 219 V5 1062295-LightGrey RAL7035,575600
1071352,Rotator frame 219 V5 1062295-OQ Grey RAL7022,575600
1071363,Rotator frame 219 V5 1062295-OysterWhite RAL1013,575600
1071353,Rotator frame 219 V5 1062295-Pastell orange RAL2003,575600
1075424,Rotator frame 219 V5 1062295-PorscheOrange 8C6,575600
1078335,Rotator frame 219 V5 1062295-Pure Orange RAL2004,575600
1083710,Rotator frame 219 V5 1062295-Pure Red RAL3028,575600
1076536,Rotator frame 219 V5 1062295-Red Orange RAL2001,575600
1071354,Rotator frame 219 V5 1062295-ScaniaUrbanGreyMetallic 2389173,575600
1071355,Rotator frame 219 V5 1062295-Signal White RAL9003,575600
1071356,Rotator frame 219 V5 1062295-Silver RAL9006,575600
1071357,Rotator frame 219 V5 1062295-Traffic White RAL9016,575600
1071358,Rotator frame 219 V5 1062295-TrafficBlue RAL5017,575600
1071359,Rotator frame 219 V5 1062295-TrafficOrange RAL2009,575600
1071360,Rotator frame 219 V5 1062295-UltramarineBlue RAL5002,575600
1071361,Rotator frame 219 V5 1062295-Volvo 706 ocean blue,575600
1071362,Rotator frame 219 V5 1062295-Volvo Grey NCS8000,575600
1071364,Rotator frame 219 V5 1062295-White RAL9010,575600
1071365,Rotator frame 219 V5 1062295-Yellow Green RAL6018,575600
1062295,Rotator frame 219 V5 EngconYellow complete,1117300
1071368,Rotator frame 226 V4 1023732-ELME blue NCS S7020 R90 B,765400
1071369,Rotator frame 226 V4 1023732-OQ Grey RAL7022,774700
1080801,Rotator frame 226 V4 1023732-SignalWhite RAL9003,439800
1071370,Rotator frame 226 V4 1023732-UltramarineBlue RAL5002,765400
1071371,Rotator frame 226 V4 1023732-Volvo Grey NCS8000,765400
1023283,Rotator frame 226 V4 cast strand,229900
1023732,Rotator frame 226/326 V4 EngconYellow complete,1506200
1071372,Rotator frame 233 1042814-Black RAL9005,905900
1071373,Rotator frame 233 1042814-OQ Grey RAL7022,905900
1071374,Rotator frame 233 1042814-Silver RAL9006,905900
1084245,Rotator frame 233 1042814-TurquoiseBlue RAL5018,1509300
1071599,Rotator frame 233 1042814-Ultramarine Blue RAL5002,1509300
1043308,Rotator frame 233 cast strand,538600
1042814,Rotator frame 233 EngconYellow complete,1763900
1035753,Rotator frame 30 for valve plate,2108000
1040537,Rotator leg EC219 QS60,65400
1070076,Rotator leg EC226 338,35000
1070075,Rotator leg EC226 CC338,110600
1061412,Rotator leg EC226 QS70,53100
1023682,Rotator leg EC226 S1,63100
E1420,Rotator module-EC206B V2,1842600
E1471,Rotator module-EC206B V2- ZD,1842600
E1411,Rotator module-EC209B V2-QSM,1833300
E1472,Rotator module-EC209B V2-QSM- ZD,1833300
E1400,Rotator module-EC214S-V3-ECHF,2836400
E1398,Rotator module-EC214S-V3-ECHF-DTM,2910500
E1401,Rotator module-EC214US-V3-18 bolt,1655900
E1396,Rotator module-EC219S-V5L-ECHF,3137400
E1395,Rotator module-EC219S-V5L-ECHF-DTM,2782400
E1397,Rotator module-EC219US-V5L,1814800
E1473,Rotator module-EC219US-V5L- ZD,1814800
E1392,Rotator module-EC226S-V4L-ECHF,3350300
E1393,Rotator module-EC226S-V4L-ECHF-DTM,3007700
E1394,Rotator module-EC226US-V4L-24 bolt,3205200
E1474,Rotator module-EC226US-V4L-24 bolt- ZD,3205200
E1320,Rotator module-EC226U-V4L-24 bolt-ELME-NCS S7020 R90 B,3223800
E1391,Rotator module-EC233US,4245400
E1475,Rotator module-EC233US- ZD,4245400
E1504,Rotator module-EC333US,1557100
E1524,Rotator module-EC333US-Signal White RAL9003,1557100
1075467,Rotator upper part  EC226 Volvo EC480,882700
1046691,"Rubber buffer Ø25,5/10 L7,5 Slip ring QSM",700
8003020,Rubber bushing 16mm,1300
8000931,Rubber bushing 38mm,3200
640301,Rubber damper PP350-600/PC3200/PC6000,48800
640302,Rubber damper PP950,262300
6000003,Rubber Steel Clamp Ø10,200
790155,Rubber Steel Clamp Ø12,100
613009,Rubber Steel Clamp Ø14,200
6000009,Rubber Steel Clamp Ø16,200
6000027,Rubber Steel Clamp Ø6,700
6000241,Rubber Steel Clamp Ø8,200
1081227,S30S-Direct connect,365700
1081555,S30S-Direct connect,365700
1081730,S30S-Direct connect,365700
1081833,S30S-Direct connect,365700
1081835,S30S-Direct connect,365700
1081838,S30S-Direct connect,365700
1081916,S30S-Direct connect,365700
1081918,S30S-Direct connect,365700
1081919,S30S-Direct connect,365700
1081923,S30S-Direct connect,365700
1081932,S30S-Direct connect,365700
1082115,S30S-Direct connect,365700
1082314,S30S-Direct connect,365700
1083217,S30S-Direct connect,365700
1083662,S30S-Direct connect,365700
1084398,S30S-Direct connect,365700
1085066,S30S-Direct connect,365700
1085348,S30S-Direct connect,365700
1081297,S40-Direct connect,489200
1081395,S40-Direct connect,489200
1082126,S40-Direct connect,489200
1082172,S40-Direct connect,489200
1082180,S40-Direct connect,489200
1082237,S40-Direct connect,489200
1082499,S40-Direct connect,489200
1082928,S40-Direct connect,489200
1082971,S40-Direct connect,489200
1083154,S40-Direct connect,489200
1083267,S40-Direct connect,489200
1083447,S40-Direct connect,489200
1083448,S40-Direct connect,489200
1083529,S40-Direct connect,489200
1083555,S40-Direct connect,489200
1083651,S40-Direct connect,489200
1083783,S40-Direct connect,489200
1083784,S40-Direct connect,489200
1083825,S40-Direct connect,489200
1083841,S40-Direct connect,489200
1084165,S40-Direct connect,489200
1084196,S40-Direct connect,489200
1084266,S40-Direct connect,489200
1084267,S40-Direct connect,489200
1084797,S40-Direct connect,496900
1081629,S40-Direct connect-H91-DC3,652800
1081633,S40-Direct connect-H91-DC3,652800
1081636,S40-Direct connect-H91-DC3,652800
1082216,S40-Direct connect-H91-DC3,652800
1082330,S40-Direct connect-H91-DC3,652800
1085088,S40-Direct connect-H91-DC3,652800
1081503,S40-Direct connect-H92-DC2,652800
1081504,S40-Direct connect-H92-DC2,652800
1081505,S40-Direct connect-H92-DC2,652800
1081567,S40-Direct connect-H92-DC2,652800
1081782,S40-Direct connect-H92-DC2,652800
1081826,S40-Direct connect-H92-DC2,652800
1081851,S40-Direct connect-H92-DC2,652800
1081925,S40-Direct connect-H92-DC2,652800
1081934,S40-Direct connect-H92-DC2,652800
1081937,S40-Direct connect-H92-DC2,652800
1081949,S40-Direct connect-H92-DC2,652800
1081956,S40-Direct connect-H92-DC2,652800
1082003,S40-Direct connect-H92-DC2,652800
1082036,S40-Direct connect-H92-DC2,652800
1082059,S40-Direct connect-H92-DC2,652800
1082066,S40-Direct connect-H92-DC2,652800
1082202,S40-Direct connect-H92-DC2,652800
1082221,S40-Direct connect-H92-DC2,652800
1082225,S40-Direct connect-H92-DC2,652800
1082229,S40-Direct connect-H92-DC2,652800
1082477,S40-Direct connect-H92-DC2,652800
1082658,S40-Direct connect-H92-DC2,652800
1082800,S40-Direct connect-H92-DC2,652800
1082810,S40-Direct connect-H92-DC2,652800
1082829,S40-Direct connect-H92-DC2,652800
1082967,S40-Direct connect-H92-DC2,652800
1083024,S40-Direct connect-H92-DC2,652800
1083027,S40-Direct connect-H92-DC2,652800
1083113,S40-Direct connect-H92-DC2,652800
1083139,S40-Direct connect-H92-DC2,652800
1083237,S40-Direct connect-H92-DC2,652800
1083239,S40-Direct connect-H92-DC2,652800
1083241,S40-Direct connect-H92-DC2,652800
1083243,S40-Direct connect-H92-DC2,652800
1083244,S40-Direct connect-H92-DC2,652800
1083246,S40-Direct connect-H92-DC2,652800
1083247,S40-Direct connect-H92-DC2,652800
1083288,S40-Direct connect-H92-DC2,652800
1083345,S40-Direct connect-H92-DC2,652800
1083415,S40-Direct connect-H92-DC2,652800
1083458,S40-Direct connect-H92-DC2,652800
1083542,S40-Direct connect-H92-DC2,652800
1083600,S40-Direct connect-H92-DC2,652800
1083740,S40-Direct connect-H92-DC2,652800
1084048,S40-Direct connect-H92-DC2,652800
1084262,S40-Direct connect-H92-DC2,652800
1084586,S40-Direct connect-H92-DC2,652800
1084942,S40-Direct connect-H92-DC2,652800
1085124,S40-Direct connect-H92-DC2,652800
1085218,S40-Direct connect-H92-DC2,652800
1085430,S40-Direct connect-H92-DC2,652800
1082092,S45-Direct connect,697500
1082094,S45-Direct connect,697500
1082095,S45-Direct connect,697500
1079594,S45-Direct connect-DC2,697500
1079603,S45-Direct connect-DC2,697500
1079604,S45-Direct connect-DC2,697500
1079605,S45-Direct connect-DC2,697500
1079607,S45-Direct connect-DC2,697500
1079609,S45-Direct connect-DC2,697500
1079621,S45-Direct connect-DC2,697500
1079624,S45-Direct connect-DC2,697500
1079627,S45-Direct connect-DC2,697500
1079637,S45-Direct connect-DC2,697500
1079647,S45-Direct connect-DC2,697500
1079651,S45-Direct connect-DC2,697500
1079655,S45-Direct connect-DC2,697500
1079657,S45-Direct connect-DC2,697500
1079658,S45-Direct connect-DC2,697500
1080675,S45-Direct connect-DC2,697500
1080699,S45-Direct connect-DC2,697500
1080828,S45-Direct connect-DC2,697500
1080831,S45-Direct connect-DC2,697500
1080833,S45-Direct connect-DC2,697500
1080834,S45-Direct connect-DC2,697500
1080836,S45-Direct connect-DC2,697500
1080839,S45-Direct connect-DC2,697500
1080990,S45-Direct connect-DC2,697500
1081052,S45-Direct connect-DC2,697500
1081116,S45-Direct connect-DC2,697500
1081126,S45-Direct connect-DC2,697500
1081219,S45-Direct connect-DC2,697500
1081346,S45-Direct connect-DC2,697500
1081349,S45-Direct connect-DC2,697500
1081462,S45-Direct connect-DC2,697500
1081479,S45-Direct connect-DC2,697500
1081565,S45-Direct connect-DC2,697500
1081801,S45-Direct connect-DC2,697500
1081850,S45-Direct connect-DC2,697500
1081906,S45-Direct connect-DC2,697500
1081908,S45-Direct connect-DC2,697500
1081940,S45-Direct connect-DC2,697500
1081959,S45-Direct connect-DC2,697500
1081962,S45-Direct connect-DC2,697500
1081966,S45-Direct connect-DC2,697500
1081971,S45-Direct connect-DC2,697500
1082459,S45-Direct connect-DC2,697500
1083258,S45-Direct connect-DC2,697500
1083260,S45-Direct connect-DC2,697500
1084410,S45-Direct connect-DC2,697500
1084510,S45-Direct connect-DC2,697500
1085199,S45-Direct connect-DC2,697500
1085228,S45-Direct connect-DC2,697500
1085274,S45-Direct connect-DC2,697500
1076186,S45-Direct connect-DC3,697500
1079654,S45-Direct connect-DC3,697500
1079656,S45-Direct connect-DC3,697500
1080964,S45-Direct connect-DC3,697500
1081267,S45-Direct connect-DC3,697500
1081660,S45-Direct connect-DC3,697500
1082128,S45-Direct connect-DC3,697500
1082365,S45-Direct connect-DC3,697500
1082461,S45-Direct connect-DC3,697500
1083911,S45-Direct connect-DC3,697500
1083920,S45-Direct connect-DC3,697500
1084166,S45-Direct connect-DC3,697500
1084654,S45-Direct connect-DC3,697500
1084916,S45-Direct connect-DC3,697500
1084917,S45-Direct connect-DC3,697500
1085149,S45-Direct connect-DC3,697500
1082430,S45-Direct connect-ss9,1291700
1082796,S45-Direct connect-ss9,1291700
1083655,S45-Direct connect-ss9,1291700
1083952,S45-Direct connect-ss9,1291700
1084893,S45-Direct connect-ss9,1291700
1081337,S45-Export E3T-narrow-DC2,601900
1081338,S45-Export E3T-wide-DC2,601900
1083429,S45-Export P3T-narrow-DC2,601900
1083433,S45-Export P3T-wide-DC2,601900
1072518,S60-Direct connect-DC2,946000
1072519,S60-Direct connect-DC2,946000
1073293,S60-Direct connect-DC2,946000
1073294,S60-Direct connect-DC2,946000
1073295,S60-Direct connect-DC2,946000
1073296,S60-Direct connect-DC2,946000
1073297,S60-Direct connect-DC2,946000
1073298,S60-Direct connect-DC2,946000
1073299,S60-Direct connect-DC2,946000
1073302,S60-Direct connect-DC2,946000
1073303,S60-Direct connect-DC2,946000
1073370,S60-Direct connect-DC2,946000
1073371,S60-Direct connect-DC2,946000
1073373,S60-Direct connect-DC2,946000
1073374,S60-Direct connect-DC2,946000
1073375,S60-Direct connect-DC2,946000
1073376,S60-Direct connect-DC2,946000
1073583,S60-Direct connect-DC2,946000
1074068,S60-Direct connect-DC2,946000
1074169,S60-Direct connect-DC2,946000
1074744,S60-Direct connect-DC2,946000
1074745,S60-Direct connect-DC2,946000
1074778,S60-Direct connect-DC2,946000
1074801,S60-Direct connect-DC2,946000
1074899,S60-Direct connect-DC2,946000
1075342,S60-Direct connect-DC2,946000
1075370,S60-Direct connect-DC2,946000
1075390,S60-Direct connect-DC2,946000
1075953,S60-Direct connect-DC2,946000
1076027,S60-Direct connect-DC2,946000
1076114,S60-Direct connect-DC2,946000
1076278,S60-Direct connect-DC2,946000
1076282,S60-Direct connect-DC2,946000
1076293,S60-Direct connect-DC2,946000
1076633,S60-Direct connect-DC2,946000
1076642,S60-Direct connect-DC2,946000
1076707,S60-Direct connect-DC2,946000
1076725,S60-Direct connect-DC2,946000
1076732,S60-Direct connect-DC2,946000
1076827,S60-Direct connect-DC2,946000
1076911,S60-Direct connect-DC2,946000
1077109,S60-Direct connect-DC2,946000
1077110,S60-Direct connect-DC2,946000
1077270,S60-Direct connect-DC2,946000
1077295,S60-Direct connect-DC2,946000
1077377,S60-Direct connect-DC2,946000
1077520,S60-Direct connect-DC2,946000
1077618,S60-Direct connect-DC2,946000
1077675,S60-Direct connect-DC2,946000
1078323,S60-Direct connect-DC2,946000
1078435,S60-Direct connect-DC2,946000
1078440,S60-Direct connect-DC2,946000
1078976,S60-Direct connect-DC2,946000
1078988,S60-Direct connect-DC2,946000
1078990,S60-Direct connect-DC2,946000
1079778,S60-Direct connect-DC2,946000
1079785,S60-Direct connect-DC2,946000
1079820,S60-Direct connect-DC2,946000
1080015,S60-Direct connect-DC2,946000
1080079,S60-Direct connect-DC2,946000
1080182,S60-Direct connect-DC2,946000
1080191,S60-Direct connect-DC2,946000
1080246,S60-Direct connect-DC2,946000
1080248,S60-Direct connect-DC2,946000
1080276,S60-Direct connect-DC2,946000
1080316,S60-Direct connect-DC2,946000
1080495,S60-Direct connect-DC2,946000
1080542,S60-Direct connect-DC2,946000
1080716,S60-Direct connect-DC2,946000
1080718,S60-Direct connect-DC2,946000
1080821,S60-Direct connect-DC2,946000
1080822,S60-Direct connect-DC2,946000
1081830,S60-Direct connect-DC2,946000
1082514,S60-Direct connect-DC2,946000
1082799,S60-Direct connect-DC2,946000
1083256,S60-Direct connect-DC2,946000
1083402,S60-Direct connect-DC2,946000
1084515,S60-Direct connect-DC2,946000
1084974,S60-Direct connect-DC2,946000
1085115,S60-Direct connect-DC2,946000
1073791,S60-Direct connect-DC3,946000
1074830,S60-Direct connect-DC3,946000
1074896,S60-Direct connect-DC3,946000
1075312,S60-Direct connect-DC3,946000
1075326,S60-Direct connect-DC3,946000
1075485,S60-Direct connect-DC3,946000
1075982,S60-Direct connect-DC3,946000
1076013,S60-Direct connect-DC3,946000
1076569,S60-Direct connect-DC3,946000
1076882,S60-Direct connect-DC3,946000
1077555,S60-Direct connect-DC3,946000
1080537,S60-Direct connect-DC3,946000
1080543,S60-Direct connect-DC3,946000
1080965,S60-Direct connect-DC3,946000
1081000,S60-Direct connect-DC3,946000
1081545,S60-Direct connect-DC3,946000
1081586,S60-Direct connect-DC3,946000
1081831,S60-Direct connect-DC3,946000
1082187,S60-Direct connect-DC3,946000
1082525,S60-Direct connect-DC3,946000
1082727,S60-Direct connect-DC3,946000
1082744,S60-Direct connect-DC3,946000
1083145,S60-Direct connect-DC3,946000
1083152,S60-Direct connect-DC3,946000
1083578,S60-Direct connect-DC3,946000
1083607,S60-Direct connect-DC3,946000
1083608,S60-Direct connect-DC3,946000
1084086,S60-Direct connect-DC3,946000
1084201,S60-Direct connect-DC3,946000
1084227,S60-Direct connect-DC3,946000
1084769,S60-Direct connect-DC3,870400
1075343,S60-Direct connect-ss10,1572500
1077798,S60-Direct connect-ss10,1572500
1084171,S60-Direct connect-ss10,1572500
1080486,S60-Direct connect-ss9IQ,1572500
1079861,S60-Export E5T-Medium-DC2,791700
1079860,S60-Export E5T-narrow-DC2,791700
1079862,S60-Export E5T-wide-DC2,791700
1083438,S60-Export P5T-Medium-DC2,791700
1083521,S60-Export P5T-narrow-DC2,791700
1083530,S60-Export P5T-wide-DC2,791700
1082104,S60-Export-wide,791700
1074575,S60-upgrade kit-Lifting ear bolted 5T,26100
1072513,S60-upgrade kit-Lifting hook bolted 5T,26100
1072517,S60-upgrade kit-Outside hose connection blocks,74800
1082089,S70-Direct connect,1274700
1077805,S70-Direct connect-DC2,1274700
1078606,S70-Direct connect-DC2,1274700
1078607,S70-Direct connect-DC2,1274700
1078608,S70-Direct connect-DC2,1274700
1078609,S70-Direct connect-DC2,1274700
1078610,S70-Direct connect-DC2,1274700
1078611,S70-Direct connect-DC2,1274700
1078612,S70-Direct connect-DC2,1274700
1078613,S70-Direct connect-DC2,1274700
1078615,S70-Direct connect-DC2,1274700
1078616,S70-Direct connect-DC2,1274700
1078617,S70-Direct connect-DC2,1274700
1078618,S70-Direct connect-DC2,1274700
1078619,S70-Direct connect-DC2,1274700
1078620,S70-Direct connect-DC2,1274700
1080160,S70-Direct connect-DC2,1274700
1080176,S70-Direct connect-DC2,1274700
1080397,S70-Direct connect-DC2,1274700
1080445,S70-Direct connect-DC2,1274700
1080458,S70-Direct connect-DC2,1274700
1080549,S70-Direct connect-DC2,1274700
1080749,S70-Direct connect-DC2,1274700
1080867,S70-Direct connect-DC2,1274700
1081004,S70-Direct connect-DC2,1274700
1081090,S70-Direct connect-DC2,1274700
1081220,S70-Direct connect-DC2,1274700
1081265,S70-Direct connect-DC2,1274700
1081475,S70-Direct connect-DC2,1274700
1081498,S70-Direct connect-DC2,1274700
1081653,S70-Direct connect-DC2,1274700
1082007,S70-Direct connect-DC2,1274700
1082032,S70-Direct connect-DC2,1274700
1082035,S70-Direct connect-DC2,1274700
1082038,S70-Direct connect-DC2,1274700
1082051,S70-Direct connect-DC2,1274700
1082053,S70-Direct connect-DC2,1274700
1082123,S70-Direct connect-DC2,1274700
1082135,S70-Direct connect-DC2,1274700
1082614,S70-Direct connect-DC2,1274700
1082831,S70-Direct connect-DC2,1274700
1082925,S70-Direct connect-DC2,1274700
1083249,S70-Direct connect-DC2,1274700
1083250,S70-Direct connect-DC2,1274700
1083252,S70-Direct connect-DC2,1274700
1083254,S70-Direct connect-DC2,1274700
1083324,S70-Direct connect-DC2,1274700
1084288,S70-Direct connect-DC2,1274700
1084517,S70-Direct connect-DC2,1274700
1084551,S70-Direct connect-DC2,1274700
1084645,S70-Direct connect-DC2,1274700
1084658,S70-Direct connect-DC2,1274700
1084960,S70-Direct connect-DC2,1274700
1085306,S70-Direct connect-DC2,1274700
1085308,S70-Direct connect-DC2,1274700
1085320,S70-Direct connect-DC2,1274700
1085449,S70-Direct connect-DC2,1274700
1074104,S70-Direct connect-DC3,1274700
1079908,S70-Direct connect-DC3,1274700
1079973,S70-Direct connect-DC3,1274700
1080219,S70-Direct connect-DC3,1274700
1080220,S70-Direct connect-DC3,1274700
1080750,S70-Direct connect-DC3,1274700
1080774,S70-Direct connect-DC3,1274700
1080871,S70-Direct connect-DC3,1274700
1080969,S70-Direct connect-DC3,1274700
1081258,S70-Direct connect-DC3,1274700
1081944,S70-Direct connect-DC3,1274700
1082052,S70-Direct connect-DC3,1274700
1082054,S70-Direct connect-DC3,1274700
1082096,S70-Direct connect-DC3,1274700
1082099,S70-Direct connect-DC3,1274700
1082309,S70-Direct connect-DC3,1274700
1082347,S70-Direct connect-DC3,1274700
1082518,S70-Direct connect-DC3,1274700
1082803,S70-Direct connect-DC3,1274700
1083276,S70-Direct connect-DC3,1274700
1083923,S70-Direct connect-DC3,1274700
1084158,S70-Direct connect-DC3,1274700
1084275,S70-Direct connect-DC3,1274700
1084681,S70-Direct connect-DC3,1274700
1084700,S70-Direct connect-DC3,1274700
1084874,S70-Direct connect-DC3,1274700
1084950,S70-Direct connect-DC3,1274700
1083155,S70-Direct connect-ss10,1950600
1080933,S70-Export E8T-medium-DC2,1114200
1080932,S70-Export E8T-narrow-DC2,1114200
1080934,S70-Export E8T-wide-DC2,1114200
1083539,S70-Export P8T-medium-DC2,1114200
1083543,S70-Export P8T-narrow-DC2,1114200
1083547,S70-Export P8T-wide-DC2,1114200
1084163,S80-Direct connect-H93-DC3,1509300
1084616,S80-Direct connect-H93-DC3,1509300
1084880,S80-Direct connect-H93-DC3,1509300
1084906,S80-Direct connect-H93-DC3,1509300
1085187,S80-Direct connect-H93-DC3,1509300
1085297,S80-Direct connect-H93-DC3,1509300
1083310,S80-Direct connect-H94-DC2,1509300
1084384,S80-Direct connect-H94-DC2,1509300
1084520,S80-Direct connect-H94-DC2,1509300
1084630,S80-Direct connect-H94-DC2,1509300
1084908,S80-Direct connect-H94-DC2,1509300
7001794,Safety Block with Pressure switch without Coil - DC2,90900
841124,Safety Block with Pressure switch without Coil - DC2,185200
1011786,Safety Hook red ECpup 60/65,196000
1013786,Safety Hook red ECpup 70/80,245400
1056827,Safety Hook red ECpup45/50 V2,119800
1059971,Safety Hook red ecPUPD55/60 EC209,163600
7000189,Safety valve NG4 24V,843
6000044,"Screw - Mounting screw self-tapping 4,2x14",100
6000021,Screw 14x60 8.8 FZB ISO4762,400
405201,Screw bushing EC02,33300
1027319,Screw bushing EC204,23600
1075889,Screw bushing EC204B,37000
611305,Screw cover M10,100
1021468,"Screw cover M10 - clamping half EC206,209,214",100
611301,Screw cover M12,100
1018621,Screw cover M12 - clamping half EC219/EC226,100
611304,Screw cover M14,100
1042224,Screw cover M14 - clamping half,100
611302,Screw cover M16,100
1004801,Screw cover M16 - cast yoke & tilt axle,100
611303,Screw cover M20,100
1042225,Screw cover M20 - tilt axle,100
611306,Screw cover M8,100
611812,Screw K6S 10x20H 10.9 FZB ISO7380,200
611811,Screw K6S 10x25H 10.9 untreated ISO7380,100
6000193,Screw K6S 10x30H 10.9 FZB ISO7380,200
6000368,Screw K6S 4x16 10.9 FZB ISO7380,100
6000408,Screw K6S 5x10 10.9 FZB ISO7380,200
611817,Screw K6S 5x10H 10.9 untreated ISO7380,100
611818,Screw K6S 5x16H 10.9 FZB ISO7380,100
6000231,Screw K6S 5x35 10.9 untreated ISO7380,100
6000388,Screw K6S 5x6 10.9 FZB ISO 7380,100
611801,Screw K6S 5x8H 10.9 FZB ISO7380,100
6000242,Screw K6S 6x14 10.9 FZB ISO7380,100
6000339,Screw K6S 6x20 10.9 FZB ISO 7380,100
611810,Screw K6S 8x16H 10.9 FZB ISO7380,400
611814,Screw K6S 8x25 10.9 untreated ISO 7380,300
611901,Screw K6SF 8x20 10.9 untreated,200
610194,Screw M6S 10x14 8.8 ISO4017,100
610141,Screw M6S 10x20 8.8 FZB ISO4017,100
610142,Screw M6S 10x25 8.8 FZB ISO4017,100
610143,Screw M6S 10x30 8.8 FZB ISO4017,100
610144,Screw M6S 10x35 8.8 FZB ISO4017,100
610145,Screw M6S 10x40 8.8,300
610163,Screw M6S 12x20 8.8 FZB ISO4017,100
6000209,Screw M6S 12x280 8.8 FZB,2200
610164,Screw M6S 12x30 8.8 FZB ISO4017,100
610181,Screw M6S 12x300 8.8 DIN931,2000
610476,Screw M6S 12x40 8.8 FZB,200
611544,Screw M6S 12x45 A4-80,900
610168,Screw M6S 12x50 10.9 untreated,900
6000265,Screw M6S 12x50 8.8 FZB ISO4017,800
610170,Screw M6S 12x60 8.8 FZB ISO4017,200
610172,Screw M6S 12x70 8.8 FZB ISO4014,400
610105,Screw M6S 14x40,400
6000284,Screw M6S 14x40 10.9 ISO4017,200
6000227,Screw M6S 14x60 8.8 FZB,300
610210,Screw M6S 16x30H 8.8 FZB ISO4017,400
610211,Screw M6S 16x40 8.8 FZB,400
610208,Screw M6S 16x55 8.8,400
610273,Screw M6S 16x55H 10.9 untreated ISO4017,400
610214,Screw M6S 16x60 8.8 FZB,400
6000254,Screw M6S 16x65 8.8 FZB DIN 931,400
6000007,Screw M6S 16x70 8.8 FZB ISO4014,400
6000008,Screw M6S 16x75 8.8 FZB ISO4014,400
610215,Screw M6S 16x80 8.8 FZB,400
610104,Screw M6S 16x80 8.8 FZB ISO4014,400
6000054,Screw M6S 20x25 FZB 8.8 ISO4017,600
610232,Screw M6S 20x70 8.8,500
6000273,Screw M6S 20x80 12.9,1700
610260,Screw M6S 24x70 8.8 geomet,2000
610108,Screw M6S 6x12 8.8 FZB ISO4017,100
610109,Screw M6S 6x16 10.9 FZB,100
610110,Screw M6S 6x20H 8.8 FZB ISO4017,100
610111,Screw M6S 6x25 10.9 untreated,200
611540,Screw M6S 6x25 A4-80,100
610116,Screw M6S 6x40 8.8 FZB ISO4014,100
610289,Screw M6s 6x50 8.8 FZB,200
6000249,Screw M6S 8x100 8.8 ISO4014,100
610188,Screw M6S 8x14 8.8 FZB ISO4017,100
610122,Screw M6S 8x16 8.8 FZB ISO4017,100
610123,Screw M6S 8x20 8.8 FZB ISO4017,100
611530,Screw M6S 8x20 A4-80 ISO4017,200
610124,Screw M6S 8x25 8.8 FZB ISO4017,100
611538,Screw M6S 8x30 8.8 FZB ISO4017,100
610126,Screw M6S 8x35 8.8 FZB ISO4017,100
611537,Screw M6S 8x35 A4 Acid proof,400
610128,Screw M6S 8x45 8.8 FZB ISO4014,100
610129,Screw M6S 8x50 8.8 FZB ISO4014,100
610134,Screw M6S 8x90,400
6000131,Screw M6SF 10x20H 8.8 FZB DIN6921 Ribbed flange,100
6000120,Screw M6SF 8x12H 8.8 FZB(A2K) DIN6921 Ribbed flange,100
6000347,Screw M6SF 8X25 8.8 FZB DIN6921 (flange),100
610466,Screw MC6S 10x100 12.9 untreated ISO4762,2100
6000452,Screw MC6S 10x100 12.9 ZFSHL ISO4762,300
6000269,Screw MC6S 10x105 8.8 FZB ISO4762,400
6000025,Screw MC6S 10x120 12.9 ISO4762,2200
6000050,Screw MC6S 10x130 12.9 ISO4762,2200
610451,Screw MC6S 10x20 12.9 untreated ISO4762,100
6000409,Screw MC6S 10x20 12.9 ZFSHL ISO4762,200
6000195,Screw MC6S 10x25 12.9 ZFSHL ISO4762,200
612018,Screw MC6S 10x30 12.9 ZFSHL ISO4762,300
610494,Screw MC6S 10x35 12.9 untreated ISO4762,100
612019,Screw MC6S 10x35 12.9 ZFSHL ISO4762,300
610453,Screw MC6S 10x40 12.9 untreated ISO4762,400
612020,Screw MC6S 10x40 12.9 ZFSHL ISO4762,300
610589,Screw MC6S 10x45 12.9 untreated ISO4762,400
612021,Screw MC6S 10x45 12.9 ZFSHL ISO4762,300
611515,Screw MC6S 10x50 12.9 ZFSHL ISO4762,600
612022,Screw MC6S 10x55 12.9 ZFSHL ISO4762,400
610460,Screw MC6S 10x60 12.9 untreated ISO4762,400
611503,Screw MC6S 10x60 12.9 ZFSHL ISO4762,500
612023,Screw MC6S 10x65 12.9 ZFSHL ISO4762,500
610461,Screw MC6S 10x70 12.9 untreated ISO4762,400
6000110,Screw MC6S 10x70 12.9 ZFSHL ISO4762,500
6000111,Screw MC6S 10x75 12.9 ZFSHL ISO4762,400
610463,Screw MC6S 10x80 12.9 untreated ISO4762,400
6000394,Screw MC6S 10x80 12.9 ZFSHL ISO4762,200
6000153,Screw MC6S 10x90 12.9 ZFSHL ISO4762,300
611514,Screw MC6S 12x100 12.9 ZFSHL ISO4762,800
610490,Screw MC6S 12x120 12.9 untreated ISO4762,900
6000307,Screw MC6S 12x120 12.9 ZFSHL ISO4762,600
6000309,Screw MC6S 12x140 12.9 ZFSHL ISO4762,700
610495,Screw MC6S 12x160 12.9 Geomet,800
610470,Screw MC6S 12x16H 12.9 ZFSHL ISO4762,1400
610472,Screw MC6S 12x20 12.9 untreated ISO4762,400
6000356,Screw MC6S 12x20H 12.9 ZFSHL ISO4762,300
6000164,Screw MC6S 12x25H 12.9 ZFSHL ISO4762,200
6000142,Screw MC6S 12x30 12.9 ZFSHL ISO4762,300
6000150,Screw MC6S 12x35 12.9 ZFSHL ISO4762,200
6000141,Screw MC6S 12x40H 12.9 ZFSHL ISO4762,200
610478,Screw MC6S 12x50 12.9 untreated ISO4762,400
6000443,Screw MC6S 12x50 12.9 ZFSHL,200
6000155,Screw MC6S 12x55 12.9 ZFSHL ISO4762,300
6000140,Screw MC6S 12x60 12.9 ZFSHL ISO4762,400
611517,Screw MC6S 12x70 12.9 ZFSHL ISO4762,600
6000148,Screw MC6S 12x80 12.9 ZFSHL ISO4762,300
6000243,Screw MC6S 12x85 12.9 ZFSHL ISO4762,400
6000147,Screw MC6S 12x90 12.9 ZFSHL ISO4762,400
610511,Screw MC6S 14x100 12.9 untreated ISO4762,2000
610512,Screw MC6S 14x110 12.9 untreated ISO4762,2400
610513,Screw MC6S 14x120 12.9 untreated ISO4762,2400
6000197,Screw MC6S 14x30 12.9 ZFSHL ISO4762,400
610502,Screw MC6S 14x35 12.9 untreated ISO4762,1200
6000200,Screw MC6S 14x40 12.9 ZFSHL ISO4762,500
6000160,Screw MC6S 14x60 12.9 ZFSHL ISO4762,500
610506,Screw MC6S 14x65 12.9 untreated ISO4762,600
6000172,Screw MC6S 14x70 12.9 Untreated ISO4762,1500
6000163,Screw MC6S 14x75 12.9 ZFSHL ISO4762,1400
6000354,Screw MC6S 14x80 12.9 ZFSHL ISO4762,900
610510,Screw MC6S 14x90 12.9 untreated ISO4762,1100
6000158,Screw MC6S 14x90 12.9 ZFSHL ISO4762,2000
6000156,Screw MC6S 16x100 12.9 ZFSHL ISO4762,1600
6000253,Screw MC6S 16x110 12.9 ZFSHL ISO4762,900
6000162,Screw MC6S 16x120 12.9 ZFSHL ISO4762,1000
6000154,Screw MC6S 16x130 12.9 ZFSHL ISO4762,2000
6000152,Screw MC6S 16x140 12.9 ZFSHL ISO4762,1800
610537,Screw MC6S 16x150 12.9 untreated ISO4762,2400
6000166,Screw MC6S 16x160 12.9 ZFSHL ISO4762,1400
6000201,Screw MC6S 16x30 12.9 ZFSHL ISO4762,500
6000410,Screw MC6S 16x35 12.9 ZFSHL ISO4762,500
610519,Screw MC6S 16x40 12.9 untreated ISO4762,400
6000350,Screw MC6S 16x50 10.9 FZB,1300
610316,Screw MC6s 16x50 12.9 untreated ISO4762,900
6000173,Screw MC6S 16x55 12.9 ISO4762,900
6000328,Screw MC6S 16x55 12.9 ZFSHL,500
6000203,Screw MC6S 16x60 8.8 FZB,1800
6000170,Screw MC6S 16x65 12.9 ZFSHL,1000
610526,Screw MC6S 16x70 12.9 untreated ISO4762,3
6000144,Screw MC6S 16x70 12.9 ZFSHL ISO4762,600
610527,Screw MC6S 16x75 12.9 untreated ISO4762,1200
610528,Screw MC6S 16x80 12.9 untreated ISO4762,1200
611506,Screw MC6S 16x90 12.9 Geomet ISO4762,2400
6000151,Screw MC6S 16x90 12.9 ZFSHL ISO4762,1400
6000325,Screw MC6S 2.5x8 8.8 FZB ISO4762,100
6000161,Screw MC6S 20x100 12.9 ZFSHL ISO4762,1400
6000159,Screw MC6S 20x110 12.9 ZFSHL ISO4762,1400
610558,Screw MC6S 20x120 12.9 untreated ISO4762,2800
611596,Screw MC6S 20x120 Dacromet,1100
610560,Screw MC6S 20x130 12.9 untreated ISO4762,2800
6000327,Screw MC6S 20x130 12.9 ZFSHL ISO4762,1400
610561,Screw MC6S 20x140 12.9 untreated ISO4762,3100
610562,Screw MC6S 20x150 12.9 untreated ISO4762,1000
610563,Screw MC6S 20x160 12.9 untreated ISO4762,5400
6000101,Screw MC6S 20x170 12.9 untreated ISO4762,1700
610321,Screw MC6S 20x240 12.9 untreated ISO4762,2500
6000283,Screw MC6S 20x70 12.9 ISO4762,11100
6000167,Screw MC6S 20x80 12.9 ZFSHL ISO4762,1200
610556,Screw MC6S 20x90 12.9 untreated ISO4762,2400
610523,Screw MC6S 4x10 8.8 FZB ISO4762,100
610420,Screw MC6S 4x14 8.8 FZB ISO4762,100
610594,Screw MC6S 5x10 12.9 untreated ISO4762,100
6000312,Screw MC6S 5x10 8.8 FZB ISO4762,100
6000049,Screw MC6S 5x100 12.9 untreated ISO4762,400
6000077,Screw MC6S 5x12 12.9 untreated ISO4762,100
610401,Screw MC6S 5x16 12.9 untreated ISO4762,100
6000437,Screw MC6S 5x16 8.8 FZB ISO4762,2300
610400,Screw MC6S 5x20 12.9 untreated ISO4762,100
610402,Screw MC6S 5x25 12.9 untreated ISO4762,200
610403,Screw MC6S 5x30 12.9 untreated ISO4762,100
610417,Screw MC6S 5x33 12.9 untreated ISO4762,1400
610404,Screw MC6S 5x35 12.9 untreated ISO4762,100
610405,Screw MC6S 5x40 12.9 untreated ISO4762,100
610406,Screw MC6S 5x45 12.9 untreated ISO4762,100
610416,Screw MC6S 5x48 12.9 untreated ISO4762,700
610407,Screw MC6S 5x50 12.9 untreated ISO4762,100
610419,Screw MC6S 5x55 12.9 untreated ISO4762,300
610409,Screw MC6S 5x60 12.9 untreated ISO4762,400
6104101,Screw MC6S 5x65 12.9 untreated ISO4762,400
610411,Screw MC6S 5x70 12.9 untreated ISO4762,400
610499,Screw MC6S 5x75 12.9 untreated ISO4762,200
6000453,Screw MC6S 5x8 8.8 FZB ISO4762,100
610410,Screw MC6S 5x80 12.9 untreated ISO4762,400
610497,Screw MC6S 5x90 12.9 untreated ISO4762,200
611512,Screw MC6S 6x10 12.9 ZFSHL ISO4762,100
610412,Screw MC6S 6x12 12.9 untreated ISO4762,100
6000352,Screw MC6S 6x12H 12.9 ZFSHL ISO4762,100
610413,Screw MC6S 6x16 12.9 untreated ISO4762,100
6000017,Screw MC6S 6x16 12.9 ZFSHL ISO4762,100
6000465,Screw MC6S 6x16 8.8 FZB ISO4762,100
610414,Screw MC6S 6x20 12.9 untreated ISO4762,100
610310,Screw MC6S 6x20 8.8 FZB ISO4762,100
611513,Screw MC6S 6x20 A4 stainless ISO4762,100
6000083,Screw MC6S 6x25 12.9 untreated ISO4762,100
6000034,Screw MC6S 6x25 8.8 FZB ISO4762,100
610591,Screw MC6S 6x35 12.9 untreated ISO4762,100
6000133,Screw MC6S 6x38 12.9 untreated ISO4762,1600
610418,Screw MC6S 6x40 12.9 untreated ISO4762,100
610421,Screw MC6S 6x55 12.9 untreated ISO4762,400
6000090,Screw MC6S 6x6 12.9 ISO4762,100
610312,Screw MC6S 6x60 12.9 untreated ISO4762,300
610496,Screw MC6S 6x70 12.9 untreated ISO4762,200
610313,Screw MC6S 6x80 12.9 untreated ISO4762,200
610447,Screw MC6S 8x100 12.9 untreated ISO4762,600
6000139,Screw MC6S 8x120 12.9 ZFSHL ISO4762,700
610431,Screw MC6S 8x16H 12.9 untreated ISO4762,100
610432,Screw MC6S 8x16H 12.9 ZFSHL ISO4762,200
6000467,Screw MC6S 8x18H 12.9 ZFSHL ISO4762,200
6000184,Screw MC6S 8x20 FZB 8.8 ISO4762,100
6000157,Screw MC6S 8x20H 12.9 ZFSHL ISO4762,200
6000143,Screw MC6S 8x25 12.9 ZFSHL ISO4762,100
611519,Screw MC6S 8x30 12.9 ZFSHL ISO4762,100
610314,Screw MC6S 8x35 12.9 untreated ISO4762,100
611501,Screw MC6S 8x40 12.9 Geomet ISO4762,400
6000145,Screw MC6S 8x40 12.9 ZFSHL ISO4762,300
6000399,Screw MC6S 8x45 12.9 Geomet ISO4762,200
610438,Screw MC6S 8x45 12.9 untreated ISO4762,100
611597,Screw MC6S 8x50H 12.9 Geomet ISO4762,1500
610439,Screw MC6S 8x50H 12.9 ISO4762,200
610588,Screw MC6S 8x55 12.9 untreated ISO4762,100
8000990,Screw MC6S 8x55 8.8 FZB ISO4762,100
610441,Screw MC6S 8x60 12.9 untreated ISO4762,400
6000417,Screw MC6S 8x60 12.9 ZFSHL ISO4762,800
6000398,Screw MC6S 8x65 12.9 ZFSHL ISO4762,200
6000286,Screw MC6S 8x70 12.9 ZFSHL ISO4762,200
6000285,Screw MC6S 8x80 12.9 ZFSHL ISO4762,200
6000308,Screw MC6S 8x90 12.9 ZFSHL ISO4762,300
610446,Screw MC6S 8x95 12.9 untreated ISO4762,1200
610633,Screw MF6S 10x20 10.9 untreated ISO10642,200
610635,Screw MF6S 10x30 10.9 untreated ISO10642,400
610610,Screw MF6S 10x50 10.9 untreated ISO10642,400
611553,Screw MF6S 12x25 A4-80,1200
610668,Screw MF6S 12x30 10.9 FZB ISO10642,500
610670,Screw MF6S 12x40 10.9 FZB ISO10642,400
6000445,Screw MF6S 3x8 A4,100
610605,Screw MF6S 4x10 10.9 untreated ISO10642,100
6000414,Screw MF6S 4x16 10.9 FZB ISO10642,100
610602,Screw MF6S 5x10H 10.9 FZB ISO10642,100
6000386,Screw MF6S 5x12 8.8 FZB ISO10642,100
6000371,Screw MF6S 5x16 10.9 FZB ISO10642,100
6000404,Screw MF6S 5x25 8.8 FZB ISO10642,2300
6000383,Screw MF6S 5x30 10.9 FZB ISO10642,100
6000310,Screw MF6S 5x50 FZB,100
6000466,Screw MF6S 6x10 8.8 FZB ISO10642,100
6000089,Screw MF6S 6x12 10.9 FZB ISO10642,100
610604,Screw MF6S 6x16 10.9 untreated ISO10642,100
6000113,Screw MF6S 6x20 10.9 FZB ISO10642,100
611554,Screw MF6S 6x20 8.8 A4 ISO10642,100
610607,Screw MF6S 8x16 10.9 untreated ISO10642,100
6000256,Screw MF6S 8x20 10.9 FZB ISO10642,100
610634,Screw MF6S 8x20 10.9 untreated ISO10642,100
610608,Screw MF6S 8x25 10.9 FZB ISO10642,100
610609,Screw MF6S 8x30 10.9 untreated ISO10642,100
610611,Screw MF6S 8x35 10.9 untreated ISO10642,100
6000005,Screw MFT 3x8TX A4 FZB ISO14581,200
6000406,Screw MFT 6x16TX30 8.8 FZB ISO14581,100
6000121,Screw MKFT M4x12 A4 DIN 966,100
6000326,Screw MLC6S 10x16 10.9 FZB,100
610714,Screw MLC6S 10x20H 8.8 FZB DIN7984,400
6000323,Screw MLC6S 10x25 8.8 FZB,200
610712,Screw MLC6S 10x30H 10.9 untreated DIN7984,400
610717,Screw MLC6S 16x25 10.9 DIN7984 untreated,2600
610719,Screw MLC6S 16x50 10.9 DIN7984 untreated,2400
610721,Screw MLC6S 16x60 10.9 DIN7984 untreated,1200
610720,Screw MLC6S 16x70 10.9 DIN7984 untreated,2500
6000220,Screw MLC6S 8x16 10.9 FZB DIN7984,100
610710,Screw MLC6S 8x16H 10.9 untreated ISO7984,200
610711,Screw MLC6S 8x20H 8.8 FZB(A2K) DIN7984 NV5,100
6000103,Screw MLC6S 8x25 10.9 DIN7984,100
6000378,Screw MLC6S 8x30 10.9 DIN7984,100
6000116,Screw MRT 4x10 A2,100
6000319,Screw MRX 3x10 4.8 FZB ISO 7045,100
6000303,Screw MRX 3x16 4.8 FZB ISO 7045,100
610805,Screw MS6SS 5x14 untreated ISO4027,100
610808,Screw MS6SS 8x16 ISO4027,100
6000176,Screw MVBF 8x25,100
6000177,Screw MVBF 8x30 4.8 FZB DIN603,200
6000287,Screw S6SS 8x10 untreated ISO 4027,100
6000012,Screw S6SS 8x25 NV4 DIN914 ISO4027,200
6000190,Screw SK6SS 8x20 45H DIN 916 Untreated,100
7000585,"Screw sleeve HT-hose Ø8,6mm",1400
6000372,Screw TX20 4x14 ISO 14583 stainless,100
1078839,Screw TX30 6x16 10.9 FZB ISO 7380,100
612202,Screw TX30 6x20 10.9 FZB ISO 7380,200
6000344,Screw TX45 8x20 FZB 10.9,100
1078840,Screw TX45 8x25 10.9 FZB,100
612201,Screw TX45 8x30 10.9 FZB ISO7380,200
6000119,Screw TX50 10x30 A2K 10.9 FZB DIN34805-1,600
611202,"Screw UC6S 3/8""x19H untreated",400
1047243,Screw Valve Distance 5x39,1400
1034402,Screw Valve Distance NG6 5x30.5,2500
1054687,Screw Valve Distance NG6 5x35,800
6000064,Screw-Set Screw M8x8,100
611410,Screw-Set Screw P6SS 10x12 ISO4026,100
610814,Screw-Set Screw P6SS 12x20,100
610813,Screw-Set Screw P6SS 4x12,100
610816,Screw-Set Screw P6SS 5x4 A2 ISO4026,100
6000311,Screw-Set Screw P6SS M4x5 DIN913 ISO4026 untreated,100
611701,Screw-Shoulder screw Ø10x16/M8 12.9 ISO7379,1600
611702,Screw-Shoulder screw Ø10x20/M8 136501,2000
611703,Screw-Shoulder screw Ø10x25/M8 12.9 ISO7379,1700
6000085,Screw-Shoulder screw Ø10x40/M8 12.9 ISO7379,1200
6000124,Screw-Shoulder screw Ø10x50/M8 12.9 ISO7379,1700
611708,Screw-Shoulder screw Ø12x16/M10 12.9 ISO7379,1700
6000391,Screw-Shoulder screw Ø12x40/M10 12.9 ISO7379,700
611709,Screw-Shoulder screw Ø16x25/M12 12.9 ISO7379,3100
6000289,Screw-Shoulder screw Ø16x50/M12 12.9 ISO7379,2900
6000290,Screw-Shoulder screw Ø16x70/M12 12.9 ISO7379,2900
611710,Screw-Shoulder screw Ø20x30/M16 12.9 ISO7379,8500
611707,Screw-Shoulder screw Ø20x40/M16,5400
611704,Screw-Shoulder screw Ø6x16/M5 12.9 ISO7379,1200
611705,Screw-Shoulder screw Ø6x25/M5 136465,400
6000367,Screw-Shoulder screw Ø8x20/M6 12.9 ISO7379,600
6000264,Screw-Shoulder screw Ø8x40/M6 12.9 ISO7379,500
7000015,Seal axle - 28x40x6 BABSL NBR,3200
710932,"Seal axle - 60x80x07, BABSL",5400
710931,"Seal axle - 70x90x7, BABSL",3200
710933,Seal axle - vibromotor,29200
8000379,Seal EconoSeal Black,200
7002055,Seal kit Ø50x25 - Tilt cylinder - EC02B,25000
750222,Seal kit-100/50,22100
750250,Seal kit-100/60-SK20,52500
7000566,Seal kit-100/60-TG42,40100
750251,Seal kit-125/70-SK30,21900
1008669,Seal kit-25/12-Locking cylinder-S30,9700
750220,Seal kit-32/16,10300
750266,Seal kit-32/16-Locking cylinder-S40-EC05B,6800
750272,Seal kit-35/45/65 (1007727),34400
7001845,Seal kit-40/25-Lock cylinder CW10EC,26100
750246,Seal kit-50/25-for 400651k,23600
1071627,Seal kit-50/30,36600
750239,Seal kit-50/32-Grab cylinder 10/Locking cylinder 20,5100
7000088,Seal kit-55/35-tilt cylinder EC214W,7400
750274,Seal kit-60/42-Locking cylinder-S70/S80-spring,33500
750223,Seal kit-63/32-tilt cylinder,13100
750273,Seal kit-63/32-tilt cylinder EC206/209/214,34600
750248,Seal kit-63/32-tilt cylinder-SK05-EC05B/10/15-cast yoke,13600
750238,Seal kit-63/40-grab cylinder 20,13000
750277,"Seal kit-63/40-Locking cylinder-ECO45,ECO60",32600
7000044,Seal kit-63/40-tilt cylinder-EC219W/EC226W,30700
750270,Seal kit-70/32-GR20RR-HDP,19900
750271,Seal kit-70/40-HDP-grab cylinder Rail GR20RR,38700
750267,Seal kit-70/40-tilt cylinder-EC20,31300
750249,Seal kit-80/40-SK10/SK15,14000
750224,Seal kit-80/40-tilt cylinder,13100
750264,Seal kit-80/40-tilt cylinder-EC26/EC20-cast yoke,14700
750269,Seal kit-80/45-tilt cylinder E.L EC219/EC226,32100
750255,Seal kit-80/50-SK10/SK15,41700
7000565,Seal kit-80/50-TG28,27800
750245,"Seal kit-90/45-tilt cylinder-EC30,EC233",27900
7001848,Seal kit-90/70/40-HDP-grab cylinder Rail GR20R2,34100
750247,Seal kit-Casappa,85600
750278,Seal kit-Casappa PP3200,43400
7000507,Seal kit-Central lubrication for ECO block,5600
750253,Seal kit-Check valve grab cylinder 10 & 20,8000
7000046,"Seal kit-Coupling 1/2"" ECO60",4300
7000047,"Seal kit-Coupling 3/4"" ECO70",5100
7000045,"Seal kit-Coupling 3/8"" ECO45/50",3500
1042990,Seal kit-CW30,23100
750709,Seal kit-E:L 50/35-Locking cylinder QS45/50/HYDS,36400
750708,Seal kit-E:L 55/35-Locking cylinder QS60,42400
750710,Seal kit-E:L 75/55-Locking cylinder QS70,35300
7000174,Seal kit-E:L 80/50-Locking cylinder QS70,38000
7002063,Seal kit-E:L 80/50-Locking cylinder QS70 Forged,28900
7000168,Seal kit-E:L 90/50-Locking cylinder QS80,37800
750252,Seal kit-E:L-Locking cylinder PUP60A-PUP80B,46800
7001868,"Seal kit-E:L-Locking cylinder S40S/QS40/QSM40 Ø40x25-87,5",26100
7001856,Seal kit-grab cylinder GRD40,26100
7002139,Seal kit-grab cylinder GRD45B,24200
1059586,Seal kit-grab cylinder GRD60/GRD70,34300
750233,Seal kit-hydraulic motor CharLynn 50cc,70700
750230,Seal kit-hydraulic motor CharLynn H+,41200
750236,"Seal kit-hydraulic motor Danfoss, all models",41200
7001384,Seal kit-hydraulic motor M+S HR Ø25 axle,46000
1005898,Seal kit-hydraulic motor White 160/200cc,42100
1056404,Seal kit-Locking cylinder QS60 (1045379),36000
7001397,Seal kit-Logic valve 7000636 LCEF10-N-A-S-0-160,11900
7001673,Seal kit-Motor PC6000 Casappa,85500
7001808,Seal kit-Motor PC6000/9500 Danfoss/Tyrolla GR3,24800
7002018,Seal kit-Motor PC6000/PC9500 (iron casted motor),38300
7002019,Seal kit-Motor PP3200/PC3200 (iron casted motor),40600
7001396,Seal kit-Ø50/30-cylinder-GHH1200/1500,48000
7000898,Seal kit-Overcenter EC204,16700
750237,Seal kit-Parker Ross MF 761,36400
712404,Seal kit-Pilotvalve HFX-(730289),26700
750701,Seal kit-Pilotvalve/ valve block HFX,10500
750244,Seal kit-PP350/600 Bosch,51100
7000309,Seal kit-pressure reducer (841125),6900
7000658,Seal kit-pressure reducer EC209 (730288),1600
841210,Seal kit-pressure reducer-DC2 (841126 etc),9300
750201,"Seal kit-SIDE,EL 40/20",12800
7001645,Seal kit-SK614 (730287),13000
750275,Seal kit-SO5A (730269),11900
7000360,Seal kit-SO5A (730277),9700
750702,Seal kit-Swivel cylinder / valve block HFX,28100
750703,Seal kit-Swivel guide / connection block HFX,9700
7001609,Seal kit-Swivel QSM for OQ EC209,3700
7002171,Seal kit-Swivel/ valve block EC02B,16500
7002170,Seal kit-Swivel/ valve block QSM EC204,19300
7002169,Seal kit-Swivel/ valve block QSM EC206,25200
7001495,Seal kit-Swivel/ valve block QSM EC214--> EC233,35000
7000177,Seal kit-tilt cylinder EC204,16000
7002149,Seal kit-tilt cylinder EC204B,21900
750254,Seal kit-tilt cylinder-EC02,11000
7000604,Seal kit-wheel control block (841205),9900
1006913,Seal kit-White relief valve,6800
1076113,Seal PAK 80x90x7-L,3000
1063597,Seal PAK 90x100x7-L,1300
1064201,Seal PAK-110x125x7-L,1300
1064208,Seal PAK-130x140x7-L,1800
1064192,Seal PAK-150x160x7-L,1800
1063616,Seal R09-F 20x27.5x3.2,2900
7001700,Seal SKN-0828,7400
1058331,"Seal swivel - 28/35,5x3,2",8600
710902,"Seal swivel - 4-ch - 63/78,5x6,3",4600
710919,"Seal swivel - 6-ch - 56/67x4,2",3200
7001672,"Seal swivel - 6-ch - 56/67x4,2 PU",2300
710918,"Seal swivel - EC02 - 40/47,5x3,2",3200
710920,"Seal swivel - EC05 - 45/62x6,3",11700
710941,"Seal swivel - EC05/EC05B - 45/56x4,2 - från 0103",3400
7001562,"Seal swivel - EC206B - 60/71x4,2 PU",1900
712420,"Seal swivel - ECHF - 70/81x4,2mm",11
712403,"Seal swivel - HFX - t=4,2",21500
7001671,"Seal swivel 50/61x4,2 PU",2100
7000536,"Seal swivel 70/81x4,2 PU",4600
1039544,"Seal swivel 80/91x4,2 PU",4500
710701,"Seal washer GBR02 1/8""",100
710702,"Seal washer GBR04 1/4""",100
710703,"Seal washer GBR06 3/8""",100
711871,Seal washer GBR06 acid proof 4500004016,3900
710704,"Seal washer GBR08 1/2""",200
710706,"Seal washer GBR12 3/4""",200
710707,"Seal washer GBR16 1""",700
7001045,"Seal washer GBR20 1 1/4""",500
7000668,Seal washer M12,200
710708,Seal washer M18,200
7001167,Seal washer M8,200
1005070,Sealing pliers swivel,191400
3-208,Sealing sleeve,27900
1067110,Sensor Holder S30S,1700
8001547,Sensor Magnet -Screw -Rotation&Tilt,3900
1036988,Sensor plate QS45-QS50,3100
1036413,Sensor plate QS60,2900
1035751,Sensor plate QS70,4000
1035535,Sensor plate QS80,3200
1062565,Sensor plate S30S,9700
1056857,Sensor plate S40S/QS40/QSM40,2900
922003,Service manual - EC02,1400
922002,Service manual - EC05,1400
922001,Service manual - EC10-EC30,1400
9000257,Service manual - EC206B-EC233,1200
1028970,Service package EC02,69800
1055629,Service package EC02,73800
1004956,Service package EC05A,70400
1020502,Service package EC05B,79300
1004957,Service package EC10A,114000
1020503,Service package EC10B,132100
1025961,Service package EC10B,130100
1004958,Service package EC15A,127300
1046032,Service package EC15A,127300
1020504,Service package EC15B,133300
1025962,Service package EC15B,137200
1044870,Service package EC204,54800
1044879,Service package EC204,131500
1049042,Service package EC204,102600
1027277,Service package EC206,128700
1027276,"Service package EC206, EC206B",166700
1036136,"Service package EC206, EC206B",79300
1025955,Service package EC209,185200
1025956,Service package EC209,62700
1036137,Service package EC209,79300
1004959,Service package EC20A,134100
1020501,Service package EC20B,142600
1025963,Service package EC20B,152300
1041445,Service package EC214,228400
1041446,Service package EC214,67000
1041449,Service package EC214,100600
1025957,Service package EC219/EC319,220700
1025958,Service package EC219/EC319,128200
1036138,Service package EC219/EC319,85300
1025959,Service package EC226,262300
1025960,Service package EC226,185200
1036139,Service package EC226,91000
1046428,Service package EC233,130700
1046429,Service package EC233,157400
1046430,Service package EC233,342600
1020521,Service package EC30,240700
1062788,Service package Ejector QS60,65600
1004961,Service package GR05,76100
1004962,Service package GR10,79300
1020500,Service package GR10,100600
1004963,Service package GR20,157400
1020499,Service package GR20,106800
1048085,Service package GR20,231500
1048086,Service package GR20,325600
1048607,Service package GR30HD,110000
1072307,Service package GRD40,182100
1049136,Service package GRD45/50,121100
1049137,Service package GRD60,132600
1072106,Service package GRD70,134000
1058394,Service package Worm gear - EC209-219,182100
1058390,Service package Worm gear - EC209-219 ePS,160500
1058372,Service package Worm gear - EC226,203700
1058322,Service package Worm gear - EC226 ePS,205200
1058380,Service package Worm gear - EC233,299400
1058373,Service package Worm gear - EC233 ePS,226900
9000038,Service Schedule,1400
1055002,SG03-//,760800
1055979,SG03-CW05 0°,916700
1069799,SG03-CW05GP 0°,916700
1069312,SG03-QS40,899700
1065507,SG03-QS40-T59,899700
1054945,SG03-S30/180,871900
1054095,SG03-S40,4073
1055193,SG06-//,912000
1059121,SG06C-QS45-T5,1155900
1069800,SG06-CW05GP 0°,1038600
1055901,SG06-CW10 0°,1148200
1055108,SG06-HYD,1013900
1066571,SG06-QS40,978400
1065199,SG06-QS40-T59,978400
1055209,SG06-QS45,1010800
1055272,SG06-QS45-T5,1010800
1059833,SG06-QS50-T5,1050900
1074661,SG09-//,1217600
1078109,SG09-HYD,1331800
1082845,SG09-QS40-T59,1288600
1078514,SG09-QS45,1321000
1074662,SG09-QS45-T5,1321000
1079635,SG09-QS50,1390400
1076859,SG09-QS50-T5,1390400
1055012,SG12-//,1407400
1054709,SG12C-QS45-T5,1675900
1073784,SG12C-QS60-T2,1683600
1072703,SG12-CW10 0°,1643500
1057097,SG12-HYD,1521600
1054822,SG12-QS45,1513900
1055013,SG12-QS45-T5,1513900
1054542,SG12-QS50,1513900
1056930,SG12-QS50-T5,1513900
1055041,SG12-QS60,1521600
1055032,SG12-QS60-T2,1521600
1078530,SG12-S1,1598800
1053945,SG19-//,1629600
1061576,SG19C-//,1821000
1054470,SG19C-QS60,1933600
1057853,SG19C-QS60-T2,1933600
1067808,SG19-CW30 0°,2024700
1053944,"SG19-QS60 (S60, KM08, 16)",1743800
1053506,SG19-QS60-T2,1743800
1053947,SG19-QS70,1773200
1061463,SG19-QS70-T12,1773200
1054799,SG19-S1,1817900
1055014,SG26-//,1879600
1055016,SG26-QS60,2006200
1055017,SG26-QS60-T2,2006200
1055015,SG26-QS70,2101800
1054670,SG26-QS70-T12,2101800
1066914,SG26-QS70-T12 engcon Black RAL,2481500
1054800,SG26-S1,2026200
1055323,SG33-//,2645100
1055326,SG33-QS70,2881200
1055312,SG33-QS70-T12,2881200
1071661,SG33-QS80-T35,2972200
1069885,Shaft Ø30 SWD45/60,16000
7002095,Shaft seal BABSL 24X40X7,2700
7002093,Shaft seal PARAOLIO BABSL 22X32X7,2700
7002092,"Shaft seal VARISEAL 22,22X32 DL001699",14400
7002094,Shaft seal VARISEAL 24X40,18400
1052713,Shim 15mm tube clamp,8000
1018493,Shim 1mm GR20,600
1018494,Shim 2mm GR20,700
1074107,Shim 50x36x1mm,1400
1074109,Shim 50x36x5mm,1400
400706,Shim Attachment - SMP2,30600
1008262,"Shim break support - EC15B, EC20B - 0,1mm",3200
1013256,"Shim break support - EC15B, EC20B - 0,3mm",2500
1076792,"Shim break support - EC204B - 0,1mm",1400
1076793,"Shim break support - EC204B - 0,3mm",800
1068369,"Shim break support - EC206B - 0,1mm",900
1068368,"Shim break support - EC206B - 0,3mm",900
1055262,"Shim break support - EC209, EC214, EC219 - 0,1mm",700
1055260,"Shim break support - EC209, EC214, EC219 - 0,3mm",1000
1023344,"Shim break support - EC226, EC233 - 0,1mm",600
1023447,"Shim break support - EC226, EC233 - 0,3mm",1100
1034333,Shim carrier GRD60,2300
405214,"Shim centre ring - EC02 - 0,5mm",2900
405215,"Shim centre ring - EC02 - 0,6mm",3200
405216,"Shim centre ring - EC02 - 0,7mm",2900
405213,"Shim centre ring - EC02 - 0,8mm",2900
1002984,"Shim centre ring - EC02 - 1,5mm",3200
405212,Shim centre ring - EC02 - 1mm,2900
202046,"Shim centre ring - EC05 - 0,4mm",3100
202047,"Shim centre ring - EC05 - 0,5mm",3100
201389,"Shim centre ring - EC05 - 0,7mm",3100
201390,"Shim centre ring - EC05 - 0,8mm",3100
201392,"Shim centre ring - EC05 - 0,9mm",3100
201362,"Shim centre ring - EC05 - 1,0mm",3100
201393,"Shim centre ring - EC05 - 1,1mm",3100
1058694,"Shim centre ring - EC05B/EC206 - 0,4mm",4300
1001665,"Shim centre ring - EC05B/EC206 - 0,5mm",3200
1009602,"Shim centre ring - EC05B/EC206 - 0,6mm",2900
1001664,"Shim centre ring - EC05B/EC206 - 0,7mm",3500
1001666,"Shim centre ring - EC05B/EC206 - 0,8mm",3100
1009603,"Shim centre ring - EC05B/EC206 - 0,9mm",2900
1009604,Shim centre ring - EC05B/EC206 - 1mm,5700
202049,"Shim centre ring - EC10 - 0,4mm",3200
202050,"Shim centre ring - EC10 - 0,5mm",3200
201395,"Shim centre ring - EC10 - 0,7mm",3200
201397,"Shim centre ring - EC10 - 0,9mm",3200
201363,"Shim centre ring - EC10 - 1,0mm",3200
201398,"Shim centre ring - EC10 - 1,1mm",3200
202052,"Shim centre ring - EC15 - 0,4mm",8200
202053,"Shim centre ring - EC15 - 0,5mm",4300
202626,"Shim centre ring - EC15 - 0,6mm",4300
201399,"Shim centre ring - EC15 - 0,7mm",4300
201364,"Shim centre ring - EC15 - 1,0mm",4300
201403,"Shim centre ring - EC15 - 1,1mm",4300
202055,"Shim centre ring - EC20 - 0,4mm",4800
202056,"Shim centre ring - EC20 - 0,5mm",4800
201793,"Shim centre ring - EC20 - 0,7mm",4800
201405,"Shim centre ring - EC20 - 0,8mm",4800
201365,"Shim centre ring - EC20 - 1,0mm",6500
201407,"Shim centre ring - EC20 - 1,1mm",4800
1031296,"Shim centre ring - EC204 - 0,5mm",3200
1031297,"Shim centre ring - EC204 - 0,6mm",1800
1031298,"Shim centre ring - EC204 - 0,7mm",1900
1031299,"Shim centre ring - EC204 - 0,8mm",1900
1031300,"Shim centre ring - EC204 - 1,0mm",1900
202058,"Shim centre ring - EC30 - 0,4mm",5600
202059,"Shim centre ring - EC30 - 0,5mm",5600
201408,"Shim centre ring - EC30 - 0,7mm",5600
201409,"Shim centre ring - EC30 - 0,8mm",5100
201910,Shim centre ring - EC30 - 0.6mm,5600
1073453,Shim chamfered Ø116/46 x 10,5200
1073455,Shim chamfered Ø116/46 x 15,6300
1073452,Shim chamfered Ø116/46 x 5,4600
1073457,Shim chamfered Ø116/51 x 10,5200
1073458,Shim chamfered Ø116/51 x 15,6300
1073456,Shim chamfered Ø116/51 x 5,4600
1080711,Shim chamfered Ø116/56 x 10,5200
1080710,Shim chamfered Ø116/56 x 5,4600
1074250,Shim chamfered Ø116/61 x 10,5200
1079271,Shim chamfered Ø116/61 x 15,5400
1074249,Shim chamfered Ø116/61 x 5,4200
1074783,Shim chamfered Ø140/51 x 10,9700
1074781,Shim chamfered Ø140/51 x 8,8800
1074748,Shim chamfered Ø140/56 x 8,8800
1073130,Shim chamfered Ø140/61 x 10,9700
1073128,Shim chamfered Ø140/61 x 5,6800
1073129,Shim chamfered Ø140/61 x 8,8800
1071001,Shim chamfered Ø140/66 x 10,10600
1071773,Shim chamfered Ø140/66 x 5,6800
1071775,Shim chamfered Ø140/66 x 8,8800
1071786,Shim chamfered Ø140/72 x 10,9700
1071782,Shim chamfered Ø140/72 x 5,5900
1071784,Shim chamfered Ø140/72 x 8,8800
1077379,Shim chamfered Ø140/76 x 10,10200
1071790,Shim chamfered Ø140/81 x 10,9700
1071788,Shim chamfered Ø140/81 x 5,5900
1071789,Shim chamfered Ø140/81 x 8,8800
1075281,Shim chamfered Ø156/66 x 10,6900
1075288,Shim chamfered Ø156/66 x 15,6300
1075285,Shim chamfered Ø156/66 x 5,6300
1080409,Shim chamfered Ø156/71 x 10,7700
1080408,Shim chamfered Ø156/71 x 5,6300
1075282,Shim chamfered Ø156/81 x 10,7100
1075289,Shim chamfered Ø156/81 x 15,6300
1075286,Shim chamfered Ø156/81 x 5,6300
1075283,Shim chamfered Ø156/91 x 10,6900
1075290,Shim chamfered Ø156/91 x 15,6300
1075287,Shim chamfered Ø156/91 x 5,6300
1082856,Shim chamfered Ø170/81 x 12,8000
1080784,Shim chamfered Ø170/91 x 20,13300
1082859,Shim chamfered Ø170/91 x 8,5700
1080868,Shim chamfered Ø70/26 - 10,2200
1080862,Shim chamfered Ø70/26 - 5,2000
1080873,Shim chamfered Ø70/31 - 10,2200
1080872,Shim chamfered Ø70/31 - 5,2000
1080875,Shim chamfered Ø70/33 - 10,2200
1080874,Shim chamfered Ø70/33 - 5,2000
1080877,Shim chamfered Ø70/36 - 10,2200
1080876,Shim chamfered Ø70/36 - 5,2000
1080880,"Shim chamfered Ø70/38,8 - 10",2200
1080878,"Shim chamfered Ø70/38,8 - 5",2000
1080890,Shim chamfered Ø70/41 - 10,2200
1080884,Shim chamfered Ø70/41 - 5,2000
1083114,Shim chamfered Ø90/31 - 10,2700
1083112,Shim chamfered Ø90/31 - 5,2700
1080581,Shim chamfered Ø90/36 - 10,2700
1080580,Shim chamfered Ø90/36 - 5,2300
1079615,Shim chamfered Ø90/41 - 10,2700
1079614,Shim chamfered Ø90/41 - 5,2100
1080583,Shim chamfered Ø90/46 - 10,2700
1080582,Shim chamfered Ø90/46 - 5,2300
1080585,Shim chamfered Ø90/51 - 10,2700
1080584,Shim chamfered Ø90/51 - 5,2100
1032528,"Shim Cylinder - GR20 Rail - 60x35,6x0.5",1000
1059837,"Shim End lock EC05,EC05B,EC206 0,3mm",2200
405124,"Shim End lock EC05,EC05B,EC206 0,4mm",1700
405125,"Shim End lock EC05,EC05B,EC206 0,5mm",1700
405677,"Shim End lock EC05,EC05B,EC206 0,6mm",1000
1002987,"Shim End lock EC05,EC05B,EC206 0,9mm",2300
1008540,"Shim End lock EC05,EC05B,EC206 1,0mm",3500
1001639,"Shim End lock EC10/EC15/EC20 0,3mm",2400
405126,"Shim End lock EC10/EC15/EC20 0,4mm",2800
405127,"Shim End lock EC10/EC15/EC20 0,5mm",3200
1016421,"Shim End lock EC209/EC214/EC219 0,3mm",2300
1016422,"Shim End lock EC209/EC214/EC219 0,4mm",2300
1016423,"Shim End lock EC209/EC214/EC219 0,5mm",2800
1025221,"Shim End lock EC209/EC214/EC219 0,8mm",2700
1025222,"Shim End lock EC209/EC214/EC219 0,9mm",2800
1025223,"Shim End lock EC209/EC214/EC219 1,1mm",1800
1011512,"Shim End lock EC226/EC26 0,3mm",3000
1011513,"Shim End lock EC226/EC26 0,4mm",3000
1011514,"Shim End lock EC226/EC26 0,5mm",3100
1025216,"Shim End lock EC226/EC26 0,8mm",2700
1025219,"Shim End lock EC226/EC26 0,9mm",2700
1025220,"Shim End lock EC226/EC26 1,1mm",2700
1040015,"Shim End lock EC233 0,3mm",4000
1040016,"Shim End lock EC233 0,4mm",3400
1040017,"Shim End lock EC233 0,5mm",6600
1074085,"Shim End lock EC30 0,3mm",2600
405128,"Shim End lock EC30 0,4mm",3900
405129,"Shim End lock EC30 0,5mm",2900
405674,"Shim End lock EC30 0,7mm",2600
1002980,"Shim End lock EC30 0,8mm",2600
1034752,"Shim Grab arm - GR20 Rail - 98,8x51,8x0,5",1600
1033780,"Shim Grab arm - GR20 Rail - 98,8x51,8x2,0",4000
1066822,"Shim GRD40 38x30,2x1",1300
1070920,"Shim GRD40 50x30,5x1",1400
1042068,"Shim GRD45/50 56x35,5x1",1100
1042067,"Shim GRD60 56x40,5x1",1100
1010168,Shim kit centre ring - EC02,22700
1027074,Shim kit centre ring - EC05B/EC206,25600
1010170,Shim kit centre ring - EC10,37800
1010171,Shim kit centre ring - EC15,32600
1006366,Shim kit centre ring - EC20,39500
1010173,Shim kit centre ring - EC30,54000
1006356,Shim kit End lock - EC05/EC05B/EC206,23900
1008049,Shim kit End lock - EC10/EC15/EC20,25600
1034434,Shim kit End lock - EC209/EC214/EC219,25900
1043983,Shim kit End lock - EC226,25600
1073356,Shim kit End lock - EC233,28700
1074090,Shim kit End lock - EC30,48600
1030966,Shim kit worm screw - EC02,12300
1031523,"Shim kit worm screw - EC10, EC15, EC20",10500
1031211,Shim kit worm screw - EC30,10500
1006142,Shim Locking cylinder - S30 - 1mm,700
1036293,Shim NG10 10mm,30600
1037260,Shim NG6 15mm,30600
1051668,"Shim Ø105/62 x 0,5",2200
1073444,"Shim Ø116/46 x 0,5",2600
1073445,Shim Ø116/46 x 1,4900
1073447,"Shim Ø116/51 x 0,5",2600
1073448,Shim Ø116/51 x 1,5100
1073449,Shim Ø116/51 x 2,9100
1080712,"Shim Ø116/56 x 0,5",2900
1080713,Shim Ø116/56 x 1,4300
1074251,"Shim Ø116/61 x 0,5",2600
1074252,Shim Ø116/61 x 1,5100
1051151,"Shim Ø129/67 x 0,5",2300
1051152,"Shim Ø129/72 x 0,5",2300
1073126,"Shim Ø140/61 x 0,5",2200
1073127,"Shim Ø140/61 x 1,0",3900
1071748,"Shim Ø140/66 x 0,5",2300
1071749,"Shim Ø140/66 x 1,0",3900
1071750,"Shim Ø140/72 x 0,5",2300
1071751,"Shim Ø140/72 x 1,0",4000
1077380,"Shim Ø140/76 x 0,5",1700
1071752,"Shim Ø140/81 x 0,5",2100
1071753,"Shim Ø140/81 x 1,0",3700
1051671,"Shim Ø142/72 x 0,5",1400
1051201,"Shim Ø142/82 x 0,5",1900
1051202,"Shim Ø142/92 x 0,5",1900
1077559,"Shim Ø156/66 x 0,5",3900
1077560,Shim Ø156/66 x 1,6500
1080415,"Shim Ø156/71 x 0,5",3900
1080416,"Shim Ø156/71 x 1,0",6600
1077561,"Shim Ø156/81 x 0,5",3900
1077564,Shim Ø156/81 x 1,3200
1077565,"Shim Ø156/91 x 0,5",3900
1077566,Shim Ø156/91 x 1,6500
1051688,"Shim Ø158/82 x 0,5",2600
1051684,"Shim Ø158/92 x 0,5",2200
1051682,"Shim Ø168/92 x 0,5",2200
1082857,Shim Ø170/91 x 3,4000
1080893,Shim Ø70/31 - 1,1000
1080895,"Shim Ø70/33 - 0,5",700
1080896,Shim Ø70/33 - 1,1000
1080903,Shim Ø70/41 - 1,1000
1083724,"Shim Ø90/31 - 0,5",1000
1083726,Shim Ø90/31 - 1,1000
1080574,"Shim Ø90/36 - 0,5",700
1080575,Shim Ø90/36 - 1,1000
1083684,"Shim Ø90/39 - 0,5",1000
1083683,Shim Ø90/39 - 1,1000
1079619,"Shim Ø90/41 - 0,5",700
1079620,Shim Ø90/41 - 1,1000
1080576,"Shim Ø90/46 - 0,5",700
1080577,Shim Ø90/46 - 1,1000
1080578,"Shim Ø90/51 - 0,5",700
1080579,Shim Ø90/51 - 1,1000
1052642,"Shim Ø95/47 x 0,5",2300
401987,Shim Quick hitch - KM2/GJ300 - hook,7700
401988,"Shim Quick hitch - KM2/GJ300 - hook, 1mm",2000
401989,"Shim Quick hitch - KM2/GJ300 - hook, 2mm",2000
400511,Shim Quick hitch - S1 - supporting heel [hook],8500
400528,"Shim Quick hitch - S1 - supporting heel, 1mm [hook]",500
400529,"Shim Quick hitch - S1 - supporting heel, 2mm [hook]",500
400512,"Shim Quick hitch - S1, S2, S3, 27 - large",11100
400530,"Shim Quick hitch - S1, S2, S3, 27 - large, 1mm",1000
400531,"Shim Quick hitch - S1, S2, S3, 27 - large, 2mm",1100
400513,"Shim Quick hitch - S1, S2, S3, 27 - small",11400
400532,"Shim Quick hitch - S1, S2, S3, 27 - small, 1mm",900
400533,"Shim Quick hitch - S1, S2, S3, 27 - small, 2mm",1000
1000883,Shim Quick hitch - S2/27 - supporting heel [ stop ],6800
1000886,"Shim Quick hitch - S2/27 - supporting heel, 1mm",700
1003002,"Shim Quick hitch - S2/27 - supporting heel, 2mm",900
1073054,Shim SG09 Cutting edge 1mm,1600
1073057,Shim SG09 Cutting edge 2mm,2600
1047669,Shim SK02/SG03 Cutting edge 1 mm,2200
1047670,Shim SK02/SG03 Cutting edge 2 mm,2800
1024925,Shim SK05/SG06 1mm,500
1024924,Shim SK05/SG06 2mm,500
1024926,Shim SK05/SG06 Cutting edge 1mm,1500
403226,Shim SK05ST - tooth,1300
1024929,Shim SK10/SG12 Cutting edge 1mm,3100
1026918,Shim SK10/SG12 Cutting edge 2mm,2900
1024930,"Shim SK10/SG12, SK15/SG19 1mm",500
1024931,"Shim SK10/SG12, SK15/SG19 2mm",700
403642,Shim SK10ST,11
650522,"Shim SK15 - 50x40x0,5",100
650523,"Shim SK15 - 50x40x1,0",100
1051505,Shim SK15. SK20 3mm,5400
1024932,"Shim SK15/SG19, SK20/SG26 Cutting edge 1mm",4800
1024933,"Shim SK15/SG19,SK20/SG26 Cutting edge 2mm",5100
650524,"Shim SK20 - 50/63 1,0",300
1024934,Shim SK20/SG26 1mm,2500
1024935,Shim SK20/SG26 2mm,2500
1030534,Shim SK30/SG33 1mm,1200
1030533,Shim SK30/SG33 2mm,1300
1043794,Shim SK30/SG33 Cutting edge 1mm,3900
1043793,Shim SK30/SG33 Cutting edge 2mm,6900
650525,Shim tilt axle - EC02 / GR10-32x45x0.5,100
405235,Shim tilt axle - EC02-31x50x2,800
405236,Shim tilt axle - EC02-31x50x3,800
650520,Shim tilt axle - EC05 - 70x41x0.5,1300
650521,"Shim tilt axle - EC05 - 70x41x1,0",1300
1010819,Shim tilt axle - EC05B - 60x41x0.5,1300
1010820,"Shim tilt axle - EC05B - 60x41x1,0",1300
650507,Shim tilt axle - EC10 - spring steel 51x80x0.5,1300
650508,Shim tilt axle - EC10 - spring steel 51x80x1,1300
650505,Shim tilt axle - EC15 - spring steel 56x100x0.5,1700
650506,Shim tilt axle - EC15 - spring steel 56x100x1,1700
650501,"Shim tilt axle - EC20 - spring steel 61x95x0,5",1400
650502,Shim tilt axle - EC20 - spring steel 61x95x1,1700
1027820,"Shim tilt axle - EC204/EC204B 0,5mm",2400
1016499,"Shim tilt axle - EC206, EC206B, EC209, EC209B 0,5mm",1600
1016420,"Shim tilt axle - EC214/EC219 0,5mm",2500
1040014,"Shim tilt axle - EC233 0,5mm",3700
1011244,"Shim tilt axle - EC26, EC226 0,5mm",3200
650503,"Shim tilt axle - EC30 - spring steel 71x106x0,5",1600
650504,Shim tilt axle - EC30 - spring steel 71x106x1,1700
650621,"Shim tilt axle - EC30 - spring steel 75x95x0,5 acid proof",800
400069,"Shim Tilt Upper Section - S1, S2, S3, 27, NTP30",11000
400173,Shim Top Part - Lännen,7900
404512,"Shim Top Part - S1, S2, S3, 27, NTP30 - 1mm",2500
404513,"Shim Top Part - S1, S2, S3, 27, NTP30 - 2mm",2100
401138,"Shim Top Part - S2, S3, 27, NTP30 - supporting heel",13400
405153,"Shim Top Part - S2, S3, 27, NTP30 - supporting heel - 1mm",2000
405549,"Shim Top Part - S2, S3, 27, NTP30 - supporting heel - 2mm",2000
400805,Shim Top Part - SMP1,21600
400707,Shim Top Part - SMP2 - 15mm,29600
402526,Shim Top Part - SMP2 - 1mm,2000
1007021,Shim UNI - Ø100/72 - 10mm,3200
1007023,Shim UNI - Ø100/72 - 1mm,1200
1009248,Shim UNI - Ø100/72 - 3mm,1400
1007022,Shim UNI - Ø100/72 - 5mm,1800
1011735,Shim UNI - Ø116/80 - 10mm fully,6000
1011732,Shim UNI - Ø116/80 - 1mm fully,2300
1011733,Shim UNI - Ø116/80 - 3mm fully,3100
1011734,Shim UNI - Ø116/80 - 5mm fully,4300
1010592,Shim UNI - Ø140/100 - 10mm fully,6500
1010589,Shim UNI - Ø140/100 - 1mm fully,2800
1010590,Shim UNI - Ø140/100 - 3mm fully,3200
1010591,Shim UNI - Ø140/100 - 5mm fully,4500
1018161,Shim UNI - Ø156/116 - 10mm fully,5600
1012082,Shim UNI - Ø156/116 - 1mm fully,2500
1018160,Shim UNI - Ø156/116 - 3mm fully,2700
1012083,Shim UNI - Ø156/116 - 5mm fully,3200
405218,"Shim worm screw - EC02/EC204 - 0,5mm",900
405219,"Shim worm screw - EC02/EC204 - 0,6mm",2200
405220,"Shim worm screw - EC02/EC204 - 0,7mm",900
405217,"Shim worm screw - EC02/EC204 - 0,8mm",900
1002983,"Shim worm screw - EC02/EC204 - 1,5mm",800
650516,"Shim worm screw - EC05 - 60/75x0,1",500
650517,"Shim worm screw - EC05 - 60/75x0,2",500
650518,"Shim worm screw - EC05 - 60/75x0,3",500
650513,"Shim worm screw - EC10, EC15, EC20 - 80/100x0,1",200
650514,"Shim worm screw - EC10, EC15, EC20 - 80/100x0,2",200
650515,"Shim worm screw - EC10, EC15, EC20 - 80/100x0,3",700
650510,"Shim worm screw - EC30 - 100/125x0,1",500
650511,"Shim worm screw - EC30 - 100/125x0,2",500
650512,"Shim worm screw - EC30 - 100/125x0,3",700
1083661,"Shim Worm screw EC204B 0,15mm",400
1076734,"Shim Worm screw EC204B 0,1mm",2300
1076733,"Shim Worm screw EC204B 0,3mm",1400
1006199,"Shim yoke bracket - EC05B, EC206 - 11mm",36900
1007041,Shim yoke bracket - EC209-EC226 - 10mm (cast yoke),11000
1003882,Shim yoke bracket - EC209-EC226 - 15mm (cast yoke),7400
1005275,Shim yoke bracket - EC209-EC226 - 4mm (cast yoke),2600
1000193,"Shim yoke tilt, forward - EC02 - 10mm",27900
1000194,"Shim yoke tilt, rear - EC02 - 10mm",27900
1032834,Shim-extra HF under ECHF-16mm,43500
1031935,Shim-extra HF under ECHF-31mm,41700
1034578,Shim-extra HF under ECHF-43mm,42600
1035711,Shim-extra HF under ECHF-5mm,27800
7000700,Shock valve & Overcenter-SWD,171300
7000976,"Shuttle valve 3-way 1/4""",19900
841212,"Shuttle valve kit 1/8"" - wheel control block DC2",14000
7000747,Shuttle valve QSC Viton,56300
1074129,Side block S45 - for hose connection,34100
1071473,Side block S60 - for hose connection,29200
1070991,Side block S60 - for hose connection V2,21500
1073421,Side block S70 - for hose connection,45200
1074260,Side cutter left 2322148,46900
1071576,Side cutter left 7Y0204,13700
1077976,Side cutter left 7Y0738,10800
1074259,Side cutter right 2322147,46900
1071560,Side cutter right 7Y0203,13700
1077977,Side cutter right 7Y0739,10800
1077887,Side cutter right E7L,1000
1077888,Side cutter right E7R,1000
1036784,Side hatch sweep arm,15000
1079427,Side plate ECO40W-top bracket,700
1056282,Side plate kit Jaw teeth-SG03,120400
1056283,Side plate kit Jaw teeth-SG06,155900
1056288,Side plate kit Jaw teeth-SG12,265400
1056118,Side plate kit Jaw teeth-SG19,268500
1056290,Side plate kit Jaw teeth-SG26,311700
1055754,Side plate kit-SG03,120400
1055755,Side plate kit-SG06,147200
1076011,Side plate kit-SG09,150300
1055756,Side plate kit-SG12,250000
1055757,Side plate kit-SG19,253100
1055758,Side plate kit-SG26,314800
1055759,Side plate kit-SG33,760800
1053681,Side plate SG19 with Jaw teeth H+V,83300
1055034,"Side plate shim SG03 0,5mm",200
1055033,Side plate shim SG03 1mm,200
1052616,"Side plate shim SG19 0,5mm",800
1029464,SK10-QS45,1401200
1051762,SK10-QS45-T5 tät,1484600
1063479,Sleeve axle grab cylinder & grab arm GRD40,11400
1034641,Sleeve axle grab cylinder against Grab arm GRD45/50/60/70,7400
1027082,Sleeve Lock CW05,8000
1027771,Sleeve Ø20 lock CW05,4500
650534,"Slide washer 52/1mm (VP, DP, ASF)",2800
8000343,Slip ring Likufix SRC 022C-12 AI ECHF Souriau,171300
1032565,Slip ring-5V/6CH-swivel - DT,110800
1032566,Slip ring-5V/6CH-swivel - DTM,101400
8001573,Slip ring-EC02,66400
8001421,Slip ring-EC204,94100
8002198,Slip ring-EC204B,117100
8001065,Slip ring-EC206 S40S,96300
1036101,Slip ring-EC206-Repair kit,101400
1030298,Slip ring-ECHF-DTM/ Plug,185200
1032963,Slip ring-ECHF-DTM/DTM-HECO,185200
8002862,Slip ring-QS80QSM-EC333 M12,107100
8001519,Slip ring-QSM40-EC206B M12,108000
8001015,Slip ring-QSM45/50-M12,128400
1046763,Slip ring-QSM60/QS80 QSM M12,169800
1048341,Slip ring-QSM70-EC226 M12,169800
1048340,Slip ring-QSM70-EC233 M12,169800
8002807,Slip ring-QSM70-EC326 M12,107100
8002808,Slip ring-QSM70-EC333 M12,107100
8000021,Slip ring-SRC022-6M-r-PL,73800
8000022,Slip ring-SRC022C-12M-r-PL ECHF,46100
640407,Slotted pin 5x20 S5 Brass,200
6000441,Slotted pin 5x20 S5 Brass V2,300
640413,Slotted pin RPE5x20,200
1066867,Snap ring Kit for buttons-MIG2,11900
8000536,Socket minifit,100
8000018,"Spacer - 6,35x6,35 - rotation sensor-ePS",5400
404967,Spacer 1 - 10mm Motor cover EC20A,6800
402171,Spacer 10mm Grab arm 10,2200
401710,Spacer 10mm Grab arm 20,6500
401793,Spacer 15mm EC20,4600
1009999,Spacer 15mm Hose Bracket left EC204/EC204B,2300
401792,Spacer 18.5mm EC20,10800
402457,Spacer 2 - 10mm Motor cover EC20A,5900
8000650,Spacer 20x70 Ø8,8500
1055489,Spacer 30mm tube clamp TSLK4030,33300
402615,Spacer 5mm Grab arm 10,4000
1058993,Spacer 5mm valve block EC209 V2 frame,2700
1056010,Spacer 60mm tube clamp TSLK4030,35000
402170,Spacer 8mm Grab arm 10,2200
1047832,"Spacer central lubrication QSM EC214,EC219,EC226",4800
1050379,Spacer central lubrication QSM EC233,9900
1016465,"Spacer clamping half rubber EC206,209,214",300
1016439,"Spacer clamping half rubber EC219, EC226",600
1040018,Spacer clamping half rubber EC233,800
400659,Spacer countersunk for M8 screw MF6S,2200
1011722,Spacer ECpup 0mm,10800
1011725,Spacer ECpup 15mm,20500
1011723,Spacer ECpup 5mm,5600
1068217,Spacer for GHH V2 cylinder,4500
1036418,Spacer grab cylinder GRD45/50,1700
1049964,Spacer GRB,2500
1050005,Spacer GRB V2,13700
1056252,Spacer GRBL 19mm,5600
1056255,Spacer GRBL 1mm,1200
1056254,Spacer GRBL 2mm,1400
1056253,Spacer GRBL 7mm,4600
1023777,Spacer Hose Bracket 20mm,4300
1030616,Spacer Hose Bracket 28mm,3500
1028040,Spacer Hose Bracket 32mm,3500
1005911,Spacer Hose Bracket 39mm,4800
1055427,Spacer hose holder rubber,4000
1021741,"Spacer Locking cylinder ECpup60/65, 70/80",18800
1008243,Spacer M12 L15 countersunk,3500
400128,Spacer M12 large,47
6000435,Spacer M5X40,12800
400127,Spacer M8 small,6000
8001007,Spacer Mounting plate ACC,25600
1047086,Spacer Plate QS80 Quick Hitch,24400
1041394,Spacer Plate SWD45,5400
1036406,Spacer QS45-60 V3,1800
1025462,Spacer QS45-QS60,3100
1035752,Spacer QS70,3900
1051456,Spacer QS80,1700
1069682,"Spacer ring 40/31 L13,5",4000
1036573,Spacer ring Ø40/31 L4,5600
1046692,Spacer ring-Slip ring QSM,10300
1056860,Spacer S40S/QS40/QSM40,2000
1000187,Spacer S45 ( top bracket width ),4500
405641,"Spacer sleeve Ø20/7,5 L20",15600
1051254,"Spacer sleeve Ø25/17 L20,5",2500
1030069,"Spacer tilt cylinder EC209W, EC214W",18800
1071455,"Spacer tilt cylinder EC209W, EC214W OQ 1030069-Grey RAL7022",16000
1016533,"Spacer tilt cylinder EC219W, EC226W",31500
1071454,"Spacer tilt cylinder EC219W, EC226W OQ 1016533-Grey RAL7022",27900
1051274,"Spacer tilt cylinder EC219W, EC226W unpainted",21900
1025281,Spacer tube CW10,1700
1068707,Spacer tube Ø8x1 L15 C2C Volvo Smart Connect,3700
1061109,Spacer tube Ø8x1 L35 C2C Volvo Smart Connect,6000
1001845,Spacer tube VB,4300
1065370,Spacer-end lock EC209/EC214/EC219,400
1063811,Spacer-For connection block QSM40,1700
400635,"Spacer-Plastic 1,2mm",300
400637,Spacer-Plastic 10mm,900
402215,Spacer-Plastic 3mm,300
400636,Spacer-Plastic 5mm,900
1085052,Spare parts kit EC309/314/319 valve block-extra 2/extra 2HF,43200
1085050,Spare parts kit EC309/314/319 valve block-tilt,50500
1085051,Spare parts kit EC309/314/319-valve block-rotation/extra1,50500
1054530,"Special tool-Coupling female 1/4""-QSM40-Q, ECO45 drain",27800
1002633,"Special tool-Coupling female ECO40/45/50 3/8"" - quick hitch",14000
1002634,"Special tool-Coupling female ECO60 1/2"" - quick hitch",9000
1015733,"Special tool-Coupling female ECO70 3/4"" - quick hitch",13700
1049703,"Special tool-Coupling female ECO80 1""",14200
1013207,"Special tool-Coupling male ECO45/50 3/8"" - top bracket",42600
1013206,"Special tool-Coupling male ECO60 1/2"" - top bracket",34300
1015734,"Special tool-Coupling male ECO70 3/4"" - top bracket",52000
8000087,Special tool-Dismantling 8P/12P ILME,6800
8000074,Special tool-Flat Head screwdriver-2mm,500
1004718,Special tool-Holder indicator clock,18400
1023851,Special tool-Indicator clock,11400
1023784,Special tool-Interpreter holder EC209,9700
1031822,Special tool-Interpreter holder EC214,26700
1004687,"Special tool-Interpreter holder EC219, EC226, EC20, EC30",22700
1004720,Special tool-Interpreter holder worm screw all EC,29000
1004716,Special tool-Interpreter stick 60mm,7700
1024544,Special tool-Kit rotation worm screw M6S M24,55200
1023852,Special tool-Service kit-EC209-226,256200
620100,Spherical bearing GE 25 ES LSb,1700
1075536,Spherical bearing GE 25 UK-2RS - maintenance-free,2800
620104,Spherical bearing GE 30 ES/2RS LS sealed,3000
620101,Spherical bearing GE 30 UK-2RS - maintenance-free,3900
620102,Spherical bearing GE 35 ES LS,2600
620113,Spherical bearing GE 40 ES,4500
620103,Spherical bearing GE 45 ES LS,4600
6000088,Spherical bearing GE 50 ES,5100
620105,Spherical bearing GE 70 ES-2RS LS sealed,20500
620106,Spherical bearing GE 80ES 2RS sealed,33300
620107,Spherical bearing GE EM 30 ES 2RS,4600
1034639,Spherical bearing GEG 25 ES 2RS,2100
620111,Spherical bearing GEG 35,6800
1062200,Spherical plain bearing GEG 20 ES,1800
403937,Splines axle,87700
730133,Spole 24V Duplomatic,9100
1024794,Spring - 18x35 - Top ECO45-80,1100
1011226,Spring - Locking cylinder ECPUP,45400
1063707,Spring - Locking cylinder S30S,1900
1024020,Spring - Locking cylinder S40S (16x104),4000
1021703,Spring - Locking cylinder S70/S80,24100
6000125,Spring - Top ECO70-80,3100
1024113,Spring 6058,5100
640101,Spring Hydrema lock set (32x203),11700
1038762,Spring lock arm DIN2098 1.25x13.75x130 GRD40/45/50/SWD40/45,1000
1038209,Spring lock arm GRD60/GRD70/SWD60,2700
1026880,Spring lock CW05,24100
640120,Spring lock CW10,35000
1069471,Spring locking hasp SWD40/GRD40Q,500
6000015,Spring pin Connex S 20x55,11000
1054552,"Spring plug ECO70 3/4"" Female- Quick hitch",139400
1065745,Spring plunger GN615 BN M12,4800
1049973,Spring QS45/50/60 Ejectors - 16x175,2300
1024019,Spring QS45/50/60 Ejectors - short (16x71),600
1025177,Spring QS70 Ejectors - long (20x120),2800
1025857,Spring QS70 Ejectors short - (20x85),3100
1049974,"Spring QS70/80 Ejectors - 21,8x210",1400
1035023,"Spring QS70-80 Ejectors - 21,8x105",1000
1035022,Spring QS80 locking hook - 32x254,9900
1025179,Spring QSM70/QS70/S70 locking hook - long (32x305),15700
1025178,Spring QSM70/QS70/S70 locking hook - short (32x152),7400
1036793,Spring retainer lock HS08ec,52000
405349,Spring retainer S30,8600
405301,Spring retainer S40,8600
640414,Spring rod 13x14 ISO13337,1200
640411,Spring rod FRP 3x12 ISO8752,100
640409,Spring rod FRP 4x24,100
640410,Spring rod FRP 6x12 ISO8752,100
640403,Spring rod FRP 6x24,100
650400,Spring rod FRP 6x40 ISO8752,100
640412,Spring rod FRP 8x70,200
640401,Spring rod Ø16x90,1700
640102,Spring S40 lock set (32x178) 10,10500
640112,Spring S40/S40S/QS40/QSM40 locking hook (25x178),8500
1025483,Spring S40S/S40/S45/QS40/45/50 locking hook - short (25x32),1700
1024021,Spring S45/S60/QS45/50/60 locking hook-long (25x305),13700
1024022,Spring S60/QSM60/QS60 locking hook - short (25x64),2600
1059494,Sprocket PC6000,26200
1025282,Square washer lock CW10,900
1056897,Square washer spring CW45 VB,18200
1001846,Square washer spring VB,10300
8003019,SS1-12V-5M,54000
8000038,"SS9,2-IQ-12V/24V-16M",200600
8000164,"SS9,2-IQ-12V/24V-25M",217600
8000268,"SS9,2-JCB 110W-IQ-12V/24V-16M",217600
8000078,"SS9,2-SQ-12V/24V-16M",200600
401273,Stay Liebherr SW33,18400
1080175,Steering HYDS,3200
1063414,Steering S30S,2200
1056869,Steering S40/S40S/QS40/QSM40,4600
1025621,Steering S45/S60/QSM45/50/60/QS45/50/60,7100
1024695,Steering S70/QS70-80,21600
400879,Stop axle,34300
1055517,Stop Hose Holder 100x28,9400
1054922,Stop Hose Holder 74x23,7300
1055521,Stop Hose Holder 80x24,9400
1055519,Stop Hose Holder 90x28,9000
1054650,Stop Hose Holder 98x24,7700
1047913,Straight coupling link 24RS10B-2,5400
8000761,Strain relief plate ZL39 3x,4600
8000703,Strain relief plate ZL60 4x,4500
8000704,Strain relief plate ZL87 6x,4500
611164,"Stud bolt M10x35 10,9 DIN939",600
611161,Stud bolt M12x100 802548,3900
611186,Stud bolt M12x45 10.9 DIN939,1200
611580,"Stud bolt M14x100 12,9 Dacromet",7700
611171,Stud bolt M14x100 802481,3100
6000440,Stud bolt M14x35 10.9 DIN939 ZPL,1400
611181,Stud bolt M16x116,3200
611184,Stud bolt M20x155 12.9,8800
611185,Stud bolt M8x30 10.9 DIN939,900
1062940,Support for hoses EC204 QS40,8600
1063771,Support GRD40,52600
1038716,Support GRD45/50 standard,99800
1034063,Support GRD60 standard,107600
1044723,Support GRD70 standard,106600
1043000,Support leg SWD arm 1 leg,245400
1044412,Support leg SWD cassette 2 legs,333300
1052346,Support legs Sweep SR-C,52600
1038230,Support plate kickback protection SWD,14200
650302,"Support ring 100/125 SS100*125*3,5",5400
1053781,"Support ring 18,77x1,78",300
1043082,"Support ring 42,52x2,62 PU",500
650303,Support ring 60/75 x3 ss,2200
650301,"Support ring 80/100x3,5 Din 988",11700
710991,"Support ring PUR 17,17x1,78",400
710995,"Support ring PUR 25,12x1,78",400
710996,"Support ring PUR 28,3x1,78",400
710997,"Support ring PUR 29,87x1,78",500
710999,"Support ring PUR 34,59x2,62",600
650306,"Support ring SS32x45x2,5",1700
650305,Support ring SS40x50x2.5,1700
1007816,Support ring TC05-->TC33,16700
400406,Supporting heel,13300
401174,Supporting heel M24,2300
405548,Supporting heel S2,16000
1049122,Sweep arm SWD60 for Support legs,722200
1065156,Sweep cassette SWD45 for Support legs-engcon black,938300
1065153,Sweep cassette SWD60 for Support legs-engcon black,938300
1056762,Sweeper-SR1300C-//-400,884300
1059170,Sweeper-SR1300C-CW10 0°-400,998500
1056752,Sweeper-SR1300C-HYD-400,924400
1066580,Sweeper-SR1300C-QS40-400,929000
1080459,Sweeper-SR1300C-QS40-400-T59,929000
1056758,Sweeper-SR1300C-QS45-400,959900
1056753,Sweeper-SR1300C-QS45-400-T5,959900
1056759,Sweeper-SR1300C-QS50-400,959900
1056754,Sweeper-SR1300C-QS50-400-T5,959900
1056760,Sweeper-SR1300C-QS60-400,995400
1056755,Sweeper-SR1300C-QS60-400-T2,995400
1056756,Sweeper-SR1300C-QS70-400-T12,1017000
1056771,Sweeper-SR1600C-//-400,947500
1066582,Sweeper-SR1600C-QS40-400,993800
1056768,Sweeper-SR1600C-QS45-400,1023200
1056764,Sweeper-SR1600C-QS45-400-T5,1023200
1073028,Sweeper-SR1600C-QS50-400,1023200
1063288,Sweeper-SR1600C-QS50-400-T5,1023200
1056769,Sweeper-SR1600C-QS60-400,1058600
1056765,Sweeper-SR1600C-QS60-400-T2,1058600
1056770,Sweeper-SR1600C-QS70-400,1081800
1067677,Sweeper-SR1600C-QS70-400-T12,1081800
1073269,Sweeper-SR1600C-S60/S50-400,1135800
1056781,Sweeper-SR1800C-//-400,1006200
1067676,Sweeper-SR1800C-CW30 (0°)-400,1151200
1056773,Sweeper-SR1800C-QS45-400-T5,1081800
1056778,Sweeper-SR1800C-QS60-400,1118800
1056774,Sweeper-SR1800C-QS60-400-T2,1118800
1067516,Sweeper-SR1800C-QS60-400-T44,1463000
1056775,Sweeper-SR1800C-QS70-400-T12,1137400
1056789,Sweeper-SR2000C-//-2x250,1251500
1077391,Sweeper-SR2000C-CW30(0°)-2x250,1395100
1056786,Sweeper-SR2000C-QS45-2x250,1324100
1056788,Sweeper-SR2000C-QS60-2x250,1362600
1056783,Sweeper-SR2000C-QS60-2x250-T2,1362600
1083070,Sweeper-SR2000C-QS70-2x250-T12,1381200
1071657,Sweeper-SR2000C-QS80-2x250-T35,1484600
1056800,Sweeper-SR800C-//-250,788600
1080494,Sweeper-SR800C-CW30-250,932100
1066581,Sweeper-SR800C-QS40-250,833300
1069188,Sweeper-SR800C-QS40-250-T59,833300
1056796,Sweeper-SR800C-QS45-250,862700
1056791,Sweeper-SR800C-QS45-250-T5,862700
1056797,Sweeper-SR800C-QS50-250,862700
1056792,Sweeper-SR800C-QS50-250-T5,862700
1056798,Sweeper-SR800C-QS60-250,899700
1056793,Sweeper-SR800C-QS60-250-T2,899700
1057968,Sweeper-SR800C-QS70-250,919800
1079073,Sweeper-SR800C-QS70-250-T12,919800
1069641,Sweeper-SWD40-engcon black,893500
1049132,Sweeper-SWD45/50 3SL,919800
1065157,Sweeper-SWD45/50 3SL-engcon black,919800
1069593,Sweeper-SWD45-engcon black,981500
1047642,Sweeper-SWD60 3SL,841000
1065154,Sweeper-SWD60 3SL-engcon black,1057100
1069640,Sweeper-SWD60-engcon black,1091000
8000263,"Switch cable compl QH DTM Pins-MAP JCB 0,55m",13300
8000512,Switch cable compl QH M12 5P-1m,29000
810459,Switch cable compl QH M12 5P-3m,42600
841119,"Switch cable compl TC FCI Sock x4-2,5m",41200
8002295,Switch cable compl TC M12 5P-2m,24500
841175,"Switch cable compl WC FCI Sock x4-2,5m",33300
8000556,Switch kit-APEM KR Switch,15000
400433,Switch self-adhesive ( 3 button x1 ),14400
300804,Switch self-adhesive ( 3 button x2 ),29600
1007219,Switch self-adhesive (4 button x2) 301909&301910,30600
301910,Switch self-adhesive left ( 4 button x1 ),16700
301909,Switch self-adhesive right ( 4 button x1 ),16700
400374,Switch ss3,12700
8000809,Switch-Activation Track control DT,22400
8001047,Switch-Activation V2,33300
300803,Switch-Quick hitch,36000
1032702,Switch-Quick hitch - ss9-2,33500
810435,Switch-Quick hitch APL/APL2,57600
810449,Switch-Quick hitch APL/APL2 Carling,47100
810313,Switch-Quick hitch Carling,14200
303103,Switch-Quick hitch CAT,34300
303595,Switch-Quick hitch Komatsu PC200,32600
810302,Switch-Quick hitch Lock button SWF with latch,24400
400084,Switch-Rocker power,16800
200080,Swivel 4-channel complete,214500
1023910,Swivel 6-channel complete for Slip ring,250000
1026706,Swivel 6-channel EC206 complete for Slip ring,185200
1080474,Swivel 6-channel QSM with connection block CW05GP EC204B,297800
1077508,Swivel 6-channel QSM with connection block QSM40 EC204B,310200
1065363,Swivel 6-channel QSM with connection block QSM40 EC206B,314800
1063753,Swivel 6-channel QSM40 complete,213000
1026183,Swivel 7-channel ECHF complete,307100
1049276,Swivel 7-channel QSM complete-Iron,421300
1072872,Swivel 7-channel QSM with connection block QS80/CW30/40,538600
1056225,Swivel 7-channel QSM with connection block QSM45 EC209B,530900
1069539,Swivel 7-channel QSM with connection block QSM50 EC209B,336400
1050600,Swivel 7-channel QSM with connection block QSM60 iron,538600
1052682,Swivel 7-channel QSM with connection block QSM70 EC226 iron,697500
1050703,Swivel 7-channel QSM with connection block QSM70 EC233 iron,767000
1056218,Swivel 7-channel QSM45 complete,287000
1079873,Swivel 7-channelQSM with connection block CW10 QSM/HYDS 209B,382700
400382,Swivel bearing ring EC05 for swivel 300542 & 301080,10800
303430,Swivel EC02 complete,147500
1063530,Swivel EC02B Complete with slipring.,287000
303481,Swivel EC05 complete (301422K),118800
303411,Swivel EC05 complete Dog bone Marine (Corr-I-Dur),473800
1007233,Swivel EC05B complete,139000
1028504,Swivel EC204 with connection block complete,196000
1062975,Swivel EC204-QS40 complete with slip ring,280900
1058301,Swivel extender kit OQ- EC226,91500
1058300,Swivel extender kit OQ- EC233,75900
400413,Swivel extension 4-channel,24200
1025487,Swivel extension 6-ch for Slip ring,21600
1052685,Swivel extension-QSM-EC226 steel,64200
1050762,Swivel extension-QSM-EC233 Steel,49800
1023905,Swivel guide 6-channel for Slip ring,40100
301079,Swivel guide EC05 for swivel 301080 & 301422k,53400
1028503,Swivel guide EC204,40400
1026182,Swivel guide ECHF 7-channel,205200
1064623,Swivel kit QSM for OQ EC209,473800
1054090,Swivel kit QSM for OQ EC214-->EC233,532400
1079871,Swivel QSM with connection block CW10/HYDS QSM EC206B,492300
1081351,Swivel stop EC333,3500
1047831,Swivel stop QSM EC214,4000
1045935,Swivel stop QSM EC219-EC226,5600
1048076,Swivel stop QSM EC233,7700
1019611,TC03-S30/180,148100
1004300,TC06-S40,165100
1011861,TC12-HYD,188300
1084023,TC12-HYD V2,188300
1005010,TC12-S45,188300
1084124,TC12-S45 V2,188300
1005074,TC12-S50,214500
1004303,TC19-S60,196000
1040557,TC33-CW30,362700
1079181,TC33-CW30 0°,362700
1004305,TC33-S1,325600
1004304,TC33-S70,240700
7000734,"T-Coupling adjustable JIS-BSP 1/4""",7700
7000737,"T-Coupling JIS 1/4""",8000
1004752,Teeth adapter CAT 25 (25mm),17400
1004757,Teeth adapter CAT 30 (30mm),22400
1004762,Teeth adapter CAT 35 (40mm),33300
1004775,Teeth adapter CAT C45 (50mm),52600
1004747,Teeth kit CAT 20 (16-20mm),10500
1004790,Teeth Ripper R20 (ESCO R25),58500
1021480,Teeth Ripper R20(MTG),47400
1006534,Teeth Ripper R30 for 14mm stick,123600
1004793,Teeth Ripper R30 for 22mm stick,123600
1004786,"Teeth Ripper R5, 10&15",44800
1004756,Teeth Type CAT C30R,11000
1004760,Teeth Type CAT C35S,13600
1082710,Teeth Type CAT C35S-RC,13600
1004774,Teeth Type CAT C45S,22400
1082711,Teeth Type CAT C45S-RC,22400
1004614,Teeth Type CAT M20S,6500
1082708,Teeth Type CAT M20S-RC,6500
1004751,Teeth Type CAT M25S,7700
8000181,Test plug (indicator) QS DTM04-3P,11100
8000180,Test plug (indicator) QS DTM04-6P,14400
8000194,"Test plug kit QS - DT, DTM, M8 & M12",40900
7000974,"Texsleeve TEXS17 - 1/4"" TP",2700
790143,"Texsleeve TEXS23 - 1/4"" RM",3200
790144,"Texsleeve TEXS27 - 3/8""",3700
790145,"Texsleeve TEXS31 - 1/2""",5400
7000927,Texsleeve TEXS33,6000
790149,"Texsleeve TEXS44 - 3/4""",6800
7001143,"Texsleeve TEXS47 - 1""",9000
1078267,TG25HD V2-QS40,839500
1078266,TG25HD V2-QS40-T59,839500
1084765,TG25HD V2-QS45,902800
1078265,TG25HD V2-QS45-T5,902800
1079415,TG25HD V2-QS50,902800
1079094,TG25HD V2-QS50-T5,902800
1065509,TG25HD-QS40,828700
1052700,TG25HD-QS45-T5,892000
1083753,TG28HD V2-QS45,1179000
1083756,TG28HD V2-QS45-T5,1179000
1084771,TG28HD V2-QS50-T5,1179000
1083754,TG28HD V2-QS60,1226800
1078572,TG28HD V2-QS60-T2,1165100
1083757,TG28HD V2-QS60-T2,1226800
1038494,TG28HD-//,944118
1037011,TG28HD-QS45,1066180
1052704,TG28HD-QS45-T5,1132700
1054655,TG28HD-QS50-T5,1132700
1037016,TG28HD-QS60,1110290
1052709,TG28HD-QS60-T2,1179000
1065474,TG28HD-S60/S50,1254600
1076728,TG42HD V2-//,1322500
1076729,TG42HD V2-QS60,1495400
1074471,TG42HD V2-QS60-T2,1495400
1080508,TG42HD V2-QS60-T2 RAL7024,1620400
1076730,TG42HD V2-QS70,1537000
1076731,TG42HD V2-QS70-T12,1537000
1052708,TG42HD-QS60-T2,1407350
1078593,TG55HD V2-QS80-T12,2368800
1038496,TG55HD-//,2080200
1037017,TG55HD-QS70,2353400
1052722,TG55HD-QS70-T12,2353400
1042812,TG55HD-QS80,2427500
1071662,TG55HD-QS80-T35,2427500
1027292,"Thermoplastic screw TPPT 2,5x10 FZ Black",200
1027291,"Thermoplastic screw TPPT 4,0x12 FZ Black",100
7000690,Thomas magnet 32bar,92600
7000825,"Threaded coupling male Int-G3/4""",17700
841209,"Throttling check valve 1/4"" wheel control-DC2",44600
7001142,"Throttling M5x8 0,4mm",3200
7000586,"Throttling M6x6 0,2mm",6000
1009709,"Throttling NG4 0,8mm with O-ring",3100
1035763,"Throttling NG4 1,0mm",3200
1029045,"Throttling NG4 1,2mm",3200
1027785,Tilt axial washer EC204/EC204B,14000
1016461,"Tilt axial washer EC206, EC206B, EC209, EC209B",11700
1016417,"Tilt axial washer EC214, EC219",16500
1039639,Tilt axial washer EC233/EC333,25500
1011238,Tilt axial washer EC26/EC226/EC326,24400
1000651,"Tilt axle cover EC10, EC20, EC30",25900
405186,Tilt axle EC02,15700
404380,"Tilt axle EC05 engine side, hardened",12300
404376,Tilt axle EC05 hardened,22700
302826,Tilt axle EC10 hardened,23600
303251,Tilt axle EC10 Marine,66700
302828,Tilt axle EC15 hardened,26400
302830,Tilt axle EC20 hardened,30600
303157,Tilt axle EC20 lubrication at both ends,46000
1016576,Tilt axle EC204,27000
1074348,Tilt axle EC204B,11300
1016460,Tilt axle EC206. EC209,48500
1062499,Tilt axle EC206S/EC206BS/EC209S/EC209BS,43200
1016416,"Tilt axle EC214, EC219",49700
1064196,Tilt axle EC214S/EC219S,63700
1064205,"Tilt axle EC226S, EC326",86900
1039140,Tilt axle EC233,61700
1064182,Tilt axle EC233S/EC333,119600
1011240,Tilt axle EC26/EC226,59100
302835,Tilt axle EC30 hardened,37500
303134,Tilt axle EC30 lubrication at both ends,64800
630501,Tilt bushing EC10 Connex 60x50x50 until 9907,34100
303440,"Tilt cylinder EC02 ss0, ss3RX",135000
303561,"Tilt cylinder EC02 ss5, ss10, ss9, ss1, ss3",172800
1053601,Tilt cylinder EC02B,222200
1008573,Tilt cylinder EC05B Bobcat Black,1210
1001840,Tilt cylinder EC05B for overcenter,245400
1000311,Tilt cylinder EC10 cast yoke,229900
1008113,Tilt cylinder EC10 for overcenter,200600
400553,Tilt cylinder EC10 not cast yoke,172800
404998,Tilt cylinder EC10 not cast yoke-Marine,370400
1011835,Tilt cylinder EC10B,217600
1011837,Tilt cylinder EC10B for overcenter,307100
1000312,Tilt cylinder EC15 cast yoke,205200
1008114,Tilt cylinder EC15A for overcenter,250000
1011836,Tilt cylinder EC15B,220700
1011838,Tilt cylinder EC15B for overcenter-valve,299400
1061364,Tilt cylinder EC15B Ø40 piston rod for overcenter,365700
1013499,"Tilt cylinder EC15B Sl:350,5 for overcenter",229900
303385,Tilt cylinder EC20 cast yoke,265400
1005835,Tilt cylinder EC20 SL:317 for EC15,229900
1029849,Tilt cylinder EC204,259300
1077744,Tilt cylinder EC204B,237700
1023189,Tilt cylinder EC206 with Attachment for central lu,263900
1066135,"Tilt cylinder EC206, EC206B",288600
1019630,Tilt cylinder EC209,294800
1023761,"Tilt cylinder EC209 1019630 incl. Plug ss5,ss10",334900
1041412,Tilt cylinder EC209 for overcenter 730269,307100
1014264,Tilt cylinder EC20B for overcenter,225300
1006888,Tilt cylinder EC20W SL:450mm,197500
1024186,Tilt cylinder EC214,302500
1041414,Tilt cylinder EC214 for overcenter 730269,313300
1030380,Tilt cylinder EC214W,373500
1019892,Tilt cylinder EC219 ( cast waist ),307100
1019892-25YEARSILVER,Tilt cylinder EC219 ( cast waist ) Fine Silver 25years,336400
1070275,Tilt cylinder EC219 (cast waist) for overcenter 730277,245400
1023714,"Tilt cylinder EC219 incl. Plug ss5,ss10",350300
1023811,Tilt cylinder EC219W/EC226W,327200
1019884,Tilt cylinder EC226 ( cast waist ),317900
1072285,Tilt cylinder EC226 (cast waist) for overcenter 730277,231500
1026747,Tilt cylinder EC226 CC125/SL387 ( cast waist ),254600
1023716,"Tilt cylinder EC226 incl. Plug ss5,ss10",350300
1039112,Tilt cylinder EC233/EC333 Ø90/45 for overcenter,316400
1014952,Tilt cylinder EC26 cast yoke,188300
301630,Tilt cylinder EC30 Ø90/45 E.L as of 031001,229900
1014265,Tilt cylinder EC30 Ø90/45 for overcenter,300900
400552,Tilt cylinder-EC05,137000
400697,Tilt cylinder-EC15 not cast yoke,179000
400554,Tilt cylinder-EC20 not cast yoke,200600
405739,Tilt cylinder-EC20-for EC15 not cast yoke,149400
300735,Tilt cylinder-EC30-100/50,183600
301702,Tilt pipe EC10 left,16800
301703,Tilt pipe EC10 right,16800
301704,Tilt pipe EC20 left,4300
301705,Tilt pipe EC20 right,4300
301706,Tilt pipe EC30 left,12800
301707,Tilt pipe EC30 right,12800
8001544,Tilt Sensor,56800
8002467,Tilt Sensor EC204B,62300
8000700,Tilt sensor-ePS,243800
810501,Tool 8P/12P ILME,24700
1065804,Tool GRD-Q/SWD 19mm,700
1045672,Tool GRD-Q/SWD 32mm,4600
6000438,"Tool spring 25/12,5-51",1900
640117,Tool spring 63/38x305 VB,87700
640113,Tool spring blue 20x115,3400
6000376,Tool spring blue 20x44,1200
6000036,Tool spring blue 40x254,22100
6000281,Tool spring CW45 VB,162000
1027659,Tool spring green 32x203x16,8800
640119,Tool spring yellow 20/10x25,4600
1018633,Tooth adapter ESCO ultralock U25 25,30900
1018507,Tooth adapter ESCO ultralock U30 40,45400
1016913,"Tooth blade CAT 3,5""",61300
1051661,Tooth holder SG19-ESCO-UL-U25,66400
302040,Tooth holder SK15,41700
301866,Tooth holder SK20,55700
1057865,"Tooth kit ESCO-SK20, SG26",344100
1057866,"Tooth kit ESCO-SK30, SG33",484600
1074610,"Tooth kit SK02, SK05, SK10, SG03, SG06, SG09, SG12",59400
1074611,"Tooth kit SK15, SG19",206800
EP400015,"Tooth kit SK15, SG19",183600
1074612,"Tooth kit SK20, SK30, SG26, SG33",209900
660102,Tooth SK05/SG06ST,10300
660101,Tooth SK20ST B-cover,13400
1038132,Tooth tip ESCO ultralock U20S,31600
1018510,Tooth tip ESCO ultralock U25S,42000
1018506,Tooth tip ESCO ultralock U30S,57700
750304,Top nut 100/50,61300
750312,Top nut 110/60 SK20,64400
1010361,Top nut 125/70 SK30,60200
750317,Top nut 40/20 ECpup UNI,27800
750311,Top nut 50/25-tilt cylinder-EC02,32700
750306,Top nut 50/32-grab cylinder 10,32700
7000381,Top nut 50/32-grab cylinder GRD45/50,25900
1076423,Top nut 50/32-grab cylinder GRD45B,21900
750301,Top nut 63/32,64400
1066139,Top nut 63/32-EC206B-cast yoke,25000
750307,Top nut 63/32-SK05-EC05B/EC10/EC15-cast yoke,44600
750305,Top nut 63/40,40300
1058001,Top nut 63/40 tilt cylinder Wide,37800
750314,Top nut 70/32-grab cylinder 20RR Rail,40300
750302,Top nut 80/40,73100
750308,Top nut 80/40-SK15-EC26/EC20 cast yoke,58800
1017114,Top nut 80/45-EC219/EC226,98800
750313,Top nut 80/50-SK15,51400
750303,Top nut 90/45,59600
7002100,Top nut 90/45 - Old,43800
1003536,Top nut E.L - 16mm lock S40 EC05B,27500
7002054,Top nut Ø50x25 L - Tilt cylinder - EC02B,21300
1077443,Top nut Ø50x25 L - Tilt cylinder - EC204B,14800
7001704,Top nut-Grab cylinder-GR20R2,38000
1055907,Top nut-Locking cylinder-QS40 (1056690),18800
1025385,Top nut-Locking cylinder-QS45/QS50 (1027573),27900
1023967,Top nut-Locking cylinder-QS60 (1027595),29200
1035618,Top nut-Locking cylinder-QS70 80/50 (1035613),33300
750320,"Top nut-Locking cylinder-S70, S80, KM09 (1014515)",38900
1066009,Top part  HYD EC209S,711400
1031718,Top part 27 510mm EC226 ECHF,526200
1040631,Top part 27 530 EC233,963000
101274,Top part 27 530mm EC30,953700
1069802,Top part CW05GP EC02,584900
1065603,Top part CW05GP EC204,604900
1078556,Top part CW05GP EC204B,537000
1043923,Top part CW40 EC233,1100300
1064797,Top part CW40 EC233S,1131200
1050180,Top part CW40S EC233,1126500
1000634,Top part EC02,412000
1000812,Top part EC02,415100
1000971,Top part EC02,429000
1001243,Top part EC02,412000
1001994,Top part EC02,1795
1005520,Top part EC02,412000
1010968,Top part EC02,396600
1011576,Top part EC02,412000
1012000,Top part EC02,425900
1013729,Top part EC02,412000
1013862,Top part EC02,412000
1015112,Top part EC02,412000
1015335,Top part EC02,412000
1017465,Top part EC02,416700
102606,Top part EC02,412000
102613,Top part EC02,412000
102646,Top part EC02,412000
102648,Top part EC02,370400
102652,Top part EC02,419800
102653,Top part EC02,429000
102701,Top part EC02,412000
102710,Top part EC02,439800
102714,Top part EC02,439800
102728,Top part EC02,412000
102740,Top part EC02,412000
102827,Top part EC02,446000
102829,Top part EC02,382700
1028636,Top part EC02,199100
1029010,Top part EC02,432100
1043354,Top part EC02,412000
1045637,Top part EC02,412000
1057215,Top part EC02,297800
1059736,Top part EC02,412000
1065015,Top part EC02,631200
1065257,Top part EC02,236100
1067928,Top part EC02,412000
1073112,Top part EC02,429000
1076352,Top part EC02,370400
1077534,Top part EC02,407400
1078424,Top part EC02,412000
1080048,Top part EC02,273100
1084331,Top part EC02,382700
1008145,"Top part EC05B CC220,Ø45,W160",631200
1010324,"Top part EC05B CC245,Ø45,W145",631200
1010397,"Top part EC05B CC270,Ø45,W165 lubricated pin",638900
1018722,"Top part EC05B CC285,Ø45,B165 lubricated pin",631200
1022260,"Top part EC05B CC345,Ø45,B168",609600
1006655,Top part EC10,959900
1006549,"Top part EC15 CC330,Ø60,W281",864200
1005669,"Top part EC15 CC380,Ø60,W262",875000
1005667,"Top part EC15 CC380,Ø65,W276",864200
1005674,"Top part EC15 CC410,Ø65,W221",963000
1001531,Top part EC20,506200
1032701,Top part EC204,429000
1032703,Top part EC204,453700
1032921,Top part EC204,475300
1033777,Top part EC204,450600
1033905,Top part EC204,450600
1034066,Top part EC204,429000
1034142,Top part EC204,450600
1034907,Top part EC204,446000
1034993,Top part EC204,429000
1035107,Top part EC204,475300
1036133,Top part EC204,429000
1036374,Top part EC204,558600
1036992,Top part EC204,446000
1037662,Top part EC204,484600
1037708,Top part EC204,446000
1037976,Top part EC204,446000
1038041,Top part EC204,450600
1038602,Top part EC204,429000
1041712,Top part EC204,450600
1042566,Top part EC204,331800
1045645,Top part EC204,629600
1046853,Top part EC204,219100
1050598,Top part EC204,342600
1052564,Top part EC204,450600
1056357,Top part EC204,409000
1061105,Top part EC204,469100
1061636,Top part EC204,425900
1062648,Top part EC204,450600
1077334,Top part EC204,444400
1078413,Top part EC204,446000
1059820,Top part EC204 1T,560200
1060469,Top part EC204 1T,452200
1060514,Top part EC204 1T,282400
1060535,Top part EC204 1T,282400
1060909,Top part EC204 1T,452200
1060912,Top part EC204 1T,282400
1060954,Top part EC204 1T,282400
1061006,Top part EC204 1T,358000
1061377,Top part EC204 1T,282400
1061440,Top part EC204 1T,452200
1061615,Top part EC204 1T,429000
1061637,Top part EC204 1T,493800
1062394,Top part EC204 1T,282400
1062436,Top part EC204 1T,282400
1063670,Top part EC204 1T,282400
1065038,Top part EC204 1T,452200
1065114,Top part EC204 1T,446000
1065742,Top part EC204 1T,293200
1067765,Top part EC204 1T,402800
1069946,Top part EC204 1T,385800
1071607,Top part EC204 1T,452200
1077193,Top part EC204 1T,444400
1078415,Top part EC204 1T,503100
1080592,Top part EC204B 0T,458300
1080908,Top part EC204B 0T,530900
1080166,Top part EC204B 1T,726900
1080217,Top part EC204B 1T,689800
1080255,Top part EC204B 1T,726900
1080332,Top part EC204B 1T,726900
1080336,Top part EC204B 1T,726900
1080814,Top part EC204B 1T,546300
1080907,Top part EC204B 1T,530900
1081153,Top part EC204B 1T,530900
1081166,Top part EC204B 1T,530900
1081187,Top part EC204B 1T,530900
1081280,Top part EC204B 1T,689800
1081302,Top part EC204B 1T,530900
1081439,Top part EC204B 1T,530900
1081445,Top part EC204B 1T,530900
1081537,Top part EC204B 1T,530900
1081559,Top part EC204B 1T,515400
1081676,Top part EC204B 1T,538600
1082239,Top part EC204B 1T,546300
1082297,Top part EC204B 1T,530900
1082369,Top part EC204B 1T,492300
1083397,Top part EC204B 1T,492300
1083676,Top part EC204B 1T,689800
1082252,Top part EC204B 1T ear,470700
1062261,Top part EC206 3T,404300
1072775,Top part EC206B 3T,736100
1077895,Top part EC206B 3T,546300
1072815,"Top part EC206B CC180,Ø40,W135 3T",663600
1076889,"Top part EC206B CC200,Ø40,W136 3T lubricated pin",663600
1076256,"Top part EC206B CC230,Ø45,W156 3T",655900
1081061,"Top part EC206B CC230,Ø45,W160 3T",706800
1074142,"Top part EC206B CC240,Ø45,W152 0T lubricated pin",683600
1075336,"Top part EC206B CC240,Ø45,W152 3T lubricated pin",683600
1072832,"Top part EC206B CC240,Ø45,W160 3T lubricated pin",683600
1072712,"Top part EC206B CC250,Ø45,W145 3T",663600
1080319,"Top part EC206B CC250,Ø45,W166 3T lubricated pin",706800
1075301,"Top part EC206B CC250,Ø45,W172 3T",706800
1079929,"Top part EC206B CC250,Ø45,W172 3T ear",697500
1074484,"Top part EC206B CC260,Ø45,W156 3T",683600
1071584,"Top part EC206B CC270,Ø45,W141 1T",560200
1081398,"Top part EC206B CC270,Ø45,W156 3T",683600
1071581,"Top part EC206B CC310,Ø50,W165 3T",663600
1066008,Top part EC206S,446000
1066112,Top part EC206S,615700
1067351,Top part EC206S,529300
1066257,Top part EC206S 3T,679000
1066303,Top part EC206S 3T,740700
1066333,Top part EC206S 3T,746900
1066385,Top part EC206S 3T,740700
1066723,Top part EC206S 3T,409000
1066940,Top part EC206S 3T,416700
1067116,Top part EC206S 3T,736100
1069283,Top part EC206S 3T,586400
1051813,"Top part EC206S CC180,Ø40,W135 1T",425900
1028767,"Top part EC206S CC180,Ø40,W141 1T",279300
1028729,"Top part EC206S CC190,Ø40,W125 1T lubricated pin",615700
1029917,"Top part EC206S CC190,Ø40,W140 1T",586400
1047923,"Top part EC206S CC200,Ø40,W125 1T lubricated pin",615700
1066012,"Top part EC206S CC200,Ø40,W136 1T lubricated pin",615700
1061709,"Top part EC206S CC220,Ø45,W150 1T",334900
1027185,"Top part EC206S CC220,Ø45,W160 1T",586400
1026914,"Top part EC206S CC230,Ø45(44,8),W170 1T",586400
1027475,"Top part EC206S CC230,Ø45,W160 1T",586400
1033730,"Top part EC206S CC230,Ø45,W160 1T lubricated pin",679000
1056953,"Top part EC206S CC240,Ø45,W152 0T lubricated pin",729900
1028634,"Top part EC206S CC240,Ø45,W152 1T",586400
1029524,"Top part EC206S CC240,Ø45,W152 1T lubricated pin",679000
1038424,"Top part EC206S CC240,Ø45,W160",524700
1063762,"Top part EC206S CC240,Ø45,W160 1T lubricated pin",586400
1028142,"Top part EC206S CC250,Ø40,W161",586400
1064014,"Top part EC206S CC250,Ø45,W145 0T",586400
1027962,"Top part EC206S CC250,Ø45,W145 1T",586400
1024604,"Top part EC206S CC250,Ø45,W166 1T lubricated pin",586400
1027623,"Top part EC206S CC250,Ø45,W172 1T",586400
1069159,"Top part EC206S CC250,Ø45,W172 1T ear",506200
1070060,"Top part EC206S CC250,Ø45,W172 1T ear lubricated pin",702200
1044657,"Top part EC206S CC250,Ø45,W172 1T lubricated pin",679000
1027031,"Top part EC206S CC250,Ø50,W196 1T",586400
1027736,"Top part EC206S CC260,Ø45,W155 1T",586400
1027447,"Top part EC206S CC260,Ø45,W156 1T",586400
1065388,"Top part EC206S CC260,Ø45,W168 1T",279300
1030778,"Top part EC206S CC270,Ø45,W141 1T",586400
1074323,"Top part EC206S CC270,Ø45,W141 1T ear",524700
1042367,"Top part EC206S CC270,Ø45,W156 1T",586400
1027330,"Top part EC206S CC270,Ø45,W165 1T lubricated pin",679000
1062621,"Top part EC206S CC280,Ø45,W161 1T",586400
1074221,"Top part EC206S CC280,Ø50,W165 1T",586400
1027699,"Top part EC206S CC290,Ø45,W165 1T lubricated pin",679000
1033424,"Top part EC206S CC290,Ø50,W182 1T lubricated pin",679000
1039265,"Top part EC206S CC310,Ø45,W160 1T",291700
1072897,"Top part EC206S CC310,Ø45,W161 1T",586400
1057329,"Top part EC206S CC310,Ø50,W165 1T",620400
1064680,Top part EC206S UNI welded 1T,267000
1067339,Top part EC206S-3T,1058600
1040366,Top part EC209,941400
1051506,Top part EC209,941400
1056622,Top part EC209,515400
1056808,Top part EC209,854900
1057138,Top part EC209,910500
1057193,Top part EC209,941400
1079793,Top part EC209 3T,703700
1066579,Top part EC209B,1018500
1077234,Top part EC209B,885800
1066222,Top part EC209B 0T,836400
1082594,Top part EC209B 3T ear,821000
1067205,"Top part EC209B CC290,Ø45,W202 3T",759300
1061959,"Top part EC209B CC290,Ø50,W182 3T",925900
1060982,"Top part EC209B CC290,Ø60,W171 3T",604900
1063196,"Top part EC209B CC290,Ø60,W181 3T",925900
1061850,"Top part EC209B CC300,Ø50,W192 3T",925900
1063408,"Top part EC209B CC300,Ø55,W170 3T",774700
1063248,"Top part EC209B CC300,Ø55,W194 3T lubricated pin",925900
1059319,"Top part EC209B CC300,Ø60,W200 3T",925900
1062911,"Top part EC209B CC300,Ø60,W220 3T",537000
1066691,Top part EC209B CC310 3T Komatsu PC78/88,475300
1059807,"Top part EC209B CC310,Ø50,W165 3T lubricated pin",808600
1061965,"Top part EC209B CC310,Ø50,W202 3T",925900
1064635,"Top part EC209B CC310,Ø55,W202 3T",537000
1060279,Top part EC209B CC310/Ø49.7/W202 3T,800900
1074532,Top part EC209B CC310/Ø49.7/W202 3T ear,925900
1060398,"Top part EC209B CC350,Ø44,45,W168 3T",925900
1060957,"Top part EC209B CC410,Ø55,W170 3T",925900
1064679,Top part EC209B UNI welded 3T,404300
1065748,Top part EC209S 0T,1203700
1024482,"Top part EC209S CC290,Ø45,W202 3T",708300
1049674,"Top part EC209S CC290,Ø50,W161 3T",373500
1021874,"Top part EC209S CC290,Ø50,W182 3T",708300
1022738,"Top part EC209S CC290,Ø60,W171 3T",708300
1027150,"Top part EC209S CC290,Ø60,W181 3T",708300
1059360,"Top part EC209S CC300,Ø45,W163 3T",396600
1022094,"Top part EC209S CC300,Ø50,W192 3T",708300
1024566,"Top part EC209S CC300,Ø55,W170 3T",708300
1038442,"Top part EC209S CC300,Ø55,W194 3T lubricated pin",708300
1023093,"Top part EC209S CC300,Ø60,W200 3T",708300
1031433,"Top part EC209S CC300,Ø60,W220 3T",708300
1066317,Top part EC209S CC310 3T,444400
1047710,"Top part EC209S CC310,Ø50,W165 3T lubricated pin",671300
1022580,"Top part EC209S CC310,Ø50,W202 3T",708300
1020944,"Top part EC209S CC310,Ø50,W202 3T lubricated pin",800900
1046665,"Top part EC209S CC310,Ø55,W202 3T",685200
1025046,Top part EC209S CC310/Ø49.7/W202 3T,800900
1025981,"Top part EC209S CC340,Ø45,W201 3T",708300
1029489,Top part EC209S CC340/Ø49.7/W163 3T,333300
1023753,"Top part EC209S CC350,Ø44,45,W168 3T",708300
1036959,"Top part EC209S CC370,Ø50,W196 3T",708300
1035925,Top part EC209S CC370/Ø49.7/W202 3T,708300
1032572,"Top part EC209S CC410,Ø55,W170 3T",708300
1064678,Top part EC209S UNI V2 welded 3T,404300
1066306,Top part EC214S,956800
1066524,Top part EC214S,629600
1066943,Top part EC214S,748500
1066957,Top part EC214S,848800
1067066,Top part EC214S,1089500
1067077,Top part EC214S,612700
1070317,Top part EC214S,550900
1066807,Top part EC214S 3T,953700
1065479,Top part EC214S 5T,964500
1029576,"Top part EC214S CC290,Ø50,W182 5T",944400
1032272,"Top part EC214S CC300,Ø55,W204 5T",944400
1031434,"Top part EC214S CC300,Ø60,W220 5T",944400
1075293,"Top part EC214S CC300,Ø60,W272/212 5T",944400
1044344,Top part EC214S CC310/Ø49.8/W202 5T,549400
1066578,"Top part EC214S CC330,Ø60,W252 5T",944400
1028662,"Top part EC214S CC330,Ø60,W281 5T",944400
1079085,"Top part EC214S CC350,Ø50,W201 5T",944400
1029999,"Top part EC214S CC360,Ø65,W256 5T",944400
1045541,"Top part EC214S CC370,Ø65,W252 0T",944400
1064366,"Top part EC214S CC370,Ø65,W254 0T",540100
1037019,"Top part EC214S CC370,Ø65,W254 5T",944400
1046472,"Top part EC214S CC370,Ø65,W256 5T",944400
1032690,Top part EC214S CC370/Ø49.8/W202 5T,944400
1080042,Top part EC214S CC380 0T Komatsu PW130-148/PC130/138,476900
1066318,Top part EC214S CC380 5T,475300
1080047,Top part EC214S CC380 5T ear Komatsu PW130-148/PC130/138,625000
1080046,Top part EC214S CC380 5T Komatsu PW130-148/PC130/138,609600
1083577,"Top part EC214S CC380,Ø60,W257 5T",944400
1032165,"Top part EC214S CC380,Ø60,W262 5T",944400
1069174,"Top part EC214S CC380,Ø65,W228/226 5T",517000
1027817,"Top part EC214S CC380,Ø65,W256 5T",1037000
1065724,"Top part EC214S CC380,Ø65,W256 5T ear",944400
1033786,"Top part EC214S CC380,Ø65,W275 5T",944400
1031823,"Top part EC214S CC390,Ø65,W260 5T lubricated pin",1006200
1043125,"Top part EC214S CC390,Ø75,W262 5T",944400
1080268,"Top part EC214S CC410,Ø64,75,W221 0T",932100
1060496,"Top part EC214S CC410,Ø64,75,W221 5T",944400
1030016,"Top part EC214S CC410,Ø65,W221 5T",517000
1084977,"Top part EC214S CC410,Ø65,W252 0T",470700
1063464,"Top part EC214S CC410,Ø65,W262 0T",470700
1031277,"Top part EC214S CC410,Ø65,W262 5T",944400
1054980,"Top part EC214S CC430,Ø60,W214 5T",470700
1028353,"Top part EC214S CC430,Ø70,W282 5T",944400
1064657,Top part EC214S UNI welded 0T,455200
1064677,Top part EC214S UNI welded 5T,538600
1061977,Top part EC214S UNI welded 5T ear,470700
1052586,Top part EC219 5T V2,1378100
1065266,Top part EC219 8T,1376500
1065138,Top part EC219S,1108000
1065564,Top part EC219S,953700
1066251,Top part EC219S,833300
1066515,Top part EC219S,572500
1066703,Top part EC219S,870400
1066874,Top part EC219S,659000
1066893,Top part EC219S,870400
1066778,Top part EC219S 3T,953700
1079850,Top part EC219S 5T,950600
1068295,Top part EC219S 5T ear,1108000
1083674,Top part EC219S 5T ear,659000
1065000,Top part EC219S 8T,950600
1065668,Top part EC219S 8T,953700
1066293,Top part EC219S 8T,1012400
1066403,Top part EC219S 8T,867300
1066679,Top part EC219S 8T,979900
1066883,Top part EC219S 8T,700600
1025819,"Top part EC219S CC330,Ø60,W252 5T",1035500
1019045,"Top part EC219S CC330,Ø60,W281 5T",1035500
1067971,"Top part EC219S CC330,Ø60,W281 5T ear",1129600
1040210,"Top part EC219S CC330,Ø60,W281 8T",1007700
1071465,"Top part EC219S CC330,Ø75,W316/276 5T",885800
1025305,"Top part EC219S CC340,Ø60,W272/212 5T",1035500
1040067,"Top part EC219S CC340,Ø60,W272/212 8T",919800
1070833,"Top part EC219S CC350,Ø65,W262 5T",885800
1021588,"Top part EC219S CC360,Ø65,W256 5T",1035500
1054774,"Top part EC219S CC360,Ø65,W256 8T",558600
1036549,"Top part EC219S CC370,Ø60,W252 5T",527800
1020543,"Top part EC219S CC370,Ø65,W254 5T",1035500
1075929,"Top part EC219S CC370,Ø65,W254 8T",929000
1020394,"Top part EC219S CC370,Ø65,W256 5T",1035500
1059115,"Top part EC219S CC370,Ø65,W256 8T",571000
1069180,"Top part EC219S CC370,Ø65,W256 8T",885800
1066319,Top part EC219S CC380 5T,666700
1019781,"Top part EC219S CC380,Ø60,W262 5T",1035500
1040053,"Top part EC219S CC380,Ø60,W262 8T",854900
1058414,"Top part EC219S CC380,Ø65,W228/226 5T",1035500
1071232,"Top part EC219S CC380,Ø65,W228/226 8T",885800
1021021,"Top part EC219S CC380,Ø65,W256 5T",1035500
1039976,"Top part EC219S CC380,Ø65,W256 8T",1035500
1019777,"Top part EC219S CC380,Ø65,W275 5T",1035500
1040759,"Top part EC219S CC380,Ø65,W275 8T",1035500
1021182,"Top part EC219S CC390,Ø65,W256 5T",1035500
1021951,"Top part EC219S CC390,Ø75,W262 5T",1035500
1077417,"Top part EC219S CC400,Ø65,W254 5T",1023200
1075313,"Top part EC219S CC400,Ø65,W254 8T",1035500
1056432,"Top part EC219S CC400,Ø65,W260 5T lubricated pin",1111100
1075339,"Top part EC219S CC400,Ø65,W260 8T lubricated pin",1111100
1023203,"Top part EC219S CC400,Ø70,W282 5T",1035500
1084044,"Top part EC219S CC400,Ø70,W282 5T Ear",1035500
1069526,"Top part EC219S CC400,Ø70,W282 8T",885800
1072725,"Top part EC219S CC400,Ø70,W312 8T",987700
1079248,Top part EC219S CC410 5T Komatsu PW170/180/198,638900
1079260,Top part EC219S CC410 8T Komatsu PW170/180/198,638900
1056986,"Top part EC219S CC410,Ø64,75,W221 5T",1035500
1058388,"Top part EC219S CC410,Ø64,75,W221 8T",1035500
1021188,"Top part EC219S CC410,Ø65,W221 5T",1035500
1019985,"Top part EC219S CC410,Ø65,W262 0T",1035500
1020562,"Top part EC219S CC410,Ø65,W262 5T",1035500
1044152,"Top part EC219S CC410,Ø65,W262 8T",1035500
1043392,"Top part EC219S CC410,Ø70,W256 5T",1035500
1068969,"Top part EC219S CC410,Ø70,W256 8T",885800
1021204,"Top part EC219S CC410,Ø70,W308 5T",1035500
1069693,"Top part EC219S CC410,Ø70,W312 5T",1035500
1078654,"Top part EC219S CC410,Ø70,W312 8T",1035500
1061402,"Top part EC219S CC420,Ø60,W282 5T",506200
1045623,"Top part EC219S CC420,Ø71,W282 0T",517000
1029004,"Top part EC219S CC420,Ø71,W282 5T",1035500
1044907,"Top part EC219S CC420,Ø71,W282 8T",1035500
1021018,"Top part EC219S CC420,Ø80,W308 0T",1035500
1021012,"Top part EC219S CC420,Ø80,W308 5T",1035500
1066335,"Top part EC219S CC420,Ø80,W308 5T Ear",1035500
1045370,"Top part EC219S CC420,Ø80,W308 8T",723800
1042788,"Top part EC219S CC430,Ø65,W281 0T",1035500
1021619,"Top part EC219S CC430,Ø70,W282 0T",1035500
1021010,"Top part EC219S CC430,Ø70,W282 5T",1035500
1047994,"Top part EC219S CC430,Ø70,W282 8T",1015400
1021718,"Top part EC219S CC430,Ø70,W304 5T",1035500
1078168,"Top part EC219S CC430,Ø70,W304 8T",1035500
1068107,"Top part EC219S CC440,Ø70,W289 8T",1071000
1020239,"Top part EC219S CC440,Ø70,W290 5T",1035500
1020584,"Top part EC219S CC440,Ø80,W302 5T",1035500
1068824,"Top part EC219S CC440,Ø80,W302 8T",885800
1022265,"Top part EC219S CC460,Ø70,W282 5T",1035500
1045489,"Top part EC219S CC460,Ø70,W282 8T",1071000
1064655,Top part EC219S UNI welded 0T,566400
1064675,Top part EC219S UNI welded 5T,574100
1061955,Top part EC219S UNI welded 5T ear,604900
1066519,Top part EC219S-8T,910500
1023002,Top part EC226,1475300
1068111,Top part EC226,1027800
1073827,Top part EC226 0T,944400
1065084,Top part EC226S,887300
1065166,Top part EC226S,918200
1065766,Top part EC226S,1125000
1066558,Top part EC226S,1475300
1066694,Top part EC226S,907400
1066871,Top part EC226S,1123500
1080282,Top part EC226S,873500
1064960,Top part EC226S 0T,1475300
1065359,Top part EC226S 8T,1424400
1066017,Top part EC226S 8T ear,1165100
1052228,"Top part EC226S CC370,Ø60,W260 8T",1111100
1076849,"Top part EC226S CC370,Ø70,W289 8T",1125000
1061655,"Top part EC226S CC380,Ø65,W275 8T",615700
1071858,"Top part EC226S CC390,Ø65,W256 8T",1125000
1084198,"Top part EC226S CC400,Ø65,W254 8T",1125000
1070148,"Top part EC226S CC400,Ø70,W282 8T",961400
1059594,"Top part EC226S CC410,Ø65,W262 8T",1125000
1041497,"Top part EC226S CC410,Ø70,W302 8T",1401200
1034937,"Top part EC226S CC410,Ø70,W308 8T",1125000
1069694,"Top part EC226S CC410,Ø70,W312 8T",1125000
1025694,"Top part EC226S CC420,Ø70,W304 8T",1125000
1036509,"Top part EC226S CC420,Ø71,W282 8T",1106500
1023746,"Top part EC226S CC420,Ø80,W308 8T",1125000
1020809,"Top part EC226S CC420,Ø80/70,W348 8T",1125000
1045436,"Top part EC226S CC430,Ø80,W327 0T",1125000
1020897,"Top part EC226S CC440,Ø70,W290 8T",1125000
1026376,"Top part EC226S CC440,Ø80,W302 8T",1125000
1018060,"Top part EC226S CC450,Ø80,W308 8T",1125000
1080782,"Top part EC226S CC450,Ø80,W312 0T",1125000
1017808,"Top part EC226S CC450,Ø80,W312 8T",1125000
1054969,"Top part EC226S CC450,Ø80,W327 0T",1125000
1021346,"Top part EC226S CC450,Ø80,W327 8T",1125000
1025011,"Top part EC226S CC460,Ø70,W282 8T",1125000
1018419,"Top part EC226S CC460,Ø80,W326 8T",1125000
1018062,"Top part EC226S CC460,Ø80,W334 8T",1125000
1019969,"Top part EC226S CC470,Ø80,W326 8T",1125000
1024901,"Top part EC226S CC470,Ø80,W334 8T",1125000
1066643,Top part EC226S CC480 8T,572500
1024235,"Top part EC226S CC480,Ø80,W308 8T",1125000
1067298,"Top part EC226S CC480,Ø80,W316 8T",739200
1073573,"Top part EC226S CC480,Ø80,W340/322 8T",1125000
1072858,"Top part EC226S CC500,Ø90,W327 8T",1009300
1064654,Top part EC226S UNI welded 0T,716000
1064669,Top part EC226S UNI welded 8T,672800
1045202,Top part EC233,966000
1046558,Top part EC233,1379600
1064733,Top part EC233S,1981500
1064735,Top part EC233S,1967600
1064736,Top part EC233S,1584900
1064762,Top part EC233S,1584900
1064764,Top part EC233S,1634300
1064855,Top part EC233S,1924400
1064856,Top part EC233S,1924400
1064857,Top part EC233S,1973800
1064858,Top part EC233S,1821000
1064860,Top part EC233S,1675900
1064862,Top part EC233S,1848800
1064863,Top part EC233S,1924400
1064865,Top part EC233S,1924400
1064931,Top part EC233S,1967600
1064997,Top part EC233S,1427500
1065135,Top part EC233S,1901200
1065136,Top part EC233S,1929000
1065140,Top part EC233S,1393500
1065141,Top part EC233S,1901200
1076667,Top part EC233S,1092600
102323,Top part FH ZX270/ZX280/ZX290 EC30,1185200
1066155,Top part HYD EC206S,541700
1080444,Top part HYD EC209B,441400
1030267,Top part LE-EC214,1284000
1042886,Top part Lehnhoff SW03 EC02,665100
1056077,Top part Lehnhoff SW03 EC204,609600
1039064,Top part Lehnhoff SW03 EC206,654300
1038153,Top part Lehnhoff SW08 EC209,612700
1054932,Top part Liebherr SW48-EC219W,896600
1066677,Top part Liebherr SW48-LIKUFIX-EC219WS,1172800
1066790,Top part Liebherr SW48-LIKUFIX-EC226S,9384
1066956,Top part Liebherr-SW33 V2-EC214S,856500
1031877,Top part Liebherr-SW33 V2-EC219,1012400
1041229,Top part Liebherr-SW48 V3-EC226,1250000
1025972,Top part Liebherr-SW48-EC30,1554000
1062683,Top part Liebherr-SW48-LIKUFIX-EC233,8656
1044177,Top part Mecalac Connect 15MWR EC214,407400
1021411,"Top part Menzi Muck A91,M3,M5 EC219",1378100
1065042,Top part NTP30 EC233S,1584900
1067003,Top part offset-40 EC214S,612700
1067450,Top part offset-40 EC214S,1257700
1069157,Top part offset-40 EC214S 5T ear,612700
1066235,Top part offset-40 EC219S 5T,737700
1063865,Top part offset-40 EC226 8T,1180600
1065063,Top part offset-40 EC226S,996900
1065264,Top part offset-40 EC226S,767000
1065333,Top part offset-40 EC226S 8T,996900
1071474,Top part offset-40 EC233S,1591000
1064933,Top part offset-40 OrigPins EC233S,1567900
1048472,Top part Original Pins EC233,1567900
1062174,Top part QS40 EC204,284000
1074347,Top part QS40 EC204B,284000
1062614,Top part QS40 EC206B,404300
1064103,Top part QS45 EC206S,452200
1025799,Top part QS45 EC209,592600
1064575,Top part QS45 EC209B,642000
1064198,Top part QS45 EC214S,550900
1033762,Top part QS45 W wide EC209,760800
1064569,Top part QS50 EC206S,547800
1027892,Top part QS50 EC209,571000
1068175,Top part QS50 EC209B,453700
1029762,Top part QS50 EC214,589500
1064524,Top part QS50 EC214S,589500
1064194,Top part QS50 W wide EC209S,896600
1064529,Top part QS60 EC214S,526200
1064197,Top part QS60 EC219S,691400
1024776,Top part QS70 EC226,716000
1064571,Top part QS70 EC226S ECHF,694400
1064189,Top part QS70 EC233S/EC333,1146600
1027046,Top part QS70 EC30,1188300
1064574,Top part QS80 EC233S/EC333,1316400
1035314,Top part QS80 EC30,1203700
1006438,Top part S1 412mm EC15,873500
100686,Top part S1 475mm EC30,953700
1072134,Top part S1 EC233S,1242300
1065400,Top part S1HD 432mm EC219S ECHF,697500
1065367,Top part S1HD 436mm EC226S ECHF,726900
102276,Top part S1HD+ 412mm EC20,723800
1031362,Top part S2 510mm EC226 ECHF,910500
1043561,Top part S2 530 EC233,1126500
101969,Top part S2 530mm EC30,953700
1043506,Top part S3 EC233,1200600
102600,Top part S30/150 EC02,263900
102779,Top part S30/180 EC02,262300
1082409,Top part S30/180 EC02B,262300
102604,Top part S40 EC02,331800
1002844,Top part S40 EC05B,333300
1027970,Top part S40 EC204,256200
1013453,Top part S45 EC10 high,441400
1005268,Top part S45 EC15,665100
1013441,Top part S50 EC10 high,441400
1001604,Top part S60 EC15,750000
1000454,Top part S60 EC20,848800
1003353,Top part S70 EC20,784000
1046738,Top part SMP105 EC233,1651200
1025552,Top part Verachtert CW10 EC209,1219100
1067221,Top part Verachtert CW10 EC209B,506200
1065794,Top part Verachtert CW30 EC226WS,787000
1067109,Top part Verachtert CW30S EC214WS,544800
1066539,Top part Verachtert CW30S EC219S,762300
1066751,Top part Verachtert CW30S EC226S,708300
100969,Top part Verachtert CW40 EC30,2435200
1038003,Towing pin Ø16x98,7400
810505,"Tractor lubrication nipple 1/8"" stainless",5400
1062517,Transport Protection ECO40 TECO,5400
1035199,Transport Protection ECO45/50 TECO,5400
1033412,Transport Protection ECO60 TECO,5400
1035200,Transport Protection ECO70 TECO,5600
1052433,Transport Protection ECO80 TECO,6500
1080999,Transport rack TR-//,142100
1079059,Transport rack TR30/180,169800
1068563,Transport rack TR40,175900
1062416,Transport rack TR45,157400
1065758,Transport rack TR50,273100
1062094,Transport rack TR60,169800
1062420,Transport rack TR70,200600
1068626,Transport rack TR80,271600
8002142,T-Splitter M12-5P,21500
7001870,T-Swivel union - M10x1 with plug,7700
790211,Tube clamp DSLK1616 PP,400
790215,Tube clamp DSLK2020 PP,600
8001012,Tube clamp NW29,3500
7000411,Tube clamp TIPP SMARTLOCK 11-15mm,900
7000413,Tube clamp TIPP SMARTLOCK 21-23mm,900
7001889,Tube clamp TSLK4020 PP,1300
7000928,Tube clamp TSLK4030 ALU,6800
7001151,Tube clamp TSLK5038 ALU,7700
7001980,Tube sleeve 45° Push-In 15mm,2000
7000318,Tube sleeve 90° Push-In,2500
7001521,Tube sleeve straight Push-In - 20mm,1300
790175,Tube sleeve straight Push-In-30mm,1200
1011799,Tube unit reconstruction kit EC05B,107400
9000299,Type plate - 114x30,700
9000039,Type plate - 87x50,1500
9000178,Tyvek tag - Tilt angle sensor cable female - 50x50,300
9000179,Tyvek tag - Tilt angle sensor cable male - 50x50,300
613006,U-brackets Ø95,2900
1049315,Unit cable 3rd PTY DC2 ECO W QS45-QS80-3m,19600
8002477,Unit cable 3rd PTY DC2/DC3 ECO W QS/S45-QS/S80-3m,27500
1047111,Unit cable 3rd PTY ss10 ECO W QS45-QS80-3m,13300
1047113,Unit cable 3rd PTY ss9-2 ECO W QS45-QS80-3m,18400
1009569,"Unit cable DC1 DT EC02-2,6m",75300
8001201,"Unit cable DC2 DT EC206-EC233-3,9m",46800
8002470,"Unit cable DC2 DT ePS EC204B-3,75m",44800
8000763,"Unit cable DC2 DTM EC02B-EC204-3,7m",46900
1018349,Unit cable DC2 ECO DT QS45-QS50-2m,50500
1025832,Unit cable DC2 ECO DT QS60-QS70-3m,53100
1029587,"Unit cable DC2 ECO QS45-QS50-2,5m",49100
1029588,"Unit cable DC2 ECO QS60-QS80-3,5m",54000
1048527,"Unit cable DC2 ECO W (Q)S45-QS60-2,5m",42900
1048528,"Unit cable DC2 ECO W (Q)S60-(Q)S80-3,5m",48100
1057842,"Unit cable DC2 ECO W QS40-2,5m",32100
8002522,"Unit cable DC2 ECO W S40-2,5m",33600
8000175,"Unit cable DC2 JT EC206-EC233-3,9m",50000
8000424,"Unit cable DC2 Souriau EC219-EC226-2,5m",42000
8002539,"Unit cable DC3 DT EC204B, EC306 -3,4m",32300
8002371,"Unit cable DC3 EC206B-EC233-3,5m",33600
8002574,"Unit cable DC3 ECO W AMPS16 S70 MAP JD-2,1m",58600
1042246,Unit cable ePS ss0-ss10 ECO W QS45-QS80-3m,32400
8002458,"Unit cable ePS ss9, ss10, DC2 ECO W S45-S80-3m",21100
1043284,"Unit cable MACS ECO W QS45-QS50-2,5m",19800
1043276,"Unit cable MACS ECO W QS60-QS70-3,5m",36600
8002681,"Unit cable ss1 EC102-EC104-1,8m",15600
1046572,"Unit cable ss1/15-2 EC02-EC204-2,6m",25600
8002815,"Unit cable ss10 DT EC204B-3,4m",88300
303482,"Unit cable ss10 DT ILME 10P EC02-2,5m",67300
1008632,"Unit cable ss10 DT ILME 10P EC05B-3,4m",86900
1033198,"Unit cable ss10 DTM ILME 10P EC02B-EC204-2,5m",59900
1029605,"Unit cable ss10 ECO W (Q)S45-QS50-2,5m",73500
8002008,"Unit cable ss10 ECO W QS50-2,5m",58600
1029500,"Unit cable ss10 ECO W QS60-QS80-3,5m",79900
303465,"Unit cable ss10 JT EC206(B)-EC209(B)-3,4m",85000
1015196,"Unit cable ss10 JT EC214-EC233-4,5m",97400
302878,"Unit cable ss10 JT ILME 10P EC05-3,5m",75300
1013622,"Unit cable ss10 JT ILME 10P EC10-3,8m",79800
1001021,"Unit cable ss9 DT EC02-2,5m",65700
1033201,"Unit cable ss9 DTM EC204-2,5m",41500
1008633,"Unit cable ss9 Dump DT EC05B-3,4m",69000
1015433,"Unit cable ss9 Dump ECO DT QS45-QS50-2,5m",50500
1006950,"Unit cable ss9 Dump JT EC206-EC233-3,4m",69400
1029604,"Unit cable ss9 ECO QS45-QS50-2,5m",47500
1029501,"Unit cable ss9 ECO QS60-QS70-3,5m",54000
300838,"Unit cable ss9 JT EC05->M28039-3,5m",61600
303281,"Unit cable ss9 JT EC10-30-3,5m",68200
1036465,"Unit cable ss9-2 DT EC02-2,5m",65700
8002496,"Unit cable ss9-2 DT EC204B-3,5m",49200
8001823,"Unit cable ss9-2 DT EC206-EC233-3,5m",45800
1036466,"Unit cable ss9-2 DTM EC02B-EC204-2,5m",47400
1036844,"Unit cable ss9-2 ECO W (Q)S45-QS50-2,5m",58600
1036846,"Unit cable ss9-2 ECO W (Q)S60-(Q)S80-3,5m",61900
1032909,"Unit cable ss9-2 JT EC206-EC233-3,5m",63000
8001236,"Unit cable ss9-2 Souriau EC219-EC233-2,4m",77200
8000381,"Unit cable ss9-2/DC2 SQ Souriau EC214-EC226-3,4m",69400
1015728,"Unit cable ssMM DT EC209-EC219-2,7m",110800
1013342,Unit cable ssMM JT EC214-EC219-3m,110800
810495,"Unit cable-DC1 EC10, EC15, EC20, EC30 - 8m",125000
841121,Unit cable-DC2,74200
302946,Unit cable-for Hose Bracket,53200
1015696,Unit cable-Oil-quick without Unit box,84100
303438,Unit cable-ss2 for Hose Bracket,61600
1036134,Unit cable-ss5-SVAB ILME 16P w/o Unit box-6m,98100
301967,Unit cable-ss9 for Hose Bracket,58000
1012746,Upper axle Ecpup,22700
1059479,Upper PC6000 V2,604900
810467,USB 2.0 cable type A male - type b male DC1,2800
841701,User manual - DC2,1400
9000225,User manual - DC2 constant flow,1600
9000405,User manual - DC2 QSC,1600
9000683,User manual - DC3,1600
9000112,User manual - EC02-EC30,1400
9000113,User manual - EC202-EC233,1600
9000682,User manual - EC306/EC333,1600
9000122,User manual - GH,1600
9000372,User manual - GRB,1600
9000116,User manual - GRD,1600
9000514,User manual - PC,1600
9000121,User manual - PP,1600
9000114,User manual - QS,1600
9000051,User manual - QSC,1400
9000662,User manual - R,1600
9000743,User manual - RFS,1700
9000705,User manual - S,1600
9000296,User manual - SG,1600
9000120,User manual - SK,1600
9000118,User manual - SR,1400
9000042,User manual - ss9-2,1400
9000077,User manual - ss9-2 - Komatsu,1600
9000117,User manual - SWD,1600
9000661,User manual - TC,1600
9000115,User manual - TF,1600
9000119,User manual - TG,1600
841216,Valve 3-position 4-way wheel control block DC2,279300
7000589,"Valve 3-way 1/2"" 7050708131",85300
730241,"Valve 3-way 1/4"" 7050704001",36600
841215,Valve 3-way wheel control block DC2,116500
1065632,Valve block - EC02B,66400
7001969,Valve block (7210110),23000
201131,Valve block 2 valves TF,106800
200013,Valve block 4v & 4-ch,61000
100408,Valve block 4v & 6-ch,74500
1023904,Valve block 6-channel 5 valves for Slip ring,185200
1076175,Valve block bottom EC309,216000
405452,Valve block bracket EC10 6-channel,7400
730282,Valve block DAV/S2,52200
303557,Valve block EC02 NG4,118800
7001094,Valve block EC02 tilt cylinder,253100
7000635,Valve block EC02B/EC204 tilt cylinder,287000
200592,Valve block EC05 hydraulic motor,152600
1007201,Valve block EC05B,219100
200571,Valve block EC05-swivel 2v & 4ch 301422K,130100
1027945,Valve block EC204,69400
1033494,"Valve block EC204 tiltcylinder, complete with non-return val",155900
1075504,Valve block EC204B tilt cylinder,57400
1026704,Valve block EC206 for Slip ring,276200
1025733,Valve block EC209 for Slip ring,209900
1026197,Valve block ECHF,175900
1052897,Valve block ECHF,197500
1062143,Valve block ECHF,160500
1063695,Valve block QSM EC206B,166700
1052673,Valve block QSM EC209B,192900
1049297,Valve block QSM-steel,194400
730232,Valve block SILG6,54300
1083275,Valve block top pre-assembled EC309/EC314/EC319,892000
1079722,Valve block top pre-assembled EC319,941400
1015532,Valve block with swivel 7-channel HFX,1115700
1049627,Valve block-Feeder,38900
301422K,Valve block-swivel 2v & 4-ch EC05,206800
1008197,Valve block-swivel 4v & 4-ch-EC05B,513900
200013K,"Valve block-swivel 4v & 4-ch-EC10,EC20,EC30",240700
1023911,Valve block-swivel 5v & 6-ch for Slip ring,490700
1026703,Valve block-swivel 5v & 6-ch for Slip ring-EC206,558600
1025501,Valve block-swivel 5v & 6-ch for Slip ring-EC209,452200
1030297,Valve block-swivel 5v & 6-ch Slip ring-DTM,594100
1031333,Valve block-swivel 5v & 6-ch Slip ring-DTM-EC206,729900
1030480,Valve block-swivel 5v & 6-ch Slip ring-DTM-EC209,594100
1027386,Valve block-swivel 7-channel ECHF,594100
1064587,Valve kit DC2 for OQ EC209-12V,1060200
1064586,Valve kit DC2 for OQ EC209-24V,1060200
1054092,Valve kit DC2 QSM ePS for OQ EC214-->EC233-12V,1111100
1054091,Valve kit DC2 QSM ePS for OQ EC214-->EC233-24V,1111100
1058992,Valve kit ss10 QSM ePS for OQ EC214-->EC233-24V,1052500
1064585,Valve kit ss9 for OQ EC209-12V,726900
1064584,Valve kit ss9 for OQ EC209-24V,726900
1054093,Valve kit ss9IQ QSM ePS for OQ EC214-->EC233-24V,885800
1034488,Valve plate -6-channel-EC30,58600
1031620,Valve plate -EC204 V2,20500
1040101,Valve plate -EC206 V2,25900
1011515,Valve plate -EC219/EC26/EC226,19600
1026199,Valve plate -ECHF-EC214,27800
1024824,"Valve plate -ECHF-EC219, EC226",24700
1039803,Valve plate -ECHF-EC233,24700
1034258,Valve plate -ECHF-EC30,27500
1053643,Valve plate- swivel ELME EC226,118800
730287,"Valve-Double pressure relief EC206,209&ECHF",64400
7000841,Valve-Flow divider,53100
730280,Valve-Flow limiter FCDB-LAN 28LPM,95400
841202,Valve-Logic control-WC-DC2,116200
841220,Valve-Pressure limitation pilot 50-5000psi-WC-DC2,80100
730288,Valve-Pressure reducer-SP4A-B3 EC209,34300
7000391,Valve-Pressure reduction,69100
730289,Valve-Pressure reduction-Pilot valve prop HP-PPCD04-24vdc,55100
730221,Valve-Pressure reduction-PVLP 175 Bar,18200
730237,Valve-Pressure reduction-PVLP63 230bar,29300
730284,Valve-Pressure reduction-VRN2-06/MA-SV extT,101900
730326,Valve-Pressure reduction-VRN2-10/S-21 - 150 liter,70400
7000229,Valve-Pressure relief SR1A-A2/S25,2500
7000366,Valve-Priority on demand-WC-DC2,139800
6000304,Velcro 25x100 - Jupiter 7032,700
1037608,"Washer 1/2"" ECO QSD",3900
1037609,"Washer 1/4"" ECO QSD",3900
6000212,Washer 9x35x3 140HV A2 ISO4759,500
405411,Washer axle UNI,2100
611570,"Washer BRB 10,5x22x2 stainless",200
611576,"Washer BRB 6,4 A4 DIN125",100
611006,"Washer BRB FZB 10,5x22x2 ISO7089",100
611007,"Washer BRB FZB 13x24x2,5 ISO7089",100
612016,Washer BRB FZB 13x35x5 DIN6340,200
6000056,Washer BRB FZB 13x40x4 DIN522,100
611008,Washer BRB FZB 15x26x2 ISO7089,100
611009,Washer BRB FZB 17x30x3 ISO7089,100
611010,Washer BRB FZB 21x36x3 ISO7089,400
611011,Washer BRB FZB 25x44x4,400
6000053,Washer BRB FZB 31x56x4 ISO7090,600
611003,"Washer BRB FZB 5,3x10x1,0 ISO7089",100
611004,"Washer BRB FZB 6,4x12x1,6 ISO7089",100
611005,"Washer BRB FZB 8,4x16x1,6 ISO7089",100
611015,"Washer BRB FZB 8,4x21x4 DIN 7349",100
6000065,"Washer copper 14x10x0,9",200
404335,Washer expander bolt SK10/SK15,3700
1007082,Washer expander pin SK20,4300
1007083,Washer expander pin SK30,4300
611025,"Washer FBB FZB 12,2x21,1x2,5 DIN127",100
611029,Washer FBB FZB 20.2 DIN127,100
611023,"Washer FBB FZB 8,1x14,8x2 DIN127",100
1024257,Washer for axle Ø50 Grab20 Rail M20,18400
405723,Washer for pin SW33/SW48,9900
6000028,Washer GRB,400
1027083,Washer lock CW05,2300
1015522,Washer lock wedge CW10,1500
1056900,Washer lock wedge CW45 VB,17400
1001836,Washer lock wedge VB,29000
611097,Washer locking ring - DNS-80 - HFX,6000
1058809,Washer motor gear,7400
611091,"Washer NB FZB(A2K) 8x25x1,5 (ID~8,5)",100
611095,"Washer NL1""-DPE 27,9x39x3,4",1600
611096,"Washer NL1/2""-DPE 13,5x19,5x2,5",600
1072202,"Washer NL1/2""sp 13,5x25,4x3,4",700
611573,"Washer NL10-A4 10,7x16,0x2,2",1600
611041,"Washer NL10-DPE 10,7x16,6x2,7",300
611042,"Washer NL12-DPE 13,0x19,5x2,7",500
611575,"Washer NL14-A4 15,2x23,0x3,0",3200
611043,"Washer NL14-DPE 15,2x23,0x3,7",600
611044,"Washer NL16-DPE 17,0x25,4x3,7",800
6000395,"Washer NL16sp 17,0x30,7x3,4",1200
611098,"Washer NL20-DPE 21,4x30,7x3,7",1200
6000338,"Washer NL20sp 21,4x39,0x3,4",1000
6000334,Washer NL22-DPE 23.4x34.5x3.7,1200
6000122,"Washer NL30-DPE 31,4x47,0x6,7",2400
611094,"Washer NL52-DPE 53,6x80,0x7,0",23100
611038,"Washer NL5-DPE 5,4x9,0x1,7",200
612006,"Washer NL6-A4 6,5x10,8x2,2",1400
611039,"Washer NL6-DPE 6,5x10,8x1,7",200
611569,"Washer NL8-A4 8,7x13,5x2,2",1100
611040,"Washer NL8-DPE 8,7x13,5x2,7",300
1027772,Washer Ø31/11 lås CW05,2500
6000345,"Washer RBS 10,5x30x2,5 A4",100
1025280,Washer spring CW10,1100
1056899,Washer spring CW45 VB,17100
1001844,Washer spring VB,1600
6000415,Washer Starlock 6mm,100
611030,"Washer steel 15x22x1,0 DIN988",100
611032,"Washer steel 17x24x1,5 DIN988",200
611093,Washer steel 21x37x4,700
1058808,Washer sweeper gear,6800
1069617,Washer sweeper gear V2,13900
611099,Washer TBRB 13x24x4 ISO4759,100
611013,"Washer TBRB FZB 8,4x16x3 ISO4759",100
611014,"Washer TBRSB FZB 8,4x26x5 ISO4759",400
400617,Washer TFS40B,15100
405234,Washer worm screw EC02/EC204,14800
1075864,Washer worm screw EC204B,18200
400155,"Washer-Locking cylinder 20, 30",1200
1023906,Washer-swivel guide -6CH-EC209-EC30-for Slip ring,15700
405395,"Washer-swivel guide -EC02-swivel 303430-Ø44,5/37x2",5100
405396,Washer-swivel guide -EC02-swivel 303430-Ø50/42x2,5100
1007228,Washer-swivel guide -EC05B-swivel 1007233,8800
401597,Washer-swivel guide -EC05-swivel 301422K,9000
1026707,"Washer-swivel guide -EC204,EC206-for Slip ring",11100
1026243,Washer-swivel guide -ECHF,16500
1046697,Washer-swivel guide -QSM,24400
1052665,Washer-swivel guide -QSM45,20700
303334,Wear ring EC02,22200
1000772,"Wear ring EC05B, EC206",30700
1027495,Wear ring EC204,27600
303292,Wear washer EC02,23100
300544,Wear washer EC05,24700
1000774,"Wear washer EC05B, EC206",46000
400325,Wear washer EC10,36300
300775,Wear washer EC15,43400
400310,Wear washer EC20,57900
1027496,Wear washer EC204,39800
1016414,Wear washer EC219,63100
1011242,Wear washer EC26/EC226,80100
400390,Wear washer segment EC30,17900
1015504,Wedge holder CW10,12500
1001847,Wedge holder CW30 VB,51400
1056895,Wedge holder CW45 VB,160500
1059497,Weight PC6000,228400
1011621,Weight PP3200,121100
1054732,Welding plate Hose holder 15mm,6800
1051847,Welding plate Hose holder 15mm Volvo,29600
1050560,Welding plate Hose holder 35mm Volvo,31000
1054733,Welding plate Hose holder 45mm bent,10500
1056267,Welding plate Hose holder 80/55mm,226900
790207,Welding plate SP2D,400
1040160,Welding plate SPL4,1600
1068962,"Welding plate, GS distribution block attachment",20200
1050125,Welding plate-machine hitch block untreated,15600
841201,Wheel control block-30l-solid sys-DC2,657400
1034474,Wheel control block-Closed Center EF LS-DC2,958300
1062313,Wheel control block-Closed Center-DC2 V2,958300
1082201,Wheel control block-Closed Center-DC3 12V,663600
1082204,Wheel control block-Closed Center-DC3 24V,663600
841205,Wheel control block-LS-DC2,804000
1076880,Wheel control block-Open Center-DC2,663600
1082205,Wheel control block-Open Center-DC3 12V,663600
1082209,Wheel control block-Open Center-DC3 24V,663600
1057959,Wheel control block-WC.2-DC2,674400
1075518,Wheel control block-WC.2-DC3 12V,663600
1075526,Wheel control block-WC.2-DC3 24V,663600
710951,Wiper seal centre ring EC02,4600
712427,Wiper seal centre ring EC204,5600
710952,"Wiper seal Quick hitch EC02, centre ring EC05B, EC206",9000
710957,"Wiper seal Quick hitch EC05B, EC206",14800
712428,Wiper seal Quick hitch EC204,9000
202898,Worm screw EC02/EC204,124700
300502,Worm screw EC05,226900
1007329,"Worm screw EC05B, EC206, EC206B",163600
300080,Worm screw EC10,280900
200203,Worm screw EC15,351900
300030,Worm screw EC20,375000
1075865,Worm screw EC204B,76200
1016453,Worm screw EC209,237700
1016408,"Worm screw EC214 , EC219",324100
1039334,Worm screw EC233/EC333,395100
1016101,Worm screw EC26/EC226,367300
300243,Worm screw EC30,513900
303291,Worm wheel EC02,250000
1000751,"Worm wheel EC05B, EC206",455200
300862,Worm wheel EC10 M14,554000
200238,Worm wheel EC10 reversed,725300
100342,Worm wheel EC15,1029300
100475,Worm wheel EC15 reversed,1018500
300863,Worm wheel EC20 M20,1152800
300945,Worm wheel EC20 reversed,1231500
1016564,Worm wheel EC204,233000
1060355,Worm wheel EC204B,229900
1058962,Worm wheel EC206B,339500
1054242,Worm wheel EC209 18 bolt,520100
1046396,Worm wheel EC214 18 bolt,841000
1016409,Worm wheel EC219,956800
1057021,Worm wheel EC226/EC326 24 bolt,779300
1039142,Worm wheel EC233/EC333,1655900
200112,Worm wheel EC30,868800
200245,Worm wheel EC30 reversed,902800
1045816,Yazaki pin - 20 pieces,5400
405195,yoke bracket EC02 forward complete,24200
1041966,Yoke Bracket EC02 forward complete grease-free,44100
1036701,Yoke Bracket EC02 rear cast lubrication free,44100
405200,yoke bracket EC02 rear complete,24200
300547K,Yoke Bracket EC05 complete,29200
1004131K,Yoke Bracket EC05B front complete cast,30100
1003904K,Yoke Bracket EC05B rear complete cast,30100
302638K,"Yoke Bracket EC10, EC15, EC20 complete ext. 30mm not cast",19900
300039K,"Yoke Bracket EC10, EC15, EC20 complete not cast yoke",38900
301054,"Yoke Bracket EC10, EC15, EC20 complete not cast yoke",22700
303208,"Yoke Bracket EC10, EC15, EC20 Marine not cast yoke",107100
1017151,"Yoke Bracket EC10-20, EC219-226, EC319-326 cast grease-free",26700
1029052,Yoke Bracket EC204/EC204B forward complete,36600
1036606,Yoke Bracket EC204/EC204B rear cast complete,33300
1040380,Yoke Bracket EC206 rear complete cast wide,28900
1023824,Yoke Bracket EC206/206B front complete cast,29300
1023823,Yoke Bracket EC206/206B rear complete cast,29300
1039018,Yoke Bracket EC233/EC333 cast grease-free,43400
300288K,Yoke Bracket EC30 complete,42100
1019740,Yoke Bracket tilt cylinder EC209,45100
1023212,"Yoke Bracket tilt cylinder EC209, EC214 cast grease-free",27900
400130,Yoke holder 30mm machined not cast yoke,16000
402652,"Y-Plug EC05 ss2,ss3,ss9",18200
402153,Y-Plug valve block EC05,32400
8001895,"Y-split cable DT 4P-2xDT 4S-0,4m",21000
1065340,Y-splitter M12 EBC116,8500
