Part number,Part name,Additional name,Location,Total balance,Unit,WH,Serial number
1000751,"Worm wheel EC05B, EC206",,FLOOR,1.00,Pcs,WH1,
1000772,"Wear ring EC05B, EC206",,FLOOR,1.00,Pcs,WH1,
1000774,"Wear washer EC05B, EC206",,FLOOR,1.00,Pcs,WH1,
100121,GS-WD-S60,,FLOOR,15.00,Pcs,WH1,
1002633,"Special tool-Coupling female ECO40/45/50 3/8"" - quick hitch",,FLOOR,10.00,Pcs,WH1,
1002634,"Special tool-Coupling female ECO60 1/2"" - quick hitch",,FLOOR,10.00,Pcs,WH1,
1003400,Bucket GB08-370-1300-S45,,FLOOR,1.00,Pcs,WH1,EC086840
1003400,Bucket GB08-370-1300-S45,,FLOOR,1.00,Pcs,WH1,EC086859
1003400,Bucket GB08-370-1300-S45,,FLOOR,1.00,Pcs,WH1,EC086860
1003400,Bucket GB08-370-1300-S45,,FLOOR,1.00,Pcs,WH1,EC086861
1003400,Bucket GB08-370-1300-S45,,FLOOR,1.00,Pcs,WH1,EC086862
1003400,Bucket GB08-370-1300-S45,,FLOOR,1.00,Pcs,WH1,EC086863
1003400,Bucket GB08-370-1300-S45,,FLOOR,1.00,Pcs,WH1,EC086864
1003400,Bucket GB08-370-1300-S45,,FLOOR,1.00,Pcs,WH1,EC086878
1003400,Bucket GB08-370-1300-S45,,FLOOR,1.00,Pcs,WH1,EC086879
1003400,Bucket GB08-370-1300-S45,,FLOOR,1.00,Pcs,WH1,EC086880
1003530,Locking cylinder S40 / HS03ec,"-Info: EC02,EC204,EC05,EC206,RF",FLOOR,2.00,Pcs,WH1,
1003675,Locking axle S40,,FLOOR,2.00,Pcs,WH1,
1003774,"Hose protection Tiltcyl EC05B-15B, 206-214 overcenter",-Info: 4 pcs 610122. 4 pcs 611040,FLOOR,4.00,Pcs,WH1,
1003973,Indicator pin S40 [beta EC05B] / HS03ec,,FLOOR,2.00,Pcs,WH1,
1004132,Bucket GB06-300-1200-S45,,FLOOR,1.00,Pcs,WH1,EC086838
1004132,Bucket GB06-300-1200-S45,,FLOOR,1.00,Pcs,WH1,EC086839
1004143,Bucket GB06-300-1200-S40,,FLOOR,1.00,Pcs,WH1,EC086875
1004143,Bucket GB06-300-1200-S40,,FLOOR,1.00,Pcs,WH1,EC086876
1004143,Bucket GB06-300-1200-S40,,FLOOR,1.00,Pcs,WH1,EC086877
1004311,Bucket GB29-1600-2000-S70,,FLOOR,1.00,Pcs,WH1,EC086853
1004801,Screw cover M16 - cast yoke & tilt axle,,FLOOR,1.00,Pcs,WH1,
1004961,Service package GR05,,FLOOR,1.00,Pcs,WH1,
1005275,Shim yoke bracket - EC209-EC226 - 4mm (cast yoke),"-Info: EC209,EC10,EC214,EC15,EC219,EC20,EC226",FLOOR,2.00,Pcs,WH1,
1005382,Cover plate S40 bent,-Info: Screw: 2 pcs 610431,FLOOR,1.00,Pcs,WH1,
1005898,Seal kit-hydraulic motor White 160/200cc,,FLOOR,2.00,Pcs,WH1,
1005911,Spacer Hose Bracket 39mm,,FLOOR,4.00,Pcs,WH1,
1006356,Shim kit End lock - EC05/EC05B/EC206,,FLOOR,1.00,Pcs,WH1,
1006736,"Paint-engcon-Yellow-0,5L","-Info: Volvo VCE Yellow-03.
-Info: NOTE! Dangerous goods. See instructions in the routine folder",FLOOR,2.00,Pcs,WH1,
1006785,Nut directional valve NG4,,FLOOR,6.00,Pcs,WH1,
1007041,Shim yoke bracket - EC209-EC226 - 10mm (cast yoke),"-Info: EC209,EC10,EC214,EC15,EC219,EC20,EC226",FLOOR,10.00,Pcs,WH1,
1007329,"Worm screw EC05B, EC206, EC206B",,FLOOR,1.00,Pcs,WH1,
1008243,Spacer M12 L15 countersunk,"-Info: Screw 610670
-Info: Replaces 400128",FLOOR,8.00,Pcs,WH1,
1009709,"Throttling NG4 0,8mm with O-ring",,FLOOR,4.00,Pcs,WH1,
1009999,Spacer 15mm Hose Bracket left EC204/EC204B,,FLOOR,2.00,Pcs,WH1,
1011238,Tilt axial washer EC26/EC226/EC326,,FLOOR,2.00,Pcs,WH1,
1011244,"Shim tilt axle - EC26, EC226 0,5mm",,FLOOR,2.00,Pcs,WH1,
1013885,Adapter 236-04-04,,FLOOR,1.00,Pcs,WH1,
1014280,Hose protection Tiltcyl EC20B/30/219/226/233/326/ Overcenter,-Info: Also fits EC333,FLOOR,4.00,Pcs,WH1,
1015672,Cylindrical pin CPK Ø10x35 m6,,FLOOR,4.00,Pcs,WH1,
1015733,"Special tool-Coupling female ECO70 3/4"" - quick hitch",,FLOOR,10.00,Pcs,WH1,
1016101,Worm screw EC26/EC226,,FLOOR,1.00,Pcs,WH1,
1016104,Axial washer EC26/EC226/EC326,,FLOOR,4.00,Pcs,WH1,
1016393,Clamping half EC219/226/326 EngconYellow complete,,FLOOR,2.00,Pcs,WH1,
1016398,"Cylinder axle EC219, EC319, EC226, EC326",,FLOOR,2.00,Pcs,WH1,
1016408,"Worm screw EC214 , EC219",,FLOOR,2.00,Pcs,WH1,
1016417,"Tilt axial washer EC214, EC219",,FLOOR,2.00,Pcs,WH1,
1016420,"Shim tilt axle - EC214/EC219 0,5mm",,FLOOR,2.00,Pcs,WH1,
1016439,"Spacer clamping half rubber EC219, EC226",,FLOOR,4.00,Pcs,WH1,
1016453,Worm screw EC209,,FLOOR,1.00,Pcs,WH1,
1016458,"Cylinder axle EC206, EC206B, EC209, EC209B, EC214",,FLOOR,2.00,Pcs,WH1,
1016461,"Tilt axial washer EC206, EC206B, EC209, EC209B",,FLOOR,2.00,Pcs,WH1,
1016465,"Spacer clamping half rubber EC206,209,214",,FLOOR,4.00,Pcs,WH1,
1016498,Motor cover EC206,,FLOOR,1.00,Pcs,WH1,
1016499,"Shim tilt axle - EC206, EC206B, EC209, EC209B 0,5mm",,FLOOR,2.00,Pcs,WH1,
1016519,Axial washer with ear EC206,,FLOOR,4.00,Pcs,WH1,
1016523,Protective cover valve block EC206 left,,FLOOR,2.00,Pcs,WH1,
1016524,Protective cover valve block EC206 right,,FLOOR,2.00,Pcs,WH1,
1016547,Protective cover valve block EC214 - right,,FLOOR,2.00,Pcs,WH1,
1016548,Protective cover valve block EC214 - left,,FLOOR,2.00,Pcs,WH1,
1016550,"Carrier EC209-226, EC30 ePS",,FLOOR,2.00,Pcs,WH1,
1016572,Cylinder axle EC204,,FLOOR,2.00,Pcs,WH1,
1016576,Tilt axle EC204,-Info: Will be replaced by 1074348,FLOOR,2.00,Pcs,WH1,
1016582,Connection block EC206 for Slip ring,-Info: if replacement for 1024966( connection block NOT for slip ring) the swivel guide also needs to be exchanged to 1016581.,FLOOR,1.00,Pcs,WH1,
1017112,Piston rod-tilt cylinder-EC226-80/45,-Info: Tilt cylinder 1017259,FLOOR,2.00,Pcs,WH1,
1017114,Top nut 80/45-EC219/EC226,,FLOOR,1.00,Pcs,WH1,
1017151,"Yoke Bracket EC10-20, EC219-226, EC319-326 cast grease-free","-Info: Uses MC6S 16x100
-Info: Used on: EC10B from 2012-10-29, M49694 --> EC15B from 2013-03-05, M50470 --> EC20B from 2013-03-07, M51090 -->
EC219 from 2012-06-19, M48421 -->
EC26 from 2012-03-12, M47426 -->
EC226 from 2012-03-20, M47546 -->",FLOOR,4.00,Pcs,WH1,
1017478,Adapter cable JT 2P-DT 2S,,FLOOR,2.00,Pcs,WH1,
1018662,Jumper JT 2P POS:1-2,-Info: White from rev.A,FLOOR,6.00,Pcs,WH1,
1019652,Piston rod-tilt cylinder-EC209-63/32,"-Info: Tilt cylinders 1019630, 1041412",FLOOR,2.00,Pcs,WH1,
1019766,Bucket GB03-150-1100-S40,,FLOOR,0.00,Pcs,WH1,
1019884,Tilt cylinder EC226 ( cast waist ),"-Info: Overcenter function can be plugged/bypassed
-Info: Replaces 1017259
-Info: Replaced by 1072285 in production",FLOOR,2.00,Pcs,WH1,
1019894,Piston rod-tilt cylinder-EC219-80/45,-Info: Tilt cylinder 1017501,FLOOR,2.00,Pcs,WH1,
1020497,Bucket GB05-250-1200-S40,,FLOOR,1.00,Pcs,WH1,EC086856
1020497,Bucket GB05-250-1200-S40,,FLOOR,1.00,Pcs,WH1,EC086857
1020497,Bucket GB05-250-1200-S40,,FLOOR,1.00,Pcs,WH1,EC086858
1020539,Cylindrical pin CPK Ø10x24 m6,,FLOOR,4.00,Pcs,WH1,
1021468,"Screw cover M10 - clamping half EC206,209,214",,FLOOR,15.00,Pcs,WH1,
1022288,Hydraulic motor White 200cc,"-Info: EC226/EC30 & relief valve.
-Info: 7001807 and 7001647 are sold as loose spare parts.",FLOOR,2.00,Pcs,WH1,
1022290,Hydraulic motor White 160cc,"-Info: EC219/EC20B as of 2012-05 & chock valve 
-Info: without chockvalve=720134. 20B:can't use with motorcover bef. 2012-05.  Larger waist diameter & thicker flange.   replacement on EC20 between 2004-11-- 2012-05: requires screws 610474 M12x30 & distance
-Info: Seal kit 1005898
-Info: 7001647 and 7001806 are sold as loose spare parts.",FLOOR,3.00,Pcs,WH1,
1022912,Cylindrical pin CPK Ø8x45 m6,,FLOOR,4.00,Pcs,WH1,
1022942,"Clamping half EC206,209,214 EngconYellow complete",,FLOOR,2.00,Pcs,WH1,
1022974K,"Grab guard 10-complete-GR10= right , GRD45/50= left",-Info: Replaces 301884K,FLOOR,2.00,Pcs,WH1,
1022975K,"Grab guard 10-complete-GR10= left , GRD45/50= right",-Info: Replaces 301885K,FLOOR,2.00,Pcs,WH1,
1023190,Piston rod-tilt cylinder-EC206-63/32,-Info: Tilt cylinder 1023189,FLOOR,2.00,Pcs,WH1,
1023212,"Yoke Bracket tilt cylinder EC209, EC214 cast grease-free",,FLOOR,4.00,Pcs,WH1,
1023292,"Plate break support - EC226/EC326, EC233/EC333",-Info: Yellow pacified,FLOOR,2.00,Pcs,WH1,
1023344,"Shim break support - EC226, EC233 - 0,1mm",,FLOOR,6.00,Pcs,WH1,
1023447,"Shim break support - EC226, EC233 - 0,3mm",,FLOOR,6.00,Pcs,WH1,
1023777,Spacer Hose Bracket 20mm,,FLOOR,4.00,Pcs,WH1,
1023823,Yoke Bracket EC206/206B rear complete cast,,FLOOR,1.00,Pcs,WH1,
1023824,Yoke Bracket EC206/206B front complete cast,,FLOOR,1.00,Pcs,WH1,
1023852,Special tool-Service kit-EC209-226,"-Info: Documentation 9000257 
-Info: Delivered with 1023930",FLOOR,1.00,Pcs,WH1,
1023885,Mounting plate-UNI-ILME-connector & feeder,,FLOOR,2.00,Pcs,WH1,
1023967,Top nut-Locking cylinder-QS60 (1027595),-Info: Locking cylinder 1027595,FLOOR,1.00,Pcs,WH1,
1024020,Spring - Locking cylinder S40S (16x104),,FLOOR,4.00,Pcs,WH1,
1024021,Spring S45/S60/QS45/50/60 locking hook-long (25x305),-Info: Also fits QSM45/50/60,FLOOR,4.00,Pcs,WH1,
1024022,Spring S60/QSM60/QS60 locking hook - short (25x64),,FLOOR,4.00,Pcs,WH1,
1024112,"Piston sealing KPOR130 12x7,1x2,2",-Info: Includes both seal ring and O-ring,FLOOR,2.00,Pcs,WH1,
1024115,"O-ring 3,69x1,78 NBR 90 shore",,FLOOR,20.00,Pcs,WH1,
1024189,Piston rod-tilt cylinder-EC214-63/32,-Info: Tilt cylinders 10241861 1041414,FLOOR,2.00,Pcs,WH1,
1024291,Bucket GB15-750-1600-S60 support,-Info: for GRD60 (GRD20),FLOOR,1.00,Pcs,WH1,EC086867
1024291,Bucket GB15-750-1600-S60 support,-Info: for GRD60 (GRD20),FLOOR,1.00,Pcs,WH1,EC086868
1024291,Bucket GB15-750-1600-S60 support,-Info: for GRD60 (GRD20),FLOOR,1.00,Pcs,WH1,EC086869
1024291,Bucket GB15-750-1600-S60 support,-Info: for GRD60 (GRD20),FLOOR,1.00,Pcs,WH1,EC086870
1024688,Locking yoke S40,"-Info: EC02,EC05B,EC206,RF. For mechanical lock use 1003559",FLOOR,2.00,Pcs,WH1,
1024690,Lock set S40 EC02/EC204/EC05B/EC206/RF,-Info: New yoke without welding,FLOOR,2.00,Pcs,WH1,
1024695,Steering S70/QS70-80,-Info: Delivered with instruction 9000444,FLOOR,4.00,Pcs,WH1,
1024735,"O-ring 21,95x1,78 PU/90 - ECO70 3/4""",,FLOOR,20.00,Pcs,WH1,
1024794,Spring - 18x35 - Top ECO45-80,,FLOOR,8.00,Pcs,WH1,
1025177,Spring QS70 Ejectors - long (20x120),,FLOOR,4.00,Pcs,WH1,
1025178,Spring QSM70/QS70/S70 locking hook - short (32x152),,FLOOR,4.00,Pcs,WH1,
1025179,Spring QSM70/QS70/S70 locking hook - long (32x305),,FLOOR,4.00,Pcs,WH1,
1025483,Spring S40S/S40/S45/QS40/45/50 locking hook - short (25x32),"-Info: Also fits QSM40, QSM45 and QSM50",FLOOR,4.00,Pcs,WH1,
1025563,Attachment grab guard & extra GR05 - EC204/EC206,,FLOOR,2.00,Pcs,WH1,
1025621,Steering S45/S60/QSM45/50/60/QS45/50/60,-Info: Delivered with instruction 9000444,FLOOR,6.00,Pcs,WH1,
1025857,Spring QS70 Ejectors short - (20x85),,FLOOR,4.00,Pcs,WH1,
1025951,Decal kit - EC209,,FLOOR,1.00,Pcs,WH1,
1025952,Decal kit - EC219/EC319,-Info: 980107 x 1. 980110 x 1. 980103 x 1. 980101 x 2.,FLOOR,1.00,Pcs,WH1,
1025953,Decal kit - EC226,,FLOOR,1.00,Pcs,WH1,
1025955,Service package EC209,"-Info: With tilt axle & cylinder axle 
-Info: Documentation 9000257",FLOOR,2.00,Pcs,WH1,
1025956,Service package EC209,"-Info: Rotation & break play 
-Info: Documentation 9000257",FLOOR,1.00,Pcs,WH1,
1025957,Service package EC219/EC319,"-Info: With tilt axle & cylinder axle 
-Info: Documentation 9000257",FLOOR,1.00,Pcs,WH1,
1025958,Service package EC219/EC319,"-Info: Rotation & break play 
-Info: Documentation 9000257 ",FLOOR,1.00,Pcs,WH1,
1025959,Service package EC226,"-Info: With tilt axle & cylinder axle 
-Info: Documentation 9000257",FLOOR,1.00,Pcs,WH1,
1025960,Service package EC226,"-Info: Rotation & break play 
-Info: Documentation 9000257",FLOOR,1.00,Pcs,WH1,
1026706,Swivel 6-channel EC206 complete for Slip ring,,FLOOR,1.00,Pcs,WH1,
1027074,Shim kit centre ring - EC05B/EC206,,FLOOR,1.00,Pcs,WH1,
1027165,Cover plate Power plug-ECO60-top bracket,,FLOOR,2.00,Pcs,WH1,
1027228,"Bucket DB07-320-900-S45-CAT5T 2""",,FLOOR,1.00,Pcs,WH1,EC090809
1027276,"Service package EC206, EC206B",-Info: With tilt axle & cylinder axle,FLOOR,2.00,Pcs,WH1,
1027277,Service package EC206,-Info: Rotation & break play,FLOOR,1.00,Pcs,WH1,
1027291,"Thermoplastic screw TPPT 4,0x12 FZ Black",,FLOOR,10.00,Pcs,WH1,
1027295,FNR rocker - MIG2 Joystick,-Info: Including 1027296 - FNR Skyddshuv gummi,FLOOR,2.00,Pcs,WH1,
1027296,FNR protective cover rubber,,FLOOR,2.00,Pcs,WH1,
1027297,"FCI APEX 150 16S housing, black",,FLOOR,4.00,Pcs,WH1,
1027300,"Pin device FCI APEX 150 16P male housing, black",,FLOOR,2.00,Pcs,WH1,
1027319,Screw bushing EC204,,FLOOR,2.00,Pcs,WH1,
1027363,Connection block P with pressure reducer ECHF/QSM,,FLOOR,1.00,Pcs,WH1,
1027633,"Coupling ECO60 1/2"" male - top bracket V2",-Info: Socket 32 or Mounting Tool: 1013206,FLOOR,6.00,Pcs,WH1,
1027785,Tilt axial washer EC204/EC204B,,FLOOR,2.00,Pcs,WH1,
1027795,Protective cover valve block EC219 ECHF/QSM,,FLOOR,2.00,Pcs,WH1,
1027796,Protective cover valve block EC219 ECHF/QSM - lip,,FLOOR,2.00,Pcs,WH1,
1027820,"Shim tilt axle - EC204/EC204B 0,5mm",,FLOOR,2.00,Pcs,WH1,
1028040,Spacer Hose Bracket 32mm,,FLOOR,4.00,Pcs,WH1,
1028050,Relay 12V Alternating with Flyback diode,-Info: Bosch: 0 332 209 152 (used in 841178),FLOOR,2.00,Pcs,WH1,
1028229,"Dirt protection block/coupling ECO 1/2""",,FLOOR,12.00,Pcs,WH1,
1028274,"Dirt protection block/coupling ECO 3/8""",,FLOOR,8.00,Pcs,WH1,
1028275,"Dirt protection block/coupling ECO 3/4""",,FLOOR,8.00,Pcs,WH1,
1028281,Lubrication kit EC214 dosing block MX-F 5/10,,FLOOR,1.00,Pcs,WH1,
1028504,Swivel EC204 with connection block complete,,FLOOR,1.00,Pcs,WH1,
1028607,Grab cylinder SK10/SG12 & SK15/SG19 SC5H-Q3/1,,FLOOR,1.00,Pcs,WH1,
1028873,"Coupling ECO45/50 3/8"" male - top bracket V2",-Info: Mounting Tool 1013207 or Socket 29,FLOOR,6.00,Pcs,WH1,
1029052,Yoke Bracket EC204/EC204B forward complete,,FLOOR,1.00,Pcs,WH1,
1029142,"Coupling ECO70 3/4"" male - top bracket V2",-Info: Socket 41 or Mounting Tool: 1015734,FLOOR,4.00,Pcs,WH1,
1029175,Mounting plate-QLM,,FLOOR,2.00,Pcs,WH1,
1029217,Axle grab cylinder against frame GRD60/GRD70,,FLOOR,2.00,Pcs,WH1,
1029432,Positioning nut-Inductive sensor QS/HYDS/S60/QSM45/50/60/70,,FLOOR,6.00,Pcs,WH1,
1029539,"GAF-GH1000-S45-100x45x1200 FEM-2,9t TP500","-Version: Mechanical
-ECOil: #N/A
-Feed hose couplings: #N/A
-Frame width: 1000
-Fork dimensions: 100x45x1200
-Max load: 2,9T
-Other:",FLOOR,1.00,Pcs,WH1,EC086886
1029826,Cover plate EC02B/EC204-tilt cylinder-DC2/ss10/ss5,,FLOOR,1.00,Pcs,WH1,
1029849,Tilt cylinder EC204,,FLOOR,1.00,Pcs,WH1,
1029902,Protective cover tilt cylinder EC02B/EC204,,FLOOR,2.00,Pcs,WH1,
1030616,Spacer Hose Bracket 28mm,,FLOOR,4.00,Pcs,WH1,
1030910,Rotation sensor ePS-EC214,,FLOOR,2.00,Pcs,WH1,
1031144,Grab arm GRD60 left,,FLOOR,2.00,Pcs,WH1,
1031147,Grab arm GRD60 right,,FLOOR,2.00,Pcs,WH1,
1031185,Protective cover valve block EC226 ECHF/QSM - lip,,FLOOR,2.00,Pcs,WH1,
1031186,Protective cover valve block EC226 ECHF/QSM,,FLOOR,2.00,Pcs,WH1,
1032718,Adapter cable DTM 4P/2P-3xDT 2S-Joint,,FLOOR,2.00,Pcs,WH1,
1032840,Axle Grab arm GRD60,,FLOOR,2.00,Pcs,WH1,
1033055,Electronics Module TM2-EC204 DC2,,FLOOR,2.00,Pcs,WH1,
1033121,Decal kit - EC206,,FLOOR,1.00,Pcs,WH1,
1033124,Decal kit - EC214,,FLOOR,1.00,Pcs,WH1,
1033283,"Link head M10/Ø10 Male, 42mm",,FLOOR,4.00,Pcs,WH1,
1033284,Link head M10/Ø10 female,,FLOOR,4.00,Pcs,WH1,
1033412,Transport Protection ECO60 TECO,,FLOOR,4.00,Pcs,WH1,
1033500,Lubrication kit EC204 dosing block MX-F 4/7,,FLOOR,1.00,Pcs,WH1,
1033938,Hydraulic motor M+S MR250,"-Info: Seal kit 7001384
-Info: Replaced by 7001858",FLOOR,1.00,Pcs,WH1,
1034056,Lock arm GRD60,,FLOOR,1.00,Pcs,WH1,
1034063,Support GRD60 standard,,FLOOR,1.00,Pcs,WH1,
1034333,Shim carrier GRD60,,FLOOR,2.00,Pcs,WH1,
1034402,Screw Valve Distance NG6 5x30.5,,FLOOR,20.00,Pcs,WH1,
1034434,Shim kit End lock - EC209/EC214/EC219,,FLOOR,2.00,Pcs,WH1,
1034639,Spherical bearing GEG 25 ES 2RS,,FLOOR,3.00,Pcs,WH1,
1034640,Axle grab cylinder against Grab arm GRD45/50/60/70,,FLOOR,3.00,Pcs,WH1,
1034641,Sleeve axle grab cylinder against Grab arm GRD45/50/60/70,,FLOOR,1.00,Pcs,WH1,
1034935,Ejector QS70-QS80,-Info: For external sensor,FLOOR,6.00,Pcs,WH1,
1035018,Grab cylinder GRD60 right,,FLOOR,1.00,Pcs,WH1,
1035022,Spring QS80 locking hook - 32x254,-Info: 050232254 Blue,FLOOR,2.00,Pcs,WH1,
1035199,Transport Protection ECO45/50 TECO,,FLOOR,4.00,Pcs,WH1,
1035200,Transport Protection ECO70 TECO,,FLOOR,4.00,Pcs,WH1,
1035393,Bucket GB04-175-1000-S40,,FLOOR,1.00,Pcs,WH1,EC086835
1035393,Bucket GB04-175-1000-S40,,FLOOR,1.00,Pcs,WH1,EC086836
1035393,Bucket GB04-175-1000-S40,,FLOOR,1.00,Pcs,WH1,EC086837
1035535,Sensor plate QS80,,FLOOR,2.00,Pcs,WH1,
1035751,Sensor plate QS70,,FLOOR,3.00,Pcs,WH1,
1035752,Spacer QS70,,FLOOR,4.00,Pcs,WH1,
1036131,Cylindrical pin CPK Ø8x50 m6 R2 bevel 45° R2,-Info: Note! not a standard part. Chamfered 45,FLOOR,2.00,Pcs,WH1,
1036201,Indicator pin S40S/QS/QSM/S/HYDS 610mm,"-Info: Information about cutting length, see instruction 9000737.",FLOOR,6.00,Pcs,WH1,
1036402,Axle grab cylinder against frame GRD45/50,,FLOOR,4.00,Pcs,WH1,
1036405,Ejector QS60,-Info: Deliver with instruction 9000491,FLOOR,8.00,Pcs,WH1,
1036406,Spacer QS45-60 V3,,FLOOR,6.00,Pcs,WH1,
1036413,Sensor plate QS60,,FLOOR,4.00,Pcs,WH1,
1036418,Spacer grab cylinder GRD45/50,,FLOOR,4.00,Pcs,WH1,
1036454,Lock arm GRD45/50,,FLOOR,2.00,Pcs,WH1,
1036480,Grab cylinder GRD45/50 right,"-Info: Replaced by 1076320 in production. 1036480 remain as spare part.
",FLOOR,2.00,Pcs,WH1,
1036481,Grab cylinder GRD45/50 left,"-Info: Replaced by 1076320 in production. 1036481 remain as spare part. 
",FLOOR,2.00,Pcs,WH1,
1036606,Yoke Bracket EC204/EC204B rear cast complete,,FLOOR,1.00,Pcs,WH1,
1036723,Axle Grab arm GRD45/50,-Info: Add 1pcs 1042068,FLOOR,4.00,Pcs,WH1,
1036953,Ejector QS45-QS50,-Info: Deliver with instruction 9000491,FLOOR,6.00,Pcs,WH1,
1036988,Sensor plate QS45-QS50,,FLOOR,3.00,Pcs,WH1,
1037048,"Eccenter GRD60,SWD60 ECO",,FLOOR,2.00,Pcs,WH1,
1037431,Locking hook QSM70/QS70/S70 V2 cast,-Info: Delivered with instruction 9000444,FLOOR,1.00,Pcs,WH1,
1037512,Bucket GB14-650-1600-S60 support,-Info: for GRD60 (GRD20),FLOOR,1.00,Pcs,WH1,EC086851
1037512,Bucket GB14-650-1600-S60 support,-Info: for GRD60 (GRD20),FLOOR,1.00,Pcs,WH1,EC086852
1037512,Bucket GB14-650-1600-S60 support,-Info: for GRD60 (GRD20),FLOOR,1.00,Pcs,WH1,EC086865
1037512,Bucket GB14-650-1600-S60 support,-Info: for GRD60 (GRD20),FLOOR,1.00,Pcs,WH1,EC086866
1038119,Mounting plate-ePS-Tilt sensor except Trimble-ECHF,,FLOOR,2.00,Pcs,WH1,
1038209,Spring lock arm GRD60/GRD70/SWD60,-Info: Stainless,FLOOR,2.00,Pcs,WH1,
1038210,Grab arm GRD45/50 left,,FLOOR,1.00,Pcs,WH1,
1038213,Grab arm GRD45/50 right,,FLOOR,1.00,Pcs,WH1,
1038388,"Eccenter GRD45/50,SWD45 ECO",,FLOOR,2.00,Pcs,WH1,
1038716,Support GRD45/50 standard,,FLOOR,1.00,Pcs,WH1,
1038762,Spring lock arm DIN2098 1.25x13.75x130 GRD40/45/50/SWD40/45,-Info: Stainless,FLOOR,2.00,Pcs,WH1,
1038793,Cylinder SWD arm Ø50/25-150,,FLOOR,1.00,Pcs,WH1,
1039018,Yoke Bracket EC233/EC333 cast grease-free,-Info: Uses MC6S 16x110,FLOOR,4.00,Pcs,WH1,
1039112,Tilt cylinder EC233/EC333 Ø90/45 for overcenter,,FLOOR,1.00,Pcs,WH1,
1039113,Piston rod-tilt cylinder-EC233,-Info: Tilt cylinder 1039112,FLOOR,1.00,Pcs,WH1,
1039334,Worm screw EC233/EC333,,FLOOR,1.00,Pcs,WH1,
1039544,"Seal swivel 80/91x4,2 PU",-Info: Deliver with 9000733,FLOOR,10.00,Pcs,WH1,
1039555,"Locking ring QSM Ø80/77,4 t2",-Info: Lesjöfors art.7761,FLOOR,2.00,Pcs,WH1,
1039639,Tilt axial washer EC233/EC333,,FLOOR,2.00,Pcs,WH1,
1039687,Cylinder axle EC233/EC333,,FLOOR,2.00,Pcs,WH1,
1039899,Axial washer EC233/EC333,,FLOOR,4.00,Pcs,WH1,
1040001,Piston rod-tilt cylinder-EC204,-Info: Tilt cylinder 1029849,FLOOR,2.00,Pcs,WH1,
1040003,Piston tilt cylinder-EC204,-Info: Tilt cylinder 1029849,FLOOR,1.00,Pcs,WH1,
1040014,"Shim tilt axle - EC233 0,5mm",,FLOOR,2.00,Pcs,WH1,
1040340,Bucket GB13-600-1600-S60 support,-Info: for GRD60 (GRD20),FLOOR,1.00,Pcs,WH1,EC086841
1040340,Bucket GB13-600-1600-S60 support,-Info: for GRD60 (GRD20),FLOOR,1.00,Pcs,WH1,EC086842
1040340,Bucket GB13-600-1600-S60 support,-Info: for GRD60 (GRD20),FLOOR,1.00,Pcs,WH1,EC086843
1040340,Bucket GB13-600-1600-S60 support,-Info: for GRD60 (GRD20),FLOOR,1.00,Pcs,WH1,EC086844
1040340,Bucket GB13-600-1600-S60 support,-Info: for GRD60 (GRD20),FLOOR,1.00,Pcs,WH1,EC086845
1040340,Bucket GB13-600-1600-S60 support,-Info: for GRD60 (GRD20),FLOOR,1.00,Pcs,WH1,EC086846
1040340,Bucket GB13-600-1600-S60 support,-Info: for GRD60 (GRD20),FLOOR,1.00,Pcs,WH1,EC086847
1040340,Bucket GB13-600-1600-S60 support,-Info: for GRD60 (GRD20),FLOOR,1.00,Pcs,WH1,EC086848
1040340,Bucket GB13-600-1600-S60 support,-Info: for GRD60 (GRD20),FLOOR,1.00,Pcs,WH1,EC086849
1040340,Bucket GB13-600-1600-S60 support,-Info: for GRD60 (GRD20),FLOOR,1.00,Pcs,WH1,EC086850
1040358,Inductive sensor M12 DTM04-3P - hook QSC - 645mm,,FLOOR,2.00,Pcs,WH1,
1040359,Inductive sensor M12 DTM04-3P - Locking cylinder QSC - 645mm,,FLOOR,2.00,Pcs,WH1,
1040382,Mounting plate-Cabin module-STD-UNI,,FLOOR,4.00,Pcs,WH1,
1040756,"Drive rivet KDS-SMS 1549 2,5x6 A2",,FLOOR,12.00,Pcs,WH1,
1040762,Lubrication kit EC206 dosing block MX-F 4/7 V2,,FLOOR,1.00,Pcs,WH1,
1041097,Attachment block ECO45 W-top bracket,,FLOOR,2.00,Pcs,WH1,
1041098,Cover plate Power plug-ECO45 W-quick hitch,,FLOOR,2.00,Pcs,WH1,
1041099,Cover plate Power plug-ECO45/50 W-top bracket,,FLOOR,2.00,Pcs,WH1,
1041139,Cover plate Power plug-ECO60/70 W-quick hitch,,FLOOR,2.00,Pcs,WH1,
1041140,Cover plate Power plug-ECO60 W-top bracket,,FLOOR,2.00,Pcs,WH1,
1041412,Tilt cylinder EC209 for overcenter 730269,-Info: No plug function to run without over center valves,FLOOR,2.00,Pcs,WH1,
1041414,Tilt cylinder EC214 for overcenter 730269,-Info: No plug function to run without over center valves,FLOOR,2.00,Pcs,WH1,
1041445,Service package EC214,"-Info: With tilt axle & cylinder axle 
-Info: Documentation 9000257",FLOOR,2.00,Pcs,WH1,
1041446,Service package EC214,"-Info: Rotation & break play 
-Info: Documentation 9000257",FLOOR,1.00,Pcs,WH1,
1041814,Power plug ECO W-male-housing,,FLOOR,2.00,Pcs,WH1,
1042047,Directional valve NG4 IQS lock 12V DT ss10 Coil A,"-Info: Coil 1042065, O-ring 710960, Nut 710250
",FLOOR,6.00,Pcs,WH1,
1042065,Coil NG4 IQS lock 12V DT,"-Info: 4301512 (12V) Fits 1042045,1042046,1042047",FLOOR,1.00,Pcs,WH1,
1042066,Coil NG4 IQS lock 24V DT,"-Info: 4301524 (24V) Fits 1042188,1042189,1042190",FLOOR,2.00,Pcs,WH1,
1042067,"Shim GRD60 56x40,5x1",,FLOOR,4.00,Pcs,WH1,
1042068,"Shim GRD45/50 56x35,5x1",,FLOOR,4.00,Pcs,WH1,
1042165,Mounting plate-QPM,,FLOOR,2.00,Pcs,WH1,
1042177,Fastener - tape attachment plate QPM,,FLOOR,4.00,Pcs,WH1,
1042190,Directional valve NG4 IQS lock 24V DT ss10 Coil A,"-Info: Coil 1042066, O-ring 710960, Nut 710250
",FLOOR,6.00,Pcs,WH1,
1042233,Attachment block ECO70 W-top bracket,,FLOOR,2.00,Pcs,WH1,
1042239,Cover plate Power plug-ECO70/80 W-Top,,FLOOR,2.00,Pcs,WH1,
1042240,Power plug ECO60 W Top QS60 QSM ECHF,,FLOOR,2.00,Pcs,WH1,
1042241,Power plug ECO45/50 W Top EC206/EC209 6-ch,,FLOOR,2.00,Pcs,WH1,
1042243,Power plug ECO60-80 W-quick hitch -DTM,-Info: ECO-W,FLOOR,2.00,Pcs,WH1,
1042244,Power plug ECO45/50 W-quick hitch -DTM,,FLOOR,2.00,Pcs,WH1,
1042255,Attachment block ECO60 W-top bracket,,FLOOR,2.00,Pcs,WH1,
1042480,Block ECO60 W-Quick hitch with dowelpin,-Info: Replaced by 1074019 in production. 1042480 remain as spare part.,FLOOR,2.00,Pcs,WH1,
1042918,Power plug ECO W - Plug top bracket,,FLOOR,2.00,Pcs,WH1,
1043099,"Coupling ECO80 1"" male-top bracket",,FLOOR,2.00,Pcs,WH1,
1043151,ECO-upgrade kit QS60-T2,-ECOil Top: T¤ 1bl 2hy 0el 0cl,FLOOR,6.00,Pcs,WH1,
1043397,GS-WD-QS60 -T2,-ECOil Top: T¤ 1bl 2hy 0el 0cl,FLOOR,3.00,Pcs,WH1,
1043558,GS-BPE2-QS60-T2,"-Info: SK05,10/SG06,09,12/PP3200/SR/GRB/TG25,28
-ECOil Top: T¤ 1bl 2hy 0el 0cl",FLOOR,0.00,Pcs,WH1,
1043644,Attachment block ECO80 W-top bracket,"-Info: 2x1"" couplings",FLOOR,2.00,Pcs,WH1,
1043738,GS-WD-QS45-T5,-ECOil Top: T¤ 1bl 2hy 0el 0cl,FLOOR,5.00,Pcs,WH1,
1043983,Shim kit End lock - EC226,,FLOOR,1.00,Pcs,WH1,
1044052,Fastening plate QSM swivel,,FLOOR,1.00,Pcs,WH1,
1044083,Cover plate ECO under QSM60,,FLOOR,2.00,Pcs,WH1,
1044714,GS-BPE2-QS45-T5,"-Info: SK05,10/SG06,09,12/PP3200/SR/GRB/TG25,28
-ECOil Top: T¤ 1bl 2hy 0el 0cl",FLOOR,2.00,Pcs,WH1,
1044774,Grab arm GRD70 left,,FLOOR,1.00,Pcs,WH1,
1044787,Grab arm GRD70 right,,FLOOR,1.00,Pcs,WH1,
1044793,Axle Grab arm GRD60B/70/70B,,FLOOR,4.00,Pcs,WH1,
1044821,GS-BPE3-QS70-T12,"-Info: SK15,20/SG19,26/PC6000/TG42
-ECOil Top: T¤ 1bl 2hy 0el 0cl",FLOOR,1.00,Pcs,WH1,
1044879,Service package EC204,-Info: With tilt axle & cylinder axle,FLOOR,1.00,Pcs,WH1,
1045032,ECO-upgrade kit QS70-T12,-ECOil Top: T¤ 1bl 2hy 0el 0cl,FLOOR,4.00,Pcs,WH1,
1045104,GS-WD-QS70 -T12,-ECOil Top: T¤ 1bl 2hy 0el 0cl,FLOOR,1.00,Pcs,WH1,
1045154,Plug JT,-Info: Yellow,FLOOR,6.00,Pcs,WH1,
1045166,"Dirt protection block/coupling ECO 1""",,FLOOR,4.00,Pcs,WH1,
1045174,Cover plate Power plug-ECO80 W-top bracket,,FLOOR,2.00,Pcs,WH1,
1045450,ECO-upgrade kit QS45/50-T5,-ECOil Top: T¤ 1bl 2hy 0el 0cl,FLOOR,4.00,Pcs,WH1,
1045672,Tool GRD-Q/SWD 32mm,,FLOOR,3.00,Pcs,WH1,
1045926,"Adapter tube extra 1/2"" QSM60 steel",,FLOOR,4.00,Pcs,WH1,
1045927,"Adapter tube extra 3/8"" QSM60-steel",,FLOOR,2.00,Pcs,WH1,
1045935,Swivel stop QSM EC219-EC226,,FLOOR,1.00,Pcs,WH1,
1046396,Worm wheel EC214 18 bolt,-Info: Replaces 1016531. Fully backwards compatible.,FLOOR,1.00,Pcs,WH1,
1046429,Service package EC233,-Info: Rotation & break play - Without wear washer,FLOOR,1.00,Pcs,WH1,
1046430,Service package EC233,-Info: With tilt axle & cylinder axle,FLOOR,1.00,Pcs,WH1,
1046654,Locking hook S60/QSM60/QS60 V2 cast,-Info: Replaces: 1026154,FLOOR,2.00,Pcs,WH1,
1046689,Plate Slip ring QSM,,FLOOR,2.00,Pcs,WH1,
1046691,"Rubber buffer Ø25,5/10 L7,5 Slip ring QSM",,FLOOR,2.00,Pcs,WH1,
1046692,Spacer ring-Slip ring QSM,,FLOOR,2.00,Pcs,WH1,
1046694,Plate Steering cable Slip ring QSM,,FLOOR,2.00,Pcs,WH1,
1046697,Washer-swivel guide -QSM,,FLOOR,2.00,Pcs,WH1,
1046763,Slip ring-QSM60/QS80 QSM M12,,FLOOR,2.00,Pcs,WH1,
1046827,Hose guide EC209 QSM left,,FLOOR,2.00,Pcs,WH1,
1046828,Hose guide EC209 QSM right,,FLOOR,2.00,Pcs,WH1,
1046967,Piston rod-grab cylinder-TG25HD,,FLOOR,2.00,Pcs,WH1,
1047243,Screw Valve Distance 5x39,,FLOOR,12.00,Pcs,WH1,
1047271,GS-BPE3-QS60-T2,"-Info: SK15,20/SG19,26/PC6000/TG42-T2
-ECOil Top: T¤ 1bl 2hy 0el 0cl",FLOOR,1.00,Pcs,WH1,
1047524,Banjo bolt,-Info: Fits valve block-1049627,FLOOR,8.00,Pcs,WH1,
1047716,Protection-ECO60 W-Quick hitch,,FLOOR,6.00,Pcs,WH1,
1047812,Protection-ECO45 W-Quick hitch,,FLOOR,6.00,Pcs,WH1,
1047831,Swivel stop QSM EC214,-Info: Use 2x per EC,FLOOR,1.00,Pcs,WH1,
1047858,Protection-ECO70 W-Quick hitch,,FLOOR,4.00,Pcs,WH1,
1047896,"Brush ring Beeline Ø915x10""","SR800= 20pcs
SR1300= 33pcs
SR1600= 40pcs
SR1800= 45pcs
SR2000= 51pcs",FLOOR,40.00,Pcs,WH1,
1048020,QS45-Direct connect-H6-DC2,"-Machine adapted: New Holland 70/75/80/ Kobelco SK60/70/75/80/85/100
-ECOil Hitch: H¤ 1bl 2hy 1el 1cl
-ECOil Top: #N/A
-Position Sensors: #N/A
-Volt: #N/A
-Color: STD
-Lifting Point: 3T Pejo
-Other: Requires wide top part on EC209
-Info: Documentation 9000114, 9000417",FLOOR,1.00,Pcs,WH1,MO010067164
1048020,QS45-Direct connect-H6-DC2,"-Machine adapted: New Holland 70/75/80/ Kobelco SK60/70/75/80/85/100
-ECOil Hitch: H¤ 1bl 2hy 1el 1cl
-ECOil Top: #N/A
-Position Sensors: #N/A
-Volt: #N/A
-Color: STD
-Lifting Point: 3T Pejo
-Other: Requires wide top part on EC209
-Info: Documentation 9000114, 9000417",FLOOR,1.00,Pcs,WH1,MO010067165
1048075,Cover plate ECO under QSM70,,FLOOR,2.00,Pcs,WH1,
1048262,Inductive sensor M12-hook quick hitch&Locking cylinder QSM,-Info: Also fits S45/S70/QSM45/50/60/70/QS80/HYDS,FLOOR,2.00,Pcs,WH1,
1048341,Slip ring-QSM70-EC226 M12,,FLOOR,2.00,Pcs,WH1,
1048527,"Unit cable DC2 ECO W (Q)S45-QS60-2,5m",,FLOOR,2.00,Pcs,WH1,
1048528,"Unit cable DC2 ECO W (Q)S60-(Q)S80-3,5m",,FLOOR,2.00,Pcs,WH1,
1048529,Adapter cable DTM 12P-DT 4S/2S,-Info: Used on EC209B without sensor ,FLOOR,2.00,Pcs,WH1,
1048549,Grab cylinder GRD60/GRD70-right/left,,FLOOR,4.00,Pcs,WH1,
1048825,GS-BPE4-QS70-T12,"-Info: SK30/TG55
-ECOil Top: T¤ 1bl 2hy 0el 0cl",FLOOR,1.00,Pcs,WH1,
1049042,Service package EC204,-Info: Rotation & break play,FLOOR,1.00,Pcs,WH1,
1049136,Service package GRD45/50,,FLOOR,1.00,Pcs,WH1,
1049137,Service package GRD60,,FLOOR,1.00,Pcs,WH1,
1049191,Cover plate Power plug-ECO QSM without electricity,,FLOOR,2.00,Pcs,WH1,
1049234,"Adapter extra Bolted GRD 1/2""-1/4"" 305mm QSM70-steel",-Info: Replaces 1050422 + 1050650,FLOOR,2.00,Pcs,WH1,
1049274,Block ECO70 W-QSM cast - left with dowel pins,-Info: Replaced by 1083080,FLOOR,2.00,Pcs,WH1,
1049276,Swivel 7-channel QSM complete-Iron,,FLOOR,2.00,Pcs,WH1,
1049297,Valve block QSM-steel,,FLOOR,1.00,Pcs,WH1,
1049327,Cover plate GRD/SWD Coupling - QSM60 magnet,,FLOOR,2.00,Pcs,WH1,
1049358,Cover plate GRD/SWD Coupling - QSM70 magnet,,FLOOR,2.00,Pcs,WH1,
1049627,Valve block-Feeder,-Info: 2PY Feeder valve DC2,FLOOR,2.00,Pcs,WH1,
1049703,"Special tool-Coupling female ECO80 1""",-Info: Tool 1049703,FLOOR,6.00,Pcs,WH1,
1049727,Locking cylinder QS80 V2 QSC pre-assembled,,FLOOR,1.00,Pcs,WH1,
1049973,Spring QS45/50/60 Ejectors - 16x175,-Info: Replaces 1024019+1024020 with one spring,FLOOR,4.00,Pcs,WH1,
1049974,"Spring QS70/80 Ejectors - 21,8x210",-Info: Replaces 2x1035023 with one spring,FLOOR,4.00,Pcs,WH1,
1050018,"Flat seal for ECO 1/2"" V3",-Info: Delivered with instruction 9000349,FLOOR,40.00,Pcs,WH1,
1050125,Welding plate-machine hitch block untreated,-Info: For weld attachment on machine,FLOOR,2.00,Pcs,WH1,
1050162,"Block-Machine Hitch lock for Stick 2x2x1/4"" complete",-Info: Remember to paint after assembly. Parts are delivered untreated.,FLOOR,6.00,Pcs,WH1,
1050319,"Adapter extra Bolted GRD 3/8""-1/4"" 202mm QSM60-steel",-Info: Replaces 1045927 + 1050423,FLOOR,2.00,Pcs,WH1,
1050384,Cover plate Slip ring QSM,,FLOOR,2.00,Pcs,WH1,
1050579,"Coupling ECO 3/4"" female V3",-Info: Mounting Tool: 1015733 / Flat seal: 1050580,FLOOR,6.00,Pcs,WH1,
1050580,"Flat seal for ECO 3/4"" V3",-Info: Delivered with instruction 9000349,FLOOR,30.00,Pcs,WH1,
1050611,Protection-ECO80 W-Quick hitch,,FLOOR,2.00,Pcs,WH1,
1050650,"Adapter tube extra 1/2""-1/2"" QSM70-steel",,FLOOR,2.00,Pcs,WH1,
1050735,Locking pin GRD60-GRD70,,FLOOR,2.00,Pcs,WH1,
1050736,Locking pin GRD45/50,,FLOOR,2.00,Pcs,WH1,
1050792,Power plug 6P-ECO QSM,,FLOOR,2.00,Pcs,WH1,
1050794,Central lubrication kit ECO W V2,-Info: O-ring sealed. Fits both old and new ECO blocks,FLOOR,2.00,Pcs,WH1,
1050804,ECO-upgrade kit QSM60-right-H34,-ECOil Hitch: H¤ 1bl 3hy 0el 0cl,FLOOR,2.00,Pcs,WH1,
1051128,Block ECO60 W-QSM cast - left with dowel pins,,FLOOR,2.00,Pcs,WH1,
1051258,Hydraulic motor M+S MR400,-Info: Seal kit 7001384,FLOOR,1.00,Pcs,WH1,
1051264,Bearing (axle 35) 339-481 UCF35,,FLOOR,2.00,Pcs,WH1,
1051368,Grab guard GRD60/GRD70-right/left-plastic,,FLOOR,8.00,Pcs,WH1,
1051584,Cover plate Cable power ECO60 W QSM,,FLOOR,2.00,Pcs,WH1,
1051601,Attachment QSC valve Kubota KX080,,FLOOR,4.00,Pcs,WH1,
1052396,Fastening plate QSM45 swivel,,FLOOR,1.00,Pcs,WH1,
1052550,Locking cylinder S60/QS60 V4 Forged QSC pre-assembled,"-Info: Will be replaced by 1083143 (includes inductive sensor 1040359)
",FLOOR,2.00,Pcs,WH1,
1052551,Piston rod Ø35-locking cylinder-QS60-Forged,,FLOOR,2.00,Pcs,WH1,
1052640,Cover QS70 V2 ECO,,FLOOR,1.00,Pcs,WH1,
1052664,"Locking ring QSM Ø70/67,4 t2",-Info: Lesjöfors art.7759,FLOOR,2.00,Pcs,WH1,
1052665,Washer-swivel guide -QSM45,,FLOOR,1.00,Pcs,WH1,
1052669,"Cover QS60 V4 ECO 3/4""",,FLOOR,1.00,Pcs,WH1,
1052699,PP3200-QS45-T5,"-ECOil: T¤ 1bl 2hy 0el 0cl
-Drilling: BPE2
-Other:",FLOOR,1.00,Pcs,WH1,MO020009474
1052706,PP3200-QS60-T2,"-ECOil: T¤ 1bl 2hy 0el 0cl
-Drilling: BPE2
-Other:",FLOOR,1.00,Pcs,WH1,MO020009477
1052711,Locking cylinder QSM60/S60 V4 Forged QSC pre-assembled,"-Info: Will be replaced by 1083142 (includes inductive sensor 1048262)
",FLOOR,2.00,Pcs,WH1,
1052722,TG55HD-QS70-T12,"-ECOil: T¤ 1bl 2hy 0el 0cl
-Feed hose couplings: #N/A
-Drilling: BPE4
-Other:",FLOOR,1.00,Pcs,WH1,MO020009582
1052761,Piston-Locking cylinder QS60-Forged (1045379),-Info: Locking cylinder 1045379,FLOOR,1.00,Pcs,WH1,
1052845,"GAF-GHH1200L-QS45-100x40x1200-2,9T TP500-T5","-Version: Hydraulic
-ECOil: T¤ 1bl 2hy 0el 0cl
-Feed hose couplings: #N/A
-Frame width: 1200
-Fork dimensions: 100x40x1200
-Max load: 2,9T
-Other: Light version
WILL BE REPLACED BY V2 VERSION SOON",FLOOR,1.00,Pcs,WH1,EC086855
1052976,"Flat seal for ECO 3/8"" V3",-Info: Delivered with instruction 9000349,FLOOR,50.00,Pcs,WH1,
1053029,"Coupling ECO 3/8"" female V3",-Info: Mounting Tool: 1002633 / Flat seal: 1052976,FLOOR,6.00,Pcs,WH1,
1053047,ECO-upgrade kit QS45-right-T39,-ECOil Top: T¤ 1bl 3hy 0el 0cl,FLOOR,2.00,Pcs,WH1,
1053128,"Coupling ECO QSD 3/8"" female V3",-Info: Flat seal: 1052976,FLOOR,2.00,Pcs,WH1,
1053175,"Adapter tube extra 1/2"" QSM45/50",,FLOOR,4.00,Pcs,WH1,
1053288,"Adapter tube extra 3/8"" QSM45/50/CW10",,FLOOR,2.00,Pcs,WH1,
1053359,Decal - engcon EC-Oil - 175x28,,FLOOR,4.00,Pcs,WH1,
1053361,Decal - EC-Oil - 126x40,,FLOOR,4.00,Pcs,WH1,
1053362,Decal - EC-Oil - 152x48,,FLOOR,4.00,Pcs,WH1,
1053363,Decal - EC-Oil - 167x53,,FLOOR,4.00,Pcs,WH1,
1053506,SG19-QS60-T2,"-ECOil: T¤ 1bl 2hy 0el 0cl
-Feed hose couplings: #N/A
-Drilling: BPE3
-Other:",FLOOR,1.00,Pcs,WH1,MO020009550
1053506,SG19-QS60-T2,"-ECOil: T¤ 1bl 2hy 0el 0cl
-Feed hose couplings: #N/A
-Drilling: BPE3
-Other:",FLOOR,1.00,Pcs,WH1,MO020009571
1053935,Adapter CAT NG-MIG2,,FLOOR,2.00,Pcs,WH1,
1053936,"Flat seal for ECO 1/4"" V3",-Info: Delivered with instruction 9000349,FLOOR,20.00,Pcs,WH1,
1054459,"Hydraulic block ECO GRD45/50, SWD45 V2",,FLOOR,2.00,Pcs,WH1,
1054580,"Coupling ECO 1/2"" female V3",-Info: Mounting Tool: 1002634 / Flat seal: 1050018,FLOOR,10.00,Pcs,WH1,
1054670,SG26-QS70-T12,"-ECOil: T¤ 1bl 2hy 0el 0cl
-Feed hose couplings: #N/A
-Drilling: BPE3
-Other:",FLOOR,1.00,Pcs,WH1,MO020009574
1055018,Adapter kit US - QSC - BSPP,,FLOOR,2.00,Pcs,WH1,
1055206,Hydraulic block ECO GRD60 V2,,FLOOR,2.00,Pcs,WH1,
1055244,ECO-upgrade kit QS60-right-T43,-ECOil Top: T¤ 1bl 3hy 0el 0cl,FLOOR,2.00,Pcs,WH1,
1055258,Plate break support - EC209/214/219,,FLOOR,2.00,Pcs,WH1,
1055260,"Shim break support - EC209, EC214, EC219 - 0,3mm",,FLOOR,6.00,Pcs,WH1,
1055262,"Shim break support - EC209, EC214, EC219 - 0,1mm",,FLOOR,6.00,Pcs,WH1,
1055420,"Coupling ECO QSD/QSM 1/2"" female V3",-Info: Mounting Tool: 1002634 / Flat seal: 1050018,FLOOR,2.00,Pcs,WH1,
1055465,Carrier Left GRD45/50 V2,,FLOOR,1.00,Pcs,WH1,
1055467,Carrier Right GRD45/50 V2,,FLOOR,1.00,Pcs,WH1,
1055508,Mounting plate-ePS-Tilt sensor Trimble GS520-ECHF/QSM,-Info: Assembly kit: 1056839,FLOOR,2.00,Pcs,WH1,
1055560,Carrier Left GRD60 V3,-Info: Replaced by 1079922,FLOOR,0.00,Pcs,WH1,
1055562,Carrier Right GRD60 V3,-Info: Replaced by 1079923,FLOOR,1.00,Pcs,WH1,
1055682,"Coupling ECO QSM 3/8"" female V3",-Info: Mounting Tool: 1002633 / Flat seal: 1052976,FLOOR,2.00,Pcs,WH1,
1055720,Block ECO70 W-quick hitch -3hy-V2,,FLOOR,1.00,Pcs,WH1,
1055736,Block ECO60 W-QSM-quick hitch -2hy left-V2,,FLOOR,1.00,Pcs,WH1,
1055737,Block ECO60 W-QSM-quick hitch -3hy right-V2,,FLOOR,1.00,Pcs,WH1,
1055938,Ejector S40S/QS40/QSM40,,FLOOR,4.00,Pcs,WH1,
1056060,"Coupling ECO 1"" female V3",-Info: Mounting tool: 1049703 / Flat seal: 1056072,FLOOR,4.00,Pcs,WH1,
1056072,"Flat seal for ECO 1"" V3",-Info: Delivered with instruction 9000349,FLOOR,20.00,Pcs,WH1,
1056107,Cover plate GRD/SWD Coupling - QSD45/50/QSM45 magnet,,FLOOR,2.00,Pcs,WH1,
1056218,Swivel 7-channel QSM45 complete,,FLOOR,1.00,Pcs,WH1,
1056404,Seal kit-Locking cylinder QS60 (1045379),-Info: Locking cylinder 1045379,FLOOR,2.00,Pcs,WH1,
1056533,"Adapter tube extra 1/4""-M18 QSM40",,FLOOR,2.00,Pcs,WH1,
1056632,Protective cover valve block EC209/209B QSM,,FLOOR,2.00,Pcs,WH1,
1056633,Protective cover valve block EC209/209B QSM - Lip,,FLOOR,2.00,Pcs,WH1,
1056687,Cover plate ECO under QSM45/QSM50(left),,FLOOR,2.00,Pcs,WH1,
1056815,Locking hook S40S/QS40,,FLOOR,1.00,Pcs,WH1,
1056857,Sensor plate S40S/QS40/QSM40,,FLOOR,3.00,Pcs,WH1,
1056860,Spacer S40S/QS40/QSM40,,FLOOR,2.00,Pcs,WH1,
1056868,Positioning nut-M12x1-Inductive sensor S40S,,FLOOR,4.00,Pcs,WH1,
1056869,Steering S40/S40S/QS40/QSM40,,FLOOR,4.00,Pcs,WH1,
1056928,Cover plate S40S/QS40/S40,,FLOOR,1.00,Pcs,WH1,
1057115,Locking cylinder S40S/QS40 pre-assembled,,FLOOR,2.00,Pcs,WH1,
1057118,"Adapter extra Bolted GRD 3/8""-1/4"" 182mm QSM45-steel",,FLOOR,2.00,Pcs,WH1,
1057150,"Adapter tube extra 1/2"" QSM70 182mm",-Info: Fits QSM70 V2,FLOOR,4.00,Pcs,WH1,
1057538,Mounting plate-ePS-Tilt sensor-EC209 QSM45,,FLOOR,2.00,Pcs,WH1,
1057688,Cover plate Power plug-ECO40W-quick hitch,,FLOOR,2.00,Pcs,WH1,
1057756,ECO-upgrade kit QSM70-right-H33,-ECOil Hitch: H¤ 1bl 3hy 0el 0cl Right side,FLOOR,2.00,Pcs,WH1,
1057757,ECO-upgrade kit QS70-T45,-ECOil Top: T¤ 1bl 3hy 0el 0cl,FLOOR,2.00,Pcs,WH1,
1057840,Power plug ECO40 W-quick hitch -DT,,FLOOR,2.00,Pcs,WH1,
1057841,Power plug ECO40 W Top QS40,-Info: EC204/EC206B,FLOOR,2.00,Pcs,WH1,
1057842,"Unit cable DC2 ECO W QS40-2,5m",,FLOOR,2.00,Pcs,WH1,
1057843,Adapter cable DT 4P-DT 2S,,FLOOR,2.00,Pcs,WH1,
1057959,Wheel control block-WC.2-DC2,-Info: Deliver with manual 9000356,FLOOR,1.00,Pcs,WH1,
1057965,GS-WD-QS70 h+50mm -T20,-ECOil Top: T¤ 2bl 4hy 0el 0cl,FLOOR,1.00,Pcs,WH1,
1058123,Locking cylinder QS70 V4 Forged QSC pre-assembled,,FLOOR,2.00,Pcs,WH1,
1058124,Locking cylinder QSM70/S70 V4 Forged QSC pre-assembled,,FLOOR,2.00,Pcs,WH1,
1058386,"Adapter tube extra 3/8"" QSM40/CW05GP/HYDS",,FLOOR,4.00,Pcs,WH1,
1058774,GS-WD-QS45 h+30mm -T16,-ECOil Top: T¤ 2bl 4hy 0el 0cl,FLOOR,3.00,Pcs,WH1,
1058808,Washer sweeper gear,,FLOOR,1.00,Pcs,WH1,
1058900,Block ECO45 W-QSM cast - left with dowel pin,,FLOOR,2.00,Pcs,WH1,
1059456,GS-WD-QS60 h+50mm -T8,-ECOil Top: T¤ 2bl 4hy 0el 0cl,FLOOR,4.00,Pcs,WH1,
1059586,Seal kit-grab cylinder GRD60/GRD70,-Info: Locking cylinder 1045379,FLOOR,2.00,Pcs,WH1,
1059664,Mounting plate-2x Deutsch NG4,,FLOOR,2.00,Pcs,WH1,
1059725,GS-WD-QS70 -T45 right,-ECOil Top: T¤ 1bl 3hy 0el 0cl right side,FLOOR,0.00,Pcs,WH1,
1061062,Reconstruction kit-EC214/EC219-QSM60,-Info: QSM-Q-->QSM -Info: To rebuild QSM60Q to bolted version,FLOOR,2.00,Pcs,WH1,
1061519,Cover plate Side QSM70 V3 - sensor,"-Info: Used on 1061736 & 1061735
",FLOOR,1.00,Pcs,WH1,
1062401,Protection-ECO40 W-Quick hitch,,FLOOR,8.00,Pcs,WH1,
1062499,Tilt axle EC206S/EC206BS/EC209S/EC209BS,-Info: Will be replaced by 1080802 and 1080803,FLOOR,2.00,Pcs,WH1,
1062517,Transport Protection ECO40 TECO,,FLOOR,4.00,Pcs,WH1,
1062562,Ejector S30S,-Info: Uses lock washer,FLOOR,4.00,Pcs,WH1,
1062693,Magnet Spacer Worm Screw,,FLOOR,2.00,Pcs,WH1,
1062940,Support for hoses EC204 QS40,,FLOOR,1.00,Pcs,WH1,
1063285,EC202-S30S/180-S30/180-DC2,"-Machine adapted: No
-ECOil Hitch: #N/A
-ECOil Top: #N/A
-Position Sensors: #N/A
-Volt: 12V
-Color: STD
-Lifting Point: #N/A
-Other:
-Info: Documentation 9000113
",FLOOR,1.00,Pcs,WH1,MO010067184
1063285,EC202-S30S/180-S30/180-DC2,"-Machine adapted: No
-ECOil Hitch: #N/A
-ECOil Top: #N/A
-Position Sensors: #N/A
-Volt: 12V
-Color: STD
-Lifting Point: #N/A
-Other:
-Info: Documentation 9000113
",FLOOR,1.00,Pcs,WH1,MO010067185
1063372,End lock protection plate EC209S/EC214S/EC219S,,FLOOR,2.00,Pcs,WH1,
1063393,Locking hook S30S,,FLOOR,1.00,Pcs,WH1,
1063414,Steering S30S,,FLOOR,2.00,Pcs,WH1,
1063497,Lock arm GRD40/SWD40,,FLOOR,2.00,Pcs,WH1,
1063597,Seal PAK 90x100x7-L,,FLOOR,2.00,Pcs,WH1,
1063622,Locking cylinder S30S pre-assembled,,FLOOR,1.00,Pcs,WH1,
1063731,"Coupling ECO QSM 1/4"" female",-Info: Mounting Tool: 1054530/ Flat seal: 1053936,FLOOR,2.00,Pcs,WH1,
1063741,Block ECO45/50 W-QSM-quick hitch -2hy left,,FLOOR,1.00,Pcs,WH1,
1063753,Swivel 6-channel QSM40 complete,,FLOOR,1.00,Pcs,WH1,
1063783,Hydraulic block ECO GRD40/SWD40,,FLOOR,2.00,Pcs,WH1,
1063795,Cover plate swivel EC206B QSM,,FLOOR,1.00,Pcs,WH1,
1063797,Cover plate ECO under QSM40,,FLOOR,2.00,Pcs,WH1,
1063811,Spacer-For connection block QSM40,,FLOOR,1.00,Pcs,WH1,
1063916,Power plug ECO40W-Plug top bracket,,FLOOR,4.00,Pcs,WH1,
1063978,PC6000-QS70-T12,"-Info:
-ECOil: T¤ 1bl 2hy 0el 0cl
-Drilling: BPE3
-Other:",FLOOR,1.00,Pcs,WH1,MO020009471
1064182,Tilt axle EC233S/EC333,-Info: Will be replaced by 1080808 and 1080809. ,FLOOR,2.00,Pcs,WH1,
1064196,Tilt axle EC214S/EC219S,-Info: Will be replaced by 1080804 and 1080805,FLOOR,2.00,Pcs,WH1,
1064201,Seal PAK-110x125x7-L,,FLOOR,2.00,Pcs,WH1,
1064202,Magnet spacer tilt axle EC214S/EC219S,,FLOOR,2.00,Pcs,WH1,
1064205,"Tilt axle EC226S, EC326",-Info: Will be replaced by 1080806 and 1080807 ,FLOOR,2.00,Pcs,WH1,
1064208,Seal PAK-130x140x7-L,,FLOOR,2.00,Pcs,WH1,
1064311,Cover plate GRD Coupling - QSM40 magnet,,FLOOR,2.00,Pcs,WH1,
1064352,GS-WD-QS40 5° -T59,-ECOil Top: T¤ 2bl 2hy 0el 0cl,FLOOR,3.00,Pcs,WH1,
1064716,Protection Plate tilt axle EC206/EC209,,FLOOR,4.00,Pcs,WH1,
1064917,ECO-upgrade kit QS40-H61-DC2-DT,-ECOil Hitch: H¤ 2bl 2hy 2el 1cl,FLOOR,2.00,Pcs,WH1,
1065199,SG06-QS40-T59,"-ECOil: T¤ 2bl 2hy 0el 0cl
-Feed hose couplings: #N/A
-Drilling: BPE2
-Other:",FLOOR,1.00,Pcs,WH1,MO020009546
1065199,SG06-QS40-T59,"-ECOil: T¤ 2bl 2hy 0el 0cl
-Feed hose couplings: #N/A
-Drilling: BPE2
-Other:",FLOOR,1.00,Pcs,WH1,MO020009547
1065219,Clamping half sensor QSM40/QSM60/S40/S45/S60/S70 Machined,-Info: Replaced by 1063793,FLOOR,2.00,Pcs,WH1,
1065228,"Adapter pipe extra 1/2"" QSM40",,FLOOR,4.00,Pcs,WH1,
1065370,Spacer-end lock EC209/EC214/EC219,,FLOOR,1.00,Pcs,WH1,
1065378,Axial washer sealed EC206B,,FLOOR,4.00,Pcs,WH1,
1065434,Locking hook S40/QSM40,,FLOOR,1.00,Pcs,WH1,
1065507,SG03-QS40-T59,"-ECOil: T¤ 2bl 2hy 0el 0cl
-Feed hose couplings: #N/A
-Drilling: BPE1
-Other:",FLOOR,1.00,Pcs,WH1,MO020009544
1065626,Cover Tilt Axle EC206S/EC209S Cast,,FLOOR,2.00,Pcs,WH1,
1065664,End lock EC206B Cast,,FLOOR,1.00,Pcs,WH1,
1065789,End lock EC209S/EC214S/EC219S Cast,,FLOOR,2.00,Pcs,WH1,
1065797,GRD40Q-QSM40,"-Info: Documentation 9000116
",FLOOR,1.00,Pcs,WH1,MO010067279
1065797,GRD40Q-QSM40,"-Info: Documentation 9000116
",FLOOR,1.00,Pcs,WH1,MO010067281
1065797,GRD40Q-QSM40,"-Info: Documentation 9000116
",FLOOR,1.00,Pcs,WH1,MO010067282
1065797,GRD40Q-QSM40,"-Info: Documentation 9000116
",FLOOR,1.00,Pcs,WH1,MO010067283
1065799,Cover Tilt Axle EC214S/EC219S Cast,,FLOOR,2.00,Pcs,WH1,
1066135,"Tilt cylinder EC206, EC206B",,FLOOR,2.00,Pcs,WH1,
1067225,Lock plate-UNI axle-S60/S70/S80,,FLOOR,8.00,Pcs,WH1,
1067394,EC226S-QSM70Q-QS70-DC2-H31-T11,"-Machine adapted: No
-ECOil Hitch: H¤ 1bl 2hy 
-ECOil Top: T¤ 1bl 2hy 1el 1cl
-Position Sensors: Tilt+Rotation
-Volt: 24V
-Color: STD
-Lifting Point: #N/A
-Other:
-Info: Documentation 9000113",FLOOR,1.00,Pcs,WH1,MO010067096
1067413,EC219S-QSM60Q-QS60-DC2-H28-T1,"-Machine adapted: No
-ECOil Hitch: H¤ 1bl 2hy
-ECOil Top: T¤ 1bl 2hy 1el 1cl
-Position Sensors: Tilt+Rotation
-Volt: 24V
-Color: STD
-Lifting Point: #N/A
-Other:
-Info: Documentation 9000113",FLOOR,1.00,Pcs,WH1,MO010067091
1067444,EC214S-QSM60Q-QS60-DC2-24V-H28-T1,"-Machine adapted: No
-ECOil Hitch: H¤ 1bl 2hy 
-ECOil Top: T¤ 1bl 2hy 1el 1cl
-Position Sensors: Tilt+Rotation
-Volt: 24V
-Color: STD
-Lifting Point: #N/A
-Other:
-Info: Documentation 9000113",FLOOR,1.00,Pcs,WH1,MO010067225
1067444,EC214S-QSM60Q-QS60-DC2-24V-H28-T1,"-Machine adapted: No
-ECOil Hitch: H¤ 1bl 2hy 
-ECOil Top: T¤ 1bl 2hy 1el 1cl
-Position Sensors: Tilt+Rotation
-Volt: 24V
-Color: STD
-Lifting Point: #N/A
-Other:
-Info: Documentation 9000113",FLOOR,1.00,Pcs,WH1,MO010067226
1067444,EC214S-QSM60Q-QS60-DC2-24V-H28-T1,"-Machine adapted: No
-ECOil Hitch: H¤ 1bl 2hy 
-ECOil Top: T¤ 1bl 2hy 1el 1cl
-Position Sensors: Tilt+Rotation
-Volt: 24V
-Color: STD
-Lifting Point: #N/A
-Other:
-Info: Documentation 9000113",FLOOR,1.00,Pcs,WH1,MO010067227
1067444,EC214S-QSM60Q-QS60-DC2-24V-H28-T1,"-Machine adapted: No
-ECOil Hitch: H¤ 1bl 2hy 
-ECOil Top: T¤ 1bl 2hy 1el 1cl
-Position Sensors: Tilt+Rotation
-Volt: 24V
-Color: STD
-Lifting Point: #N/A
-Other:
-Info: Documentation 9000113",FLOOR,1.00,Pcs,WH1,MO010067228
1067444,EC214S-QSM60Q-QS60-DC2-24V-H28-T1,"-Machine adapted: No
-ECOil Hitch: H¤ 1bl 2hy 
-ECOil Top: T¤ 1bl 2hy 1el 1cl
-Position Sensors: Tilt+Rotation
-Volt: 24V
-Color: STD
-Lifting Point: #N/A
-Other:
-Info: Documentation 9000113",FLOOR,1.00,Pcs,WH1,MO010067229
1067444,EC214S-QSM60Q-QS60-DC2-24V-H28-T1,"-Machine adapted: No
-ECOil Hitch: H¤ 1bl 2hy 
-ECOil Top: T¤ 1bl 2hy 1el 1cl
-Position Sensors: Tilt+Rotation
-Volt: 24V
-Color: STD
-Lifting Point: #N/A
-Other:
-Info: Documentation 9000113",FLOOR,1.00,Pcs,WH1,MO010067230
1067444,EC214S-QSM60Q-QS60-DC2-24V-H28-T1,"-Machine adapted: No
-ECOil Hitch: H¤ 1bl 2hy 
-ECOil Top: T¤ 1bl 2hy 1el 1cl
-Position Sensors: Tilt+Rotation
-Volt: 24V
-Color: STD
-Lifting Point: #N/A
-Other:
-Info: Documentation 9000113",FLOOR,1.00,Pcs,WH1,MO010067231
1067444,EC214S-QSM60Q-QS60-DC2-24V-H28-T1,"-Machine adapted: No
-ECOil Hitch: H¤ 1bl 2hy 
-ECOil Top: T¤ 1bl 2hy 1el 1cl
-Position Sensors: Tilt+Rotation
-Volt: 24V
-Color: STD
-Lifting Point: #N/A
-Other:
-Info: Documentation 9000113",FLOOR,1.00,Pcs,WH1,MO010067232
1067444,EC214S-QSM60Q-QS60-DC2-24V-H28-T1,"-Machine adapted: No
-ECOil Hitch: H¤ 1bl 2hy 
-ECOil Top: T¤ 1bl 2hy 1el 1cl
-Position Sensors: Tilt+Rotation
-Volt: 24V
-Color: STD
-Lifting Point: #N/A
-Other:
-Info: Documentation 9000113",FLOOR,1.00,Pcs,WH1,MO010067233
1067465,EC209BS-QSM45Q-QS45-DC2-24V-H48-T51,"-Machine adapted: No
-ECOil Hitch: H¤ 1bl 2hy 
-ECOil Top: T¤ 1bl 2hy 1el 1cl
-Position Sensors: Tilt & Rotation
-Volt: 24V
-Color: STD
-Lifting Point: #N/A
-Other:
-Info: Documentation 9000113",FLOOR,1.00,Pcs,WH1,MO010066127
1067465,EC209BS-QSM45Q-QS45-DC2-24V-H48-T51,"-Machine adapted: No
-ECOil Hitch: H¤ 1bl 2hy 
-ECOil Top: T¤ 1bl 2hy 1el 1cl
-Position Sensors: Tilt & Rotation
-Volt: 24V
-Color: STD
-Lifting Point: #N/A
-Other:
-Info: Documentation 9000113",FLOOR,1.00,Pcs,WH1,MO010067217
1067465,EC209BS-QSM45Q-QS45-DC2-24V-H48-T51,"-Machine adapted: No
-ECOil Hitch: H¤ 1bl 2hy 
-ECOil Top: T¤ 1bl 2hy 1el 1cl
-Position Sensors: Tilt & Rotation
-Volt: 24V
-Color: STD
-Lifting Point: #N/A
-Other:
-Info: Documentation 9000113",FLOOR,1.00,Pcs,WH1,MO010067218
1067465,EC209BS-QSM45Q-QS45-DC2-24V-H48-T51,"-Machine adapted: No
-ECOil Hitch: H¤ 1bl 2hy 
-ECOil Top: T¤ 1bl 2hy 1el 1cl
-Position Sensors: Tilt & Rotation
-Volt: 24V
-Color: STD
-Lifting Point: #N/A
-Other:
-Info: Documentation 9000113",FLOOR,1.00,Pcs,WH1,MO010067221
1067734,EC209BS-QSM45Q-QS45-DC2-12V-H48-T51,"-Machine adapted: No
-ECOil Hitch: H¤ 1bl 2hy
-ECOil Top: T¤ 1bl 2hy 1el 1cl
-Position Sensors: Tilt+Rotation
-Volt: 12V
-Color: STD
-Lifting Point: #N/A
-Other:
-Info: Documentation 9000113",FLOOR,1.00,Pcs,WH1,MO010067207
1067734,EC209BS-QSM45Q-QS45-DC2-12V-H48-T51,"-Machine adapted: No
-ECOil Hitch: H¤ 1bl 2hy
-ECOil Top: T¤ 1bl 2hy 1el 1cl
-Position Sensors: Tilt+Rotation
-Volt: 12V
-Color: STD
-Lifting Point: #N/A
-Other:
-Info: Documentation 9000113",FLOOR,1.00,Pcs,WH1,MO010067208
1067734,EC209BS-QSM45Q-QS45-DC2-12V-H48-T51,"-Machine adapted: No
-ECOil Hitch: H¤ 1bl 2hy
-ECOil Top: T¤ 1bl 2hy 1el 1cl
-Position Sensors: Tilt+Rotation
-Volt: 12V
-Color: STD
-Lifting Point: #N/A
-Other:
-Info: Documentation 9000113",FLOOR,1.00,Pcs,WH1,MO010067209
1067734,EC209BS-QSM45Q-QS45-DC2-12V-H48-T51,"-Machine adapted: No
-ECOil Hitch: H¤ 1bl 2hy
-ECOil Top: T¤ 1bl 2hy 1el 1cl
-Position Sensors: Tilt+Rotation
-Volt: 12V
-Color: STD
-Lifting Point: #N/A
-Other:
-Info: Documentation 9000113",FLOOR,1.00,Pcs,WH1,MO010067210
1067734,EC209BS-QSM45Q-QS45-DC2-12V-H48-T51,"-Machine adapted: No
-ECOil Hitch: H¤ 1bl 2hy
-ECOil Top: T¤ 1bl 2hy 1el 1cl
-Position Sensors: Tilt+Rotation
-Volt: 12V
-Color: STD
-Lifting Point: #N/A
-Other:
-Info: Documentation 9000113",FLOOR,1.00,Pcs,WH1,MO010067211
1067741,EC233S-QSM70Q-QS70-DC2-H31-T73,"-Machine adapted: No
-ECOil Hitch: H¤ 1bl 2hy 
-ECOil Top: T¤ 1bl 2hy 1el 1cl
-Position Sensors: Tilt+Rotation
-Volt: 24V
-Color: STD
-Lifting Point: #N/A
-Other:
-Info: Documentation 9000113",FLOOR,1.00,Pcs,WH1,MO010067099
1067897,Reconstruction kit-EC209-QSM45/50,-Info: QSM-Q-->QSM -Info: To rebuild QSM45Q/QSM50Q to bolted version,FLOOR,2.00,Pcs,WH1,
1068367,Locking cylinder S40/QSM40 pre-assembled,,FLOOR,2.00,Pcs,WH1,
1068379,Reconstruction kit-EC226/EC233-QSM70,-Info: QSM-Q-->QSM -Info: To rebuild QSM70Q to bolted version,FLOOR,2.00,Pcs,WH1,
1068462,Protection Plug QS sensor GL26,,FLOOR,4.00,Pcs,WH1,
1068609,Reconstruction kit-QSM40,-Info: QSM-Q-->QSM -Info: To rebuild QSM40Q to QSM40 with Tema couplings on Extra 2,FLOOR,2.00,Pcs,WH1,
1068693,EC206BS-QSM40Q-QS40-DC2-H65-T57,"-Machine adapted: No
-ECOil Hitch: H¤ 2bl 2hy 0el 0cl.
-ECOil Top: T¤ 2bl 2hy 2el 1cl.
-Position Sensors: Tilt+Rotation
-Volt: 12V
-Color: STD
-Lifting Point: #N/A
-Other:
-Info: Documentation 9000113",FLOOR,1.00,Pcs,WH1,MO010067195
1068693,EC206BS-QSM40Q-QS40-DC2-H65-T57,"-Machine adapted: No
-ECOil Hitch: H¤ 2bl 2hy 0el 0cl.
-ECOil Top: T¤ 2bl 2hy 2el 1cl.
-Position Sensors: Tilt+Rotation
-Volt: 12V
-Color: STD
-Lifting Point: #N/A
-Other:
-Info: Documentation 9000113",FLOOR,1.00,Pcs,WH1,MO010067196
1068693,EC206BS-QSM40Q-QS40-DC2-H65-T57,"-Machine adapted: No
-ECOil Hitch: H¤ 2bl 2hy 0el 0cl.
-ECOil Top: T¤ 2bl 2hy 2el 1cl.
-Position Sensors: Tilt+Rotation
-Volt: 12V
-Color: STD
-Lifting Point: #N/A
-Other:
-Info: Documentation 9000113",FLOOR,1.00,Pcs,WH1,MO010067197
1068693,EC206BS-QSM40Q-QS40-DC2-H65-T57,"-Machine adapted: No
-ECOil Hitch: H¤ 2bl 2hy 0el 0cl.
-ECOil Top: T¤ 2bl 2hy 2el 1cl.
-Position Sensors: Tilt+Rotation
-Volt: 12V
-Color: STD
-Lifting Point: #N/A
-Other:
-Info: Documentation 9000113",FLOOR,1.00,Pcs,WH1,MO010067199
1068747,GAF-GHH1200 V2-QS60-125x50x1200-5T TP500-T2,"-Version: Hydraulic
-ECOil: T¤ 1bl 2hy 0el 0cl
-Feed hose couplings: #N/A
-Frame width: 1200
-Fork dimensions: 125x50x1200
-Max load: 5T
-Other:",FLOOR,0.00,Pcs,WH1,
1068863,Axle grab cylinder against frame GRD60B/70B,,FLOOR,4.00,Pcs,WH1,
1068988,GAF-GH1200 V2-QS60-125x50x1200-5T TP500,"-Version: Mechanical
-ECOil: #N/A
-Feed hose couplings: #N/A
-Frame width: 1200
-Fork dimensions: 125x50x1200
-Max load: 5T
-Other:",FLOOR,1.00,Pcs,WH1,EC086874
1068989,ECO-upgrade kit QSM45-right-H49,-ECOil Hitch: H¤ 1bl 3hy 0el 0cl,FLOOR,2.00,Pcs,WH1,
1069398,Cover plate Power plug-ECO40W-top bracket V2,-Info: replaces 1057689,FLOOR,6.00,Pcs,WH1,
1069400,Attachment block ECO40 W-top bracket-with pin V2,-Info: replaces 1061832 together with 1069398 and 1069401 (with lubrication nipple)  or 1069402 (without lubrication nipple),FLOOR,6.00,Pcs,WH1,
1069559,Cable M12-5P -> 2x M12-5S Y-splitter-DC2-DC3,"-Info: With 0,3m PUR cable
-Info: EVC614",FLOOR,2.00,Pcs,WH1,
1069623,Cover plate Side QSM60 V3 - sensor,,FLOOR,1.00,Pcs,WH1,
1070275,Tilt cylinder EC219 (cast waist) for overcenter 730277,"-Info: No plug function to run without overcenter valves
-Info: Replaces 1019892 in all applications where plugging is not needed",FLOOR,2.00,Pcs,WH1,
1070407,Bucket GB17-900-1700-S60 support,-Info: for GRD60 (GRD20),FLOOR,1.00,Pcs,WH1,EC086881
1070462,Bucket GB20-1100-1700-S70 support,-Info: for GRD70,FLOOR,1.00,Pcs,WH1,EC086882
1070462,Bucket GB20-1100-1700-S70 support,-Info: for GRD70,FLOOR,1.00,Pcs,WH1,EC086883
1070488,Bucket GB22-1250-1900-S70 support,-Info: for GRD70,FLOOR,1.00,Pcs,WH1,EC086884
1070488,Bucket GB22-1250-1900-S70 support,-Info: for GRD70,FLOOR,1.00,Pcs,WH1,EC086885
1070508,Bucket GB24-1400-2000-S70 support,-Info: for GRD70,FLOOR,1.00,Pcs,WH1,EC086871
1070508,Bucket GB24-1400-2000-S70 support,-Info: for GRD70,FLOOR,1.00,Pcs,WH1,EC086872
1070851,GS-BPE2-QS40-T59,"-Info: SK05,10/SG06,09,12/PP3200/SR/GRB/TG25,28
- ECOil Top: T¤ 2bl 2hy 0el 0cl",FLOOR,0.00,Pcs,WH1,
1070867,Assembly kit-3rd party tilt sensor-EC214->EC233-DC2,"-Info: Delivered with 9000530
-Requires 1079936 or 1079937 depending on machine hitch type.",FLOOR,2.00,Pcs,WH1,
1071001,Shim chamfered Ø140/66 x 10,-Info: Stick shim. Fits UNI S60,FLOOR,2.00,Pcs,WH1,
1071055,GRD60B-QSD60/QSM60,"-Info: Documentation 9000116
",FLOOR,1.00,Pcs,WH1,MO010067295
1071055,GRD60B-QSD60/QSM60,"-Info: Documentation 9000116
",FLOOR,1.00,Pcs,WH1,MO010067296
1071055,GRD60B-QSD60/QSM60,"-Info: Documentation 9000116
",FLOOR,1.00,Pcs,WH1,MO010067297
1071055,GRD60B-QSD60/QSM60,"-Info: Documentation 9000116
",FLOOR,1.00,Pcs,WH1,MO010067298
1071055,GRD60B-QSD60/QSM60,"-Info: Documentation 9000116
",FLOOR,1.00,Pcs,WH1,MO010067299
1071055,GRD60B-QSD60/QSM60,"-Info: Documentation 9000116
",FLOOR,1.00,Pcs,WH1,MO010067300
1071055,GRD60B-QSD60/QSM60,"-Info: Documentation 9000116
",FLOOR,1.00,Pcs,WH1,MO010067301
1071055,GRD60B-QSD60/QSM60,"-Info: Documentation 9000116
",FLOOR,1.00,Pcs,WH1,MO010067302
1071055,GRD60B-QSD60/QSM60,"-Info: Documentation 9000116
",FLOOR,1.00,Pcs,WH1,MO010067303
1071055,GRD60B-QSD60/QSM60,"-Info: Documentation 9000116
",FLOOR,1.00,Pcs,WH1,MO010067304
1071055,GRD60B-QSD60/QSM60,"-Info: Documentation 9000116
",FLOOR,1.00,Pcs,WH1,MO010067305
1071055,GRD60B-QSD60/QSM60,"-Info: Documentation 9000116
",FLOOR,1.00,Pcs,WH1,MO010067307
1071055,GRD60B-QSD60/QSM60,"-Info: Documentation 9000116
",FLOOR,1.00,Pcs,WH1,MO010067308
1071748,"Shim Ø140/66 x 0,5",-Info: Stick shim. Fits UNI S60,FLOOR,4.00,Pcs,WH1,
1071749,"Shim Ø140/66 x 1,0",-Info: Stick shim. Fits UNI S60,FLOOR,4.00,Pcs,WH1,
1071750,"Shim Ø140/72 x 0,5",-Info: Stick shim. Fits UNI S60,FLOOR,4.00,Pcs,WH1,
1071751,"Shim Ø140/72 x 1,0",-Info: Stick shim. Fits UNI S60,FLOOR,4.00,Pcs,WH1,
1071752,"Shim Ø140/81 x 0,5",-Info: Stick shim. Fits UNI S60,FLOOR,4.00,Pcs,WH1,
1071753,"Shim Ø140/81 x 1,0",-Info: Stick shim. Fits UNI S60,FLOOR,4.00,Pcs,WH1,
1071773,Shim chamfered Ø140/66 x 5,-Info: Stick shim. Fits UNI S60,FLOOR,2.00,Pcs,WH1,
1071775,Shim chamfered Ø140/66 x 8,-Info: Stick shim. Fits UNI S60,FLOOR,2.00,Pcs,WH1,
1071782,Shim chamfered Ø140/72 x 5,-Info: Stick shim. Fits UNI S60,FLOOR,2.00,Pcs,WH1,
1071784,Shim chamfered Ø140/72 x 8,-Info: Stick shim. Fits UNI S60,FLOOR,2.00,Pcs,WH1,
1071786,Shim chamfered Ø140/72 x 10,-Info: Stick shim. Fits UNI S60,FLOOR,2.00,Pcs,WH1,
1071788,Shim chamfered Ø140/81 x 5,-Info: Stick shim. Fits UNI S60,FLOOR,2.00,Pcs,WH1,
1071789,Shim chamfered Ø140/81 x 8,-Info: Stick shim. Fits UNI S60,FLOOR,2.00,Pcs,WH1,
1071790,Shim chamfered Ø140/81 x 10,-Info: Stick shim. Fits UNI S60,FLOOR,2.00,Pcs,WH1,
1071931,Block ECO60 W-S60-quick hitch -3hy right (assembly),"-Info: Replaced by 1081448
",FLOOR,1.00,Pcs,WH1,
1072106,Service package GRD70,,FLOOR,1.00,Pcs,WH1,
1072390,Locking cylinder S45/QSM45/50 Forged QSC pre-assembled,,FLOOR,2.00,Pcs,WH1,
1072391,Locking cylinder QS45/50 V4 Forged QSC pre-assembled,,FLOOR,2.00,Pcs,WH1,
1072515,ECO-upgrade kit S60 right-H71,-ECOil Hitch: H¤ 1bl 3hy 0el 0cl,FLOOR,4.00,Pcs,WH1,
1072517,S60-upgrade kit-Outside hose connection blocks,-Info:,FLOOR,2.00,Pcs,WH1,
1073126,"Shim Ø140/61 x 0,5",-Info: Stick shim. Fits UNI S60 and S70,FLOOR,4.00,Pcs,WH1,
1073127,"Shim Ø140/61 x 1,0",-Info: Stick shim. Fits UNI S60 and S70,FLOOR,4.00,Pcs,WH1,
1073128,Shim chamfered Ø140/61 x 5,-Info: Stick shim. Fits UNI S60 and S70,FLOOR,2.00,Pcs,WH1,
1073129,Shim chamfered Ø140/61 x 8,-Info: Stick shim. Fits UNI S60 and S70,FLOOR,2.00,Pcs,WH1,
1073130,Shim chamfered Ø140/61 x 10,-Info: Stick shim. Fits UNI S60 and S70,FLOOR,2.00,Pcs,WH1,
1073302,S60-Direct connect-DC2,"-Machine adapted: Komatsu PC120/128US/130/138US/PW130/140/148/150/158/160/168
-ECOil Hitch: H¤ 1bl 2hy 1el 1cl
-ECOil Top: #N/A
-Position Sensors: #N/A
-Volt: #N/A
-Color: STD
-Lifting Point: 0T
-Other: -	
-Info: Documentation 9000705, 9000730",FLOOR,1.00,Pcs,WH1,MO010067259
1073302,S60-Direct connect-DC2,"-Machine adapted: Komatsu PC120/128US/130/138US/PW130/140/148/150/158/160/168
-ECOil Hitch: H¤ 1bl 2hy 1el 1cl
-ECOil Top: #N/A
-Position Sensors: #N/A
-Volt: #N/A
-Color: STD
-Lifting Point: 0T
-Other: -	
-Info: Documentation 9000705, 9000730",FLOOR,1.00,Pcs,WH1,MO010067260
1073356,Shim kit End lock - EC233,,FLOOR,1.00,Pcs,WH1,
1073715,Quick hitch QSM60 EC214 V3 cast,,FLOOR,1.00,Pcs,WH1,
1073810,EC219S-QSM60Q-QS60-DC3-H28-T70,"-Machine adapted: No
-ECOil Hitch: H¤ 1bl 2hy
-ECOil Top: T¤ 1bl 2hy 1el 1cl
-Position Sensors: Tilt+Rotation
-Volt: 24V
-Color: STD
-Lifting Point: #N/A
-Other:
-Info: Documentation 9000113",FLOOR,1.00,Pcs,WH1,MO010067102
1073810,EC219S-QSM60Q-QS60-DC3-H28-T70,"-Machine adapted: No
-ECOil Hitch: H¤ 1bl 2hy
-ECOil Top: T¤ 1bl 2hy 1el 1cl
-Position Sensors: Tilt+Rotation
-Volt: 24V
-Color: STD
-Lifting Point: #N/A
-Other:
-Info: Documentation 9000113",FLOOR,1.00,Pcs,WH1,MO010067103
1073879,EC226S-QSM70Q-QS70-DC3-H31-T71,"-Machine adapted: No
-ECOil Hitch: H¤ 1bl 2hy 
-ECOil Top: T¤ 1bl 2hy 1el 1cl
-Position Sensors: Tilt+Rotation
-Volt: 24V
-Color: STD
-Lifting Point: #N/A
-Other:
-Info: Documentation 9000113",FLOOR,1.00,Pcs,WH1,MO010067108
1073879,EC226S-QSM70Q-QS70-DC3-H31-T71,"-Machine adapted: No
-ECOil Hitch: H¤ 1bl 2hy 
-ECOil Top: T¤ 1bl 2hy 1el 1cl
-Position Sensors: Tilt+Rotation
-Volt: 24V
-Color: STD
-Lifting Point: #N/A
-Other:
-Info: Documentation 9000113",FLOOR,1.00,Pcs,WH1,MO010067109
1074018,Block ECO45/50 W QH with dowelpins V2,,FLOOR,2.00,Pcs,WH1,
1074033,Block ECO80 W-quick hitch -with dowel pins-V2,"-Info: For 2x1"" + 1x1/2""",FLOOR,1.00,Pcs,WH1,
1074303,GAF-GH1200 V2-QS70-125x50x1200-5T TP500,"-Version: Mechanical
-ECOil: #N/A
-Feed hose couplings: #N/A
-Frame width: 1200
-Fork dimensions: 125x50x1200
-Max load: 5T
-Other:",FLOOR,1.00,Pcs,WH1,EC086873
1074438,QS40-Direct connect-H61-DC2,"-Machine adapted: Kobelco/NH SK45,55,58/E45BSR/E50,2SR/E50BSR/E55B
-ECOil Hitch: H¤ 2bl 2hy 2el 1cl
-ECOil Top: #N/A
-Position Sensors: #N/A
-Volt: #N/A
-Color: STD
-Lifting Point: 0T
-Other:
-Info: Documentation 9000114, 9000417",FLOOR,1.00,Pcs,WH1,MO010067160
1074471,TG42HD V2-QS60-T2,"-ECOil: T¤ 1bl 2hy 0el 0cl
-Feed hose couplings: #N/A
-Drilling: BPE3
-Other:",FLOOR,0.00,Pcs,WH1,
1074662,SG09-QS45-T5,"-ECOil: T¤ 1bl 2hy 0el 0cl
-Feed hose couplings: #N/A
-Drilling: BPE2
-Other:",FLOOR,1.00,Pcs,WH1,MO020009480
1074662,SG09-QS45-T5,"-ECOil: T¤ 1bl 2hy 0el 0cl
-Feed hose couplings: #N/A
-Drilling: BPE2
-Other:",FLOOR,1.00,Pcs,WH1,MO020009481
1074748,Shim chamfered Ø140/56 x 8,-Info: Stick shim. Fits UNI S60,FLOOR,2.00,Pcs,WH1,
1074781,Shim chamfered Ø140/51 x 8,-Info: Stick shim. Fits UNI S60,FLOOR,2.00,Pcs,WH1,
1074783,Shim chamfered Ø140/51 x 10,-Info: Stick shim. Fits UNI S60,FLOOR,2.00,Pcs,WH1,
1074818,GRD70B-QSM70,-Info: Documentation 9000116,FLOOR,1.00,Pcs,WH1,MO010067110
1074818,GRD70B-QSM70,-Info: Documentation 9000116,FLOOR,1.00,Pcs,WH1,MO010067121
1074818,GRD70B-QSM70,-Info: Documentation 9000116,FLOOR,1.00,Pcs,WH1,MO010067122
1074818,GRD70B-QSM70,-Info: Documentation 9000116,FLOOR,1.00,Pcs,WH1,MO010067123
1075311,EC214S-QSM60Q-QS60-DC3-24V-H28-T70,"-Machine adapted: No
-ECOil Hitch: H¤ 1bl 2hy 
-ECOil Top: T¤ 1bl 2hy 1el 1cl
-Position Sensors: Tilt+Rotation
-Volt: 24V
-Color: STD
-Lifting Point: #N/A
-Other:
-Info: Documentation 9000113",FLOOR,1.00,Pcs,WH1,MO010067310
1076514,Block ECO45/50 W-top bracket-2hy V2,,FLOOR,2.00,Pcs,WH1,
1076517,Block ECO60 W top bracket -2hy- V2,,FLOOR,2.00,Pcs,WH1,
1076522,"Block ECO80 W-top bracket-3hy (2x1"" & 1x1/2"") V2",,FLOOR,1.00,Pcs,WH1,
1076540,Block ECO80 W-quick hitch -3hy-V3,,FLOOR,1.00,Pcs,WH1,
1077379,Shim chamfered Ø140/76 x 10,-Info: Stick shim. Fits UNI S60,FLOOR,2.00,Pcs,WH1,
1077380,"Shim Ø140/76 x 0,5",-Info: Stick shim. Fits UNI S60,FLOOR,4.00,Pcs,WH1,
1077478,Guide Pin ø8x43 ECO40,,FLOOR,10.00,Pcs,WH1,
1077485,Block ECO40 W-QH-with dowel pins V2,,FLOOR,4.00,Pcs,WH1,
1077488,Block ECO40 W QH-1hy,-Info: replaces 1061836,FLOOR,2.00,Pcs,WH1,
1077496,Block ECO40 W-QSM-quick hitch -1hy V2,-Info: replaces 1066141,FLOOR,4.00,Pcs,WH1,
1077618,S60-Direct connect-DC2,"-Machine adapted: OEM Kobelco 135BSR/140/140SR/145/150BR/160C
-ECOil Hitch: H¤ 1bl 2hy 1el 1cl
-ECOil Top: #N/A
-Position Sensors: #N/A
-Volt: #N/A
-Color: STD
-Lifting Point: 0T
-Other: Kobelco Japan OEM	
-Info: Documentation 9000705, 9000730",FLOOR,1.00,Pcs,WH1,MO010067261
1077618,S60-Direct connect-DC2,"-Machine adapted: OEM Kobelco 135BSR/140/140SR/145/150BR/160C
-ECOil Hitch: H¤ 1bl 2hy 1el 1cl
-ECOil Top: #N/A
-Position Sensors: #N/A
-Volt: #N/A
-Color: STD
-Lifting Point: 0T
-Other: Kobelco Japan OEM	
-Info: Documentation 9000705, 9000730",FLOOR,1.00,Pcs,WH1,MO010067262
1077719,ECO-upgrade kit S70 right-H83,-ECOil Hitch: H¤ 1bl 3hy 0el 0cl,FLOOR,0.00,Pcs,WH1,
1078099,GS-BPE1-QS40-T59,- ECOil Top: T¤ 2bl 2hy 0el 0cl,FLOOR,0.00,Pcs,WH1,
1078265,TG25HD V2-QS45-T5,"-ECOil: T¤ 1bl 2hy 0el 0cl
-Feed hose couplings: #N/A
-Drilling: BPE2
-Other:",FLOOR,1.00,Pcs,WH1,MO020009577
1078266,TG25HD V2-QS40-T59,"-ECOil: T¤ 2bl 2hy 0el 0cl
-Feed hose couplings: #N/A
-Drilling: BPE2
-Other:",FLOOR,0.00,Pcs,WH1,
1078840,Screw TX45 8x25 10.9 FZB,"-Info: Bufab artikelnummer:
7380T080251",FLOOR,20.00,Pcs,WH1,
1078990,S60-Direct connect-DC2,"-Machine adapted: Hitachi ZX110/120/125/130/135/140/145/150/155W/175W, John Deere 130/135G
-ECOil Hitch: H¤ 1bl 2hy 1el 1cl
-ECOil Top: #N/A
-Position Sensors: #N/A
-Volt: #N/A
-Color: STD
-Lifting Point: 0T
-Other: -	
-Info: Documentation 9000705, 9000730",FLOOR,1.00,Pcs,WH1,MO010067263
1078990,S60-Direct connect-DC2,"-Machine adapted: Hitachi ZX110/120/125/130/135/140/145/150/155W/175W, John Deere 130/135G
-ECOil Hitch: H¤ 1bl 2hy 1el 1cl
-ECOil Top: #N/A
-Position Sensors: #N/A
-Volt: #N/A
-Color: STD
-Lifting Point: 0T
-Other: -	
-Info: Documentation 9000705, 9000730",FLOOR,1.00,Pcs,WH1,MO010067264
1079540,GRD45/50B-QSD45/50/QSM45/50,-Info: Documentation 9000116,FLOOR,1.00,Pcs,WH1,MO010067284
1079540,GRD45/50B-QSD45/50/QSM45/50,-Info: Documentation 9000116,FLOOR,1.00,Pcs,WH1,MO010067285
1079540,GRD45/50B-QSD45/50/QSM45/50,-Info: Documentation 9000116,FLOOR,1.00,Pcs,WH1,MO010067286
1079540,GRD45/50B-QSD45/50/QSM45/50,-Info: Documentation 9000116,FLOOR,1.00,Pcs,WH1,MO010067287
1079540,GRD45/50B-QSD45/50/QSM45/50,-Info: Documentation 9000116,FLOOR,1.00,Pcs,WH1,MO010067288
1079540,GRD45/50B-QSD45/50/QSM45/50,-Info: Documentation 9000116,FLOOR,1.00,Pcs,WH1,MO010067289
1079540,GRD45/50B-QSD45/50/QSM45/50,-Info: Documentation 9000116,FLOOR,1.00,Pcs,WH1,MO010067290
1079540,GRD45/50B-QSD45/50/QSM45/50,-Info: Documentation 9000116,FLOOR,1.00,Pcs,WH1,MO010067291
1079540,GRD45/50B-QSD45/50/QSM45/50,-Info: Documentation 9000116,FLOOR,1.00,Pcs,WH1,MO010067292
1079647,S45-Direct connect-DC2,"-Machine adapted: New Holland 70/75/80/ Kobelco SK60/70/75/80/85/100
-ECOil Hitch: H¤ 1bl 2hy 1el 1cl
-ECOil Top: #N/A
-Position Sensors: #N/A
-Volt: #N/A
-Color: STD
-Lifting Point: 3T Pejo
-Other:	
-Info: Documentation 9000705, 9000730",FLOOR,1.00,Pcs,WH1,MO010067166
1079647,S45-Direct connect-DC2,"-Machine adapted: New Holland 70/75/80/ Kobelco SK60/70/75/80/85/100
-ECOil Hitch: H¤ 1bl 2hy 1el 1cl
-ECOil Top: #N/A
-Position Sensors: #N/A
-Volt: #N/A
-Color: STD
-Lifting Point: 3T Pejo
-Other:	
-Info: Documentation 9000705, 9000730",FLOOR,1.00,Pcs,WH1,MO010067167
1079647,S45-Direct connect-DC2,"-Machine adapted: New Holland 70/75/80/ Kobelco SK60/70/75/80/85/100
-ECOil Hitch: H¤ 1bl 2hy 1el 1cl
-ECOil Top: #N/A
-Position Sensors: #N/A
-Volt: #N/A
-Color: STD
-Lifting Point: 3T Pejo
-Other:	
-Info: Documentation 9000705, 9000730",FLOOR,1.00,Pcs,WH1,MO010067170
1079647,S45-Direct connect-DC2,"-Machine adapted: New Holland 70/75/80/ Kobelco SK60/70/75/80/85/100
-ECOil Hitch: H¤ 1bl 2hy 1el 1cl
-ECOil Top: #N/A
-Position Sensors: #N/A
-Volt: #N/A
-Color: STD
-Lifting Point: 3T Pejo
-Other:	
-Info: Documentation 9000705, 9000730",FLOOR,1.00,Pcs,WH1,MO010067171
1079778,S60-Direct connect-DC2,"-Machine adapted: Sany SY135,155U,155W
-ECOil Hitch: H¤ 1bl 2hy 1el 1cl
-ECOil Top: #N/A
-Position Sensors: #N/A
-Volt: #N/A
-Color: STD
-Lifting Point: 0T
-Other:
-Info: Documentation 9000705, 9000730",FLOOR,1.00,Pcs,WH1,MO010067265
1079941,Axial washer with ear EC209/214/219,,FLOOR,6.00,Pcs,WH1,
1080015,S60-Direct connect-DC2,"-Machine adapted: Takeuchi TB1140,1160W,2150,3150R / Case WX/CX 125/130/130E/135/145/148, Link Belt / XCMG XE150E,155ECR / Sumitomo SH120,125X,130,135X / Kubota U145
-ECOil Hitch: H¤ 1bl 2hy 1el 1cl
-ECOil Top: #N/A
-Position Sensors: #N/A
-Volt: #N/A
-Color: STD
-Lifting Point: 0T
-Other: -	
-Info: Documentation 9000705, 9000730",FLOOR,1.00,Pcs,WH1,MO010067267
1080111,EC204BS-QSM40-QS40-DC2-H65-T81,"-Machine adapted: No
-ECOil Hitch: H¤ 2bl 2hy 0el 0cl
-ECOil Top: T¤ 2bl 2hy 2el 1cl
-Position Sensors: Tilt+Rotation
-Volt: 12V
-Color: STD
-Lifting Point: #N/A
-Other:
-Info: Documentation 9000113",FLOOR,1.00,Pcs,WH1,MO010067186
1080111,EC204BS-QSM40-QS40-DC2-H65-T81,"-Machine adapted: No
-ECOil Hitch: H¤ 2bl 2hy 0el 0cl
-ECOil Top: T¤ 2bl 2hy 2el 1cl
-Position Sensors: Tilt+Rotation
-Volt: 12V
-Color: STD
-Lifting Point: #N/A
-Other:
-Info: Documentation 9000113",FLOOR,1.00,Pcs,WH1,MO010067187
1080537,S60-Direct connect-DC3,"-Machine adapted: CAT 313,315F, NG/316NG/M314-315 NG
-ECOil Hitch: H¤ 1bl 2hy 1el 1cl
-ECOil Top: #N/A
-Position Sensors: #N/A
-Volt: #N/A
-Color: STD
-Lifting Point: 0T
-Other: -
-Info: Documentation 9000705, 9000730",FLOOR,1.00,Pcs,WH1,MO010067269
1080537,S60-Direct connect-DC3,"-Machine adapted: CAT 313,315F, NG/316NG/M314-315 NG
-ECOil Hitch: H¤ 1bl 2hy 1el 1cl
-ECOil Top: #N/A
-Position Sensors: #N/A
-Volt: #N/A
-Color: STD
-Lifting Point: 0T
-Other: -
-Info: Documentation 9000705, 9000730",FLOOR,1.00,Pcs,WH1,MO010067271
1080789,EC226S-QSM70Q-Direct connect-DC2-H31,"-Machine adapted: CAT 318D/319-->320/323/324/325 D,E,F/NG (B-link)
-ECOil Hitch: H¤ 1bl 2hy 
-ECOil Top: #N/A
-Position Sensors: Tilt+Rotation
-Volt: 24V
-Color: STD
-Lifting Point: 0T
-Other:
-Info: Documentation 9000113",FLOOR,1.00,Pcs,WH1,MO010067172
1080789,EC226S-QSM70Q-Direct connect-DC2-H31,"-Machine adapted: CAT 318D/319-->320/323/324/325 D,E,F/NG (B-link)
-ECOil Hitch: H¤ 1bl 2hy 
-ECOil Top: #N/A
-Position Sensors: Tilt+Rotation
-Volt: 24V
-Color: STD
-Lifting Point: 0T
-Other:
-Info: Documentation 9000113",FLOOR,1.00,Pcs,WH1,MO010067173
1080789,EC226S-QSM70Q-Direct connect-DC2-H31,"-Machine adapted: CAT 318D/319-->320/323/324/325 D,E,F/NG (B-link)
-ECOil Hitch: H¤ 1bl 2hy 
-ECOil Top: #N/A
-Position Sensors: Tilt+Rotation
-Volt: 24V
-Color: STD
-Lifting Point: 0T
-Other:
-Info: Documentation 9000113",FLOOR,1.00,Pcs,WH1,MO010067174
1080789,EC226S-QSM70Q-Direct connect-DC2-H31,"-Machine adapted: CAT 318D/319-->320/323/324/325 D,E,F/NG (B-link)
-ECOil Hitch: H¤ 1bl 2hy 
-ECOil Top: #N/A
-Position Sensors: Tilt+Rotation
-Volt: 24V
-Color: STD
-Lifting Point: 0T
-Other:
-Info: Documentation 9000113",FLOOR,1.00,Pcs,WH1,MO010067175
1080822,S60-Direct connect-DC2,"-Machine adapted: Komatsu PC/PW110/118/PW138-11
-ECOil Hitch: H¤ 1bl 2hy 1el 1cl
-ECOil Top: #N/A
-Position Sensors: #N/A
-Volt: #N/A
-Color: STD
-Lifting Point: 0T
-Other: -",FLOOR,1.00,Pcs,WH1,MO010067268
1080833,S45-Direct connect-DC2,"-Machine adapted: Komatsu PC80MR-3,MR-5
-ECOil Hitch: H¤ 1bl 2hy 1el 1cl
-ECOil Top: #N/A
-Position Sensors: #N/A
-Volt: #N/A
-Color: STD
-Lifting Point: 0T
-Other:
-Info: Documentation 9000705, 9000730",FLOOR,1.00,Pcs,WH1,MO010067168
1080836,S45-Direct connect-DC2,"-Machine adapted: Kubota KX080-3,4 / KX085
-ECOil Hitch: H¤ 1bl 2hy 1el 1cl 
-ECOil Top: #N/A
-Position Sensors: #N/A
-Volt: #N/A
-Color: STD
-Lifting Point: 0T
-Other:
-Info: Documentation 9000705, 9000730",FLOOR,1.00,Pcs,WH1,MO010067169
1081402,Block ECO40 W-top bracket 1hy V3,-Info: replaces 1069402  together with 1079427,FLOOR,5.00,Pcs,WH1,
1081555,S30S-Direct connect,"-Machine adapted: Kubota U27-4, KX027 / LiuGong 9027F / XCMG XE27E
-ECOil Hitch: #N/A
-ECOil Top: #N/A
-Position Sensors: #N/A
-Volt: #N/A
-Color: STD
-Lifting Point: N/A
-Other:
-Info: Documentation 9000705, 9000730",FLOOR,1.00,Pcs,WH1,MO010067253
1081565,S45-Direct connect-DC2,"-Machine adapted: CAT 307D,E/307.5NG/308D, E, NG/309NG / Hitachi ZX70/75US/80/85US/95 / EX60-5/75US / John Deere 75/85G,P / XCMG XE80E / Sany SY75/80U
-ECOil Hitch: H¤ 1bl 2hy 1el 1cl 
-ECOil Top: #N/A
-Position Sensors: #N/A
-Volt: #N/A
-Color: STD
-Lifting Point: 0T
-Other: Does not fit ZX95W(Mecalac)
-Info: Documentation 9000705, 9000730",FLOOR,1.00,Pcs,WH1,MO010067142
1081565,S45-Direct connect-DC2,"-Machine adapted: CAT 307D,E/307.5NG/308D, E, NG/309NG / Hitachi ZX70/75US/80/85US/95 / EX60-5/75US / John Deere 75/85G,P / XCMG XE80E / Sany SY75/80U
-ECOil Hitch: H¤ 1bl 2hy 1el 1cl 
-ECOil Top: #N/A
-Position Sensors: #N/A
-Volt: #N/A
-Color: STD
-Lifting Point: 0T
-Other: Does not fit ZX95W(Mecalac)
-Info: Documentation 9000705, 9000730",FLOOR,1.00,Pcs,WH1,MO010067143
1081565,S45-Direct connect-DC2,"-Machine adapted: CAT 307D,E/307.5NG/308D, E, NG/309NG / Hitachi ZX70/75US/80/85US/95 / EX60-5/75US / John Deere 75/85G,P / XCMG XE80E / Sany SY75/80U
-ECOil Hitch: H¤ 1bl 2hy 1el 1cl 
-ECOil Top: #N/A
-Position Sensors: #N/A
-Volt: #N/A
-Color: STD
-Lifting Point: 0T
-Other: Does not fit ZX95W(Mecalac)
-Info: Documentation 9000705, 9000730",FLOOR,1.00,Pcs,WH1,MO010067146
1081567,S40-Direct connect-H92-DC2,"-Machine adapted: CAT 305E,NG/305.5E cr/306NG/8TRR / Doosan S55/DX50Z/55,R,W/57W/60R/62R/63 / Bobcat E57/60/62R/63
-ECOil Hitch: H¤ 2bl 2hy 2el 1cl
-ECOil Top: #N/A
-Position Sensors: #N/A
-Volt: #N/A
-Color: STD
-Lifting Point: 0T
-Other:
-Info: Documentation 9000705, 9000730",FLOOR,1.00,Pcs,WH1,MO010067125
1081782,S40-Direct connect-H92-DC2,"-Machine adapted: Kubota U40,45,48,50,55,56/KX057-4,060-5,161-2,-3 / JCB 48Z,50Z,51R,55Z,56Z,57C,60C / LiuGong 9047,9051,9057F / Sany SY50 / Zoomlion ZE55GU
-ECOil Hitch: H¤ 2bl 2hy 2el 1cl
-ECOil Top: #N/A
-Position Sensors: #N/A
-Volt: #N/A
-Color: STD
-Lifting Point: 3T
-Other:
-Info: Documentation 9000705, 9000730",FLOOR,0.00,Pcs,WH1,
1081830,S60-Direct connect-DC2,"-Machine adapted: Volvo EC/EW140B/C/D/E, ECR145C/D/E/F, EWR130,150E/F
-ECOil Hitch: H¤ 1bl 2hy 1el 1cl
-ECOil Top: #N/A
-Position Sensors: #N/A
-Volt: #N/A
-Color: STD
-Lifting Point: 0T
-Other: -
-Info: Documentation 9000705, 9000730",FLOOR,1.00,Pcs,WH1,MO010067257
1081830,S60-Direct connect-DC2,"-Machine adapted: Volvo EC/EW140B/C/D/E, ECR145C/D/E/F, EWR130,150E/F
-ECOil Hitch: H¤ 1bl 2hy 1el 1cl
-ECOil Top: #N/A
-Position Sensors: #N/A
-Volt: #N/A
-Color: STD
-Lifting Point: 0T
-Other: -
-Info: Documentation 9000705, 9000730",FLOOR,1.00,Pcs,WH1,MO010067274
1081831,S60-Direct connect-DC3,"-Machine adapted: Volvo EC/EW140B/C/D/E, ECR145C/D/E/F, EWR130,150E/F
-ECOil Hitch: H¤ 1bl 2hy 1el 1cl
-ECOil Top: #N/A
-Position Sensors: #N/A
-Volt: #N/A
-Color: STD
-Lifting Point: 0T
-Other: -
-Info: Documentation 9000705, 9000730",FLOOR,1.00,Pcs,WH1,MO010067272
1081831,S60-Direct connect-DC3,"-Machine adapted: Volvo EC/EW140B/C/D/E, ECR145C/D/E/F, EWR130,150E/F
-ECOil Hitch: H¤ 1bl 2hy 1el 1cl
-ECOil Top: #N/A
-Position Sensors: #N/A
-Volt: #N/A
-Color: STD
-Lifting Point: 0T
-Other: -
-Info: Documentation 9000705, 9000730",FLOOR,1.00,Pcs,WH1,MO010067273
1081831,S60-Direct connect-DC3,"-Machine adapted: Volvo EC/EW140B/C/D/E, ECR145C/D/E/F, EWR130,150E/F
-ECOil Hitch: H¤ 1bl 2hy 1el 1cl
-ECOil Top: #N/A
-Position Sensors: #N/A
-Volt: #N/A
-Color: STD
-Lifting Point: 0T
-Other: -
-Info: Documentation 9000705, 9000730",FLOOR,1.00,Pcs,WH1,MO010067275
1081831,S60-Direct connect-DC3,"-Machine adapted: Volvo EC/EW140B/C/D/E, ECR145C/D/E/F, EWR130,150E/F
-ECOil Hitch: H¤ 1bl 2hy 1el 1cl
-ECOil Top: #N/A
-Position Sensors: #N/A
-Volt: #N/A
-Color: STD
-Lifting Point: 0T
-Other: -
-Info: Documentation 9000705, 9000730",FLOOR,1.00,Pcs,WH1,MO010067276
1081831,S60-Direct connect-DC3,"-Machine adapted: Volvo EC/EW140B/C/D/E, ECR145C/D/E/F, EWR130,150E/F
-ECOil Hitch: H¤ 1bl 2hy 1el 1cl
-ECOil Top: #N/A
-Position Sensors: #N/A
-Volt: #N/A
-Color: STD
-Lifting Point: 0T
-Other: -
-Info: Documentation 9000705, 9000730",FLOOR,1.00,Pcs,WH1,MO010067277
1081831,S60-Direct connect-DC3,"-Machine adapted: Volvo EC/EW140B/C/D/E, ECR145C/D/E/F, EWR130,150E/F
-ECOil Hitch: H¤ 1bl 2hy 1el 1cl
-ECOil Top: #N/A
-Position Sensors: #N/A
-Volt: #N/A
-Color: STD
-Lifting Point: 0T
-Other: -
-Info: Documentation 9000705, 9000730",FLOOR,1.00,Pcs,WH1,MO010067278
1081916,S30S-Direct connect,"-Machine adapted: CAT 302.2-7D/302.7C,D,NG/Hanix 22,24/Schaeff HR14
-ECOil Hitch: #N/A
-ECOil Top: #N/A
-Position Sensors: #N/A
-Volt: #N/A
-Color: STD
-Lifting Point: N/A
-Other:
-Info: Documentation 9000705, 9000730",FLOOR,1.00,Pcs,WH1,MO010067251
1081918,S30S-Direct connect,"-Machine adapted: Hitachi ZX22/25/26U-5/27/29U-3
-ECOil Hitch: #N/A
-ECOil Top: #N/A
-Position Sensors: #N/A
-Volt: #N/A
-Color: STD
-Lifting Point: N/A
-Other:
-Info: Documentation 9000705, 9000730",FLOOR,1.00,Pcs,WH1,MO010067252
1081919,S30S-Direct connect,"-Machine adapted: Kubota KX30-4/71-3
-ECOil Hitch: #N/A
-ECOil Top: #N/A
-Position Sensors: #N/A
-Volt: #N/A
-Color: STD
-Lifting Point: N/A
-Other:
-Info: Documentation 9000705, 9000730",FLOOR,1.00,Pcs,WH1,MO010067254
1081923,S30S-Direct connect,"-Machine adapted: Sany SY26
-ECOil Hitch: #N/A
-ECOil Top: #N/A
-Position Sensors: #N/A
-Volt: #N/A
-Color: STD
-Lifting Point: N/A
-Other:
-Info: Documentation 9000705, 9000730",FLOOR,1.00,Pcs,WH1,MO010067255
1081932,S30S-Direct connect,"-Machine adapted: Kobelco SK25SR-6 / Yanmar VIO25,26,27,30/B30/SV26 / Yuchai U27
-ECOil Hitch: #N/A
-ECOil Top: #N/A
-Position Sensors: #N/A
-Volt: #N/A
-Color: STD
-Lifting Point: N/A
-Other:
-Info: Documentation 9000705, 9000730",FLOOR,1.00,Pcs,WH1,MO010067256
1081934,S40-Direct connect-H92-DC2,"-Machine adapted: Hitachi EX45, EX/ZX40,48,50U,52U-3P,55U-5-6, Airman AX40U/48/50U/55U-6
-ECOil Hitch: H¤ 2bl 2hy 2el 1cl
-ECOil Top: #N/A
-Position Sensors: #N/A
-Volt: #N/A
-Color: STD
-Lifting Point: 0T 
-Other:
-Info: Documentation 9000705, 9000730",FLOOR,1.00,Pcs,WH1,MO010067128
1081940,S45-Direct connect-DC2,"-Machine adapted: Komatsu PC78/PC88/PW98 / Yanmar VIO70,75,80,82,100/B7Sigma/SV100
-ECOil Hitch: H¤ 1bl 2hy 1el 1cl 
-ECOil Top: #N/A
-Position Sensors: #N/A
-Volt: #N/A
-Color: STD
-Lifting Point: 0T
-Other:
-Info: Documentation 9000705, 9000730",FLOOR,1.00,Pcs,WH1,MO010067147
1081959,S45-Direct connect-DC2,"-Machine adapted: Case CX75,80,85,90,9007,WX95-2 / LinkBelt 75,80MSR,X3,XC / Sumitomo SH60,75,80
-ECOil Hitch: H¤ 1bl 2hy 1el 1cl 
-ECOil Top: #N/A
-Position Sensors: #N/A
-Volt: #N/A
-Color: STD
-Lifting Point: 0T 
-Other:
-Info: Documentation 9000705, 9000730",FLOOR,1.00,Pcs,WH1,MO010067141
1081962,S45-Direct connect-DC2,"-Machine adapted: CAT 310
-ECOil Hitch: H¤ 1bl 2hy 1el 1cl 
-ECOil Top: #N/A
-Position Sensors: #N/A
-Volt: #N/A
-Color: STD
-Lifting Point: 0T
-Other:
-Info: Documentation 9000705, 9000730",FLOOR,1.00,Pcs,WH1,MO010067144
1081962,S45-Direct connect-DC2,"-Machine adapted: CAT 310
-ECOil Hitch: H¤ 1bl 2hy 1el 1cl 
-ECOil Top: #N/A
-Position Sensors: #N/A
-Volt: #N/A
-Color: STD
-Lifting Point: 0T
-Other:
-Info: Documentation 9000705, 9000730",FLOOR,1.00,Pcs,WH1,MO010067145
1081971,S45-Direct connect-DC2,"-Machine adapted: Yanmar B75W,SV85,B95W
-ECOil Hitch: H¤ 1bl 2hy 1el 1cl
-ECOil Top: #N/A
-Position Sensors: #N/A
-Volt: #N/A
-Color: STD
-Lifting Point: 0T 
-Other:
-Info: Documentation 9000705, 9000730",FLOOR,1.00,Pcs,WH1,MO010068321
1082007,S70-Direct connect-DC2,"-Machine adapted: OEM Kobelco SK210,225,230CSR,235SR,BSR,240SN,260B/CSR,270SR
-ECOil Hitch: H¤ 1bl 2hy 1el 1cl
-ECOil Top: #N/A
-Position Sensors: #N/A
-Volt: #N/A
-Color: STD
-Lifting Point: 0T
-Other: Kobelco Japan OEM
-Info: Documentation 9000705, 9000730",FLOOR,1.00,Pcs,WH1,MO010067157
1082032,S70-Direct connect-DC2,"-Machine adapted: Hitachi EX200/210 ZX180/190/200/210/225,W / XCMG XE210E,215E,220E
-ECOil Hitch: H¤ 1bl 2hy 1el 1cl
-ECOil Top: #N/A
-Position Sensors: #N/A
-Volt: #N/A
-Color: STD
-Lifting Point: 0T 
-Other:
-Info: Documentation 9000705, 9000730",FLOOR,1.00,Pcs,WH1,MO010067148
1082035,S70-Direct connect-DC2,"-Machine adapted: Komatsu PC210/228/230/238/240/ PW200/220/ HB215
-ECOil Hitch: H¤ 1bl 2hy 1el 1cl
-ECOil Top: #N/A
-Position Sensors: #N/A
-Volt: #N/A
-Color: STD
-Lifting Point: 0T 
-Other:
-Info: Documentation 9000705, 9000730",FLOOR,1.00,Pcs,WH1,MO010079180
1082038,S70-Direct connect-DC2,"-Machine adapted: Kobelco SK250LC/260/909
-ECOil Hitch: H¤ 1bl 2hy 1el 1cl
-ECOil Top: #N/A
-Position Sensors: #N/A
-Volt: #N/A
-Color: STD
-Lifting Point: 0T
-Other:
-Info: Documentation 9000705, 9000730",FLOOR,1.00,Pcs,WH1,MO010067158
1082038,S70-Direct connect-DC2,"-Machine adapted: Kobelco SK250LC/260/909
-ECOil Hitch: H¤ 1bl 2hy 1el 1cl
-ECOil Top: #N/A
-Position Sensors: #N/A
-Volt: #N/A
-Color: STD
-Lifting Point: 0T
-Other:
-Info: Documentation 9000705, 9000730",FLOOR,1.00,Pcs,WH1,MO010067159
1082051,S70-Direct connect-DC2,"-Machine adapted: Volvo EW205D/ EC200D/E, 210B/C, 220D/E, 230F/ ECR235C/D/E
-ECOil Hitch: H¤ 1bl 2hy 1el 1cl
-ECOil Top: #N/A
-Position Sensors: #N/A
-Volt: #N/A
-Color: STD
-Lifting Point: 0T
-Other:
-Info: Documentation 9000705, 9000730",FLOOR,1.00,Pcs,WH1,MO010067150
1082052,S70-Direct connect-DC3,"-Machine adapted: Volvo EW205D/ EC200D/E, 210B/C/F, 220D/E, 230F/ ECR235C/D/E, 255F
-ECOil Hitch: H¤ 1bl 2hy 1el 1cl
-ECOil Top: #N/A
-Position Sensors: #N/A
-Volt: #N/A
-Color: STD
-Lifting Point: 0T
-Other:
-Info: Documentation 9000705, 9000730",FLOOR,1.00,Pcs,WH1,MO010067151
1082052,S70-Direct connect-DC3,"-Machine adapted: Volvo EW205D/ EC200D/E, 210B/C/F, 220D/E, 230F/ ECR235C/D/E, 255F
-ECOil Hitch: H¤ 1bl 2hy 1el 1cl
-ECOil Top: #N/A
-Position Sensors: #N/A
-Volt: #N/A
-Color: STD
-Lifting Point: 0T
-Other:
-Info: Documentation 9000705, 9000730",FLOOR,1.00,Pcs,WH1,MO010067152
1082053,S70-Direct connect-DC2,"-Machine adapted: Volvo EC240B/C,250D/E,260F
-ECOil Hitch: H¤ 1bl 2hy 1el 1cl
-ECOil Top: #N/A
-Position Sensors: #N/A
-Volt: #N/A
-Color: STD
-Lifting Point: 0T
-Other:
-Info: Documentation 9000705, 9000730",FLOOR,1.00,Pcs,WH1,MO010067153
1082054,S70-Direct connect-DC3,"-Machine adapted: Volvo EC240B/C,250D/E,260F
-ECOil Hitch: H¤ 1bl 2hy 1el 1cl
-ECOil Top: #N/A
-Position Sensors: #N/A
-Volt: #N/A
-Color: STD
-Lifting Point: 0T
-Other:
-Info: Documentation 9000705, 9000730",FLOOR,1.00,Pcs,WH1,MO010067154
1082054,S70-Direct connect-DC3,"-Machine adapted: Volvo EC240B/C,250D/E,260F
-ECOil Hitch: H¤ 1bl 2hy 1el 1cl
-ECOil Top: #N/A
-Position Sensors: #N/A
-Volt: #N/A
-Color: STD
-Lifting Point: 0T
-Other:
-Info: Documentation 9000705, 9000730",FLOOR,1.00,Pcs,WH1,MO010067155
1082059,S40-Direct connect-H92-DC2,"-Machine adapted: Komatsu PC27MR-3/PC30/35
-ECOil Hitch: H¤ 2bl 2hy 2el 1cl
-ECOil Top: #N/A
-Position Sensors: #N/A
-Volt: #N/A
-Color: STD
-Lifting Point: 0T 
-Other:
-Info: Documentation 9000705, 9000730",FLOOR,1.00,Pcs,WH1,MO010067134
1082066,S40-Direct connect-H92-DC2,"-Machine adapted: Komatsu PC/40MR/45/50MR2/55MR3,MR5/58MR5
-ECOil Hitch: H¤ 2bl 2hy 2el 1cl
-ECOil Top: #N/A
-Position Sensors: #N/A
-Volt: #N/A
-Color: STD
-Lifting Point: 0T 
-Other:
-Info: Documentation 9000705, 9000730",FLOOR,1.00,Pcs,WH1,MO010067137
1084974,S60-Direct connect-DC2,"-Machine adapted: Kato HD512,HD513,HD514
-ECOil Hitch: H¤ 1bl 2hy 1el 1cl
-ECOil Top: #N/A
-Position Sensors: #N/A
-Volt: #N/A
-Color: STD
-Lifting Point: 0T
-Other: 
-Info: Documentation 9000705, 9000730",FLOOR,0.00,Pcs,WH1,
200068,GS-WD-S45,,FLOOR,15.00,Pcs,WH1,
200335,GS-WD-S70,,FLOOR,5.00,Pcs,WH1,
201251,Grab guard 05-blacknite,,FLOOR,4.00,Pcs,WH1,
202898,Worm screw EC02/EC204,,FLOOR,1.00,Pcs,WH1,
300533,GS-WD-S40,,FLOOR,5.00,Pcs,WH1,
302617,Lock wedge S40 hardened,,FLOOR,2.00,Pcs,WH1,
302971,Adapter cable JT 2P-SQR 4S,,FLOOR,2.00,Pcs,WH1,
400127,Spacer M8 small,-Info: Screw:610124,FLOOR,8.00,Pcs,WH1,
400565,Locking axle RFS40 blacknite,,FLOOR,2.00,Pcs,WH1,
400659,Spacer countersunk for M8 screw MF6S,-Info: Screw:610608,FLOOR,10.00,Pcs,WH1,
402598,Axle grab cylinder GR05 - against Grab arm,,FLOOR,4.00,Pcs,WH1,
402885,Axle Grab arm GR05,,FLOOR,4.00,Pcs,WH1,
405187,Cylinder axle EC02,,FLOOR,2.00,Pcs,WH1,
405217,"Shim worm screw - EC02/EC204 - 0,8mm",,FLOOR,2.00,Pcs,WH1,
405218,"Shim worm screw - EC02/EC204 - 0,5mm",,FLOOR,2.00,Pcs,WH1,
405219,"Shim worm screw - EC02/EC204 - 0,6mm",,FLOOR,2.00,Pcs,WH1,
405220,"Shim worm screw - EC02/EC204 - 0,7mm",,FLOOR,2.00,Pcs,WH1,
405234,Washer worm screw EC02/EC204,,FLOOR,1.00,Pcs,WH1,
405409,Axle Ø35-195 lubrication complete EC02/EC204/RFS30,"-Info: 102727, 102714",FLOOR,2.00,Pcs,WH1,
405509,Axle Ø40-195 lubrication complete EC02/EC204/RFS30,,FLOOR,2.00,Pcs,WH1,
540190,"Hose protection yellow 32mm 1,0m",,FLOOR,20.00,Pcs,WH1,
6000001,"Bushing BWG-F 25/31/38/1,5x20",,FLOOR,2.00,Pcs,WH1,
6000004,Bushing tilt EC204 WB802/EB1 55/60x25,,FLOOR,2.00,Pcs,WH1,
6000005,Screw MFT 3x8TX A4 FZB ISO14581,,FLOOR,20.00,Pcs,WH1,
6000008,Screw M6S 16x75 8.8 FZB ISO4014,,FLOOR,20.00,Pcs,WH1,
6000009,Rubber Steel Clamp Ø16,,FLOOR,10.00,Pcs,WH1,
6000017,Screw MC6S 6x16 12.9 ZFSHL ISO4762,,FLOOR,20.00,Pcs,WH1,
6000027,Rubber Steel Clamp Ø6,,FLOOR,10.00,Pcs,WH1,
6000036,Tool spring blue 40x254,,FLOOR,2.00,Pcs,WH1,
6000053,Washer BRB FZB 31x56x4 ISO7090,,FLOOR,10.00,Pcs,WH1,
6000054,Screw M6S 20x25 FZB 8.8 ISO4017,,FLOOR,20.00,Pcs,WH1,
6000055,"Nut M6M M20x1,5 10. lock FZB",,FLOOR,6.00,Pcs,WH1,
6000056,Washer BRB FZB 13x40x4 DIN522,,FLOOR,20.00,Pcs,WH1,
6000059,Nut M30x2 low A2 DIN 439,,FLOOR,6.00,Pcs,WH1,
6000061,"Indexing bolt - spring loaded M16 x 1,5","-Info: Used on Detachable. If necessary, use a counter nut 6000057",FLOOR,5.00,Pcs,WH1,
6000064,Screw-Set Screw M8x8,,FLOOR,10.00,Pcs,WH1,
6000065,"Washer copper 14x10x0,9",,FLOOR,6.00,Pcs,WH1,
6000077,Screw MC6S 5x12 12.9 untreated ISO4762,,FLOOR,20.00,Pcs,WH1,
6000083,Screw MC6S 6x25 12.9 untreated ISO4762,,FLOOR,20.00,Pcs,WH1,
6000085,Screw-Shoulder screw Ø10x40/M8 12.9 ISO7379,,FLOOR,10.00,Pcs,WH1,
6000086,Bushing BWG-F 50/60/65/5x35,-Info: lubrication free,FLOOR,2.00,Pcs,WH1,
6000087,Bushing tilt EC233 WB802/EB1 120/125x50,,FLOOR,2.00,Pcs,WH1,
6000088,Spherical bearing GE 50 ES,,FLOOR,2.00,Pcs,WH1,
6000089,Screw MF6S 6x12 10.9 FZB ISO10642,,FLOOR,20.00,Pcs,WH1,
6000101,Screw MC6S 20x170 12.9 untreated ISO4762,,FLOOR,10.00,Pcs,WH1,
6000106,Circlip (tiltcyl EC233),,FLOOR,2.00,Pcs,WH1,
6000110,Screw MC6S 10x70 12.9 ZFSHL ISO4762,,FLOOR,20.00,Pcs,WH1,
6000113,Screw MF6S 6x20 10.9 FZB ISO10642,,FLOOR,20.00,Pcs,WH1,
6000120,Screw M6SF 8x12H 8.8 FZB(A2K) DIN6921 Ribbed flange,,FLOOR,6.00,Pcs,WH1,
6000121,Screw MKFT M4x12 A4 DIN 966,-Info: ISO 7047/DIN 966 torx T-20,FLOOR,20.00,Pcs,WH1,
6000122,"Washer NL30-DPE 31,4x47,0x6,7",,FLOOR,10.00,Pcs,WH1,
6000125,Spring - Top ECO70-80,,FLOOR,4.00,Pcs,WH1,
6000133,Screw MC6S 6x38 12.9 untreated ISO4762,-Info: Custom length,FLOOR,20.00,Pcs,WH1,
6000139,Screw MC6S 8x120 12.9 ZFSHL ISO4762,,FLOOR,20.00,Pcs,WH1,
6000140,Screw MC6S 12x60 12.9 ZFSHL ISO4762,,FLOOR,20.00,Pcs,WH1,
6000141,Screw MC6S 12x40H 12.9 ZFSHL ISO4762,,FLOOR,20.00,Pcs,WH1,
6000142,Screw MC6S 12x30 12.9 ZFSHL ISO4762,,FLOOR,20.00,Pcs,WH1,
6000143,Screw MC6S 8x25 12.9 ZFSHL ISO4762,,FLOOR,20.00,Pcs,WH1,
6000144,Screw MC6S 16x70 12.9 ZFSHL ISO4762,,FLOOR,10.00,Pcs,WH1,
6000145,Screw MC6S 8x40 12.9 ZFSHL ISO4762,,FLOOR,20.00,Pcs,WH1,
6000147,Screw MC6S 12x90 12.9 ZFSHL ISO4762,,FLOOR,20.00,Pcs,WH1,
6000148,Screw MC6S 12x80 12.9 ZFSHL ISO4762,,FLOOR,20.00,Pcs,WH1,
6000150,Screw MC6S 12x35 12.9 ZFSHL ISO4762,,FLOOR,20.00,Pcs,WH1,
6000151,Screw MC6S 16x90 12.9 ZFSHL ISO4762,,FLOOR,20.00,Pcs,WH1,
6000152,Screw MC6S 16x140 12.9 ZFSHL ISO4762,,FLOOR,10.00,Pcs,WH1,
6000153,Screw MC6S 10x90 12.9 ZFSHL ISO4762,,FLOOR,20.00,Pcs,WH1,
6000154,Screw MC6S 16x130 12.9 ZFSHL ISO4762,,FLOOR,10.00,Pcs,WH1,
6000155,Screw MC6S 12x55 12.9 ZFSHL ISO4762,,FLOOR,20.00,Pcs,WH1,
6000156,Screw MC6S 16x100 12.9 ZFSHL ISO4762,,FLOOR,10.00,Pcs,WH1,
6000157,Screw MC6S 8x20H 12.9 ZFSHL ISO4762,,FLOOR,20.00,Pcs,WH1,
6000158,Screw MC6S 14x90 12.9 ZFSHL ISO4762,,FLOOR,10.00,Pcs,WH1,
6000161,Screw MC6S 20x100 12.9 ZFSHL ISO4762,,FLOOR,10.00,Pcs,WH1,
6000162,Screw MC6S 16x120 12.9 ZFSHL ISO4762,,FLOOR,10.00,Pcs,WH1,
6000164,Screw MC6S 12x25H 12.9 ZFSHL ISO4762,,FLOOR,20.00,Pcs,WH1,
6000166,Screw MC6S 16x160 12.9 ZFSHL ISO4762,,FLOOR,10.00,Pcs,WH1,
6000170,Screw MC6S 16x65 12.9 ZFSHL,,FLOOR,10.00,Pcs,WH1,
6000175,Cylindrical pin CPK Ø8x30 m6,,FLOOR,4.00,Pcs,WH1,
6000188,Feather key 8x7x30 C45,,FLOOR,6.00,Pcs,WH1,
6000193,Screw K6S 10x30H 10.9 FZB ISO7380,,FLOOR,20.00,Pcs,WH1,
6000195,Screw MC6S 10x25 12.9 ZFSHL ISO4762,,FLOOR,20.00,Pcs,WH1,
6000197,Screw MC6S 14x30 12.9 ZFSHL ISO4762,,FLOOR,10.00,Pcs,WH1,
6000201,Screw MC6S 16x30 12.9 ZFSHL ISO4762,,FLOOR,10.00,Pcs,WH1,
6000220,Screw MLC6S 8x16 10.9 FZB DIN7984,,FLOOR,16.00,Pcs,WH1,
6000243,Screw MC6S 12x85 12.9 ZFSHL ISO4762,,FLOOR,20.00,Pcs,WH1,
6000253,Screw MC6S 16x110 12.9 ZFSHL ISO4762,,FLOOR,10.00,Pcs,WH1,
6000266,Nut M12 Inductive sensor,,FLOOR,6.00,Pcs,WH1,
6000285,Screw MC6S 8x80 12.9 ZFSHL ISO4762,,FLOOR,20.00,Pcs,WH1,
6000286,Screw MC6S 8x70 12.9 ZFSHL ISO4762,,FLOOR,20.00,Pcs,WH1,
6000287,Screw S6SS 8x10 untreated ISO 4027,,FLOOR,20.00,Pcs,WH1,
6000308,Screw MC6S 8x90 12.9 ZFSHL ISO4762,,FLOOR,20.00,Pcs,WH1,
6000309,Screw MC6S 12x140 12.9 ZFSHL ISO4762,,FLOOR,20.00,Pcs,WH1,
6000323,Screw MLC6S 10x25 8.8 FZB,,FLOOR,20.00,Pcs,WH1,
6000324,"Pressure spring Dy=18 Dt=2 L0=15 Lst max=8,5",,FLOOR,4.00,Pcs,WH1,
6000325,Screw MC6S 2.5x8 8.8 FZB ISO4762,,FLOOR,10.00,Pcs,WH1,
6000326,Screw MLC6S 10x16 10.9 FZB,,FLOOR,20.00,Pcs,WH1,
6000336,Cylindrical pin CPK Ø4x20 m6,,FLOOR,4.00,Pcs,WH1,
6000344,Screw TX45 8x20 FZB 10.9,,FLOOR,20.00,Pcs,WH1,
6000352,Screw MC6S 6x12H 12.9 ZFSHL ISO4762,,FLOOR,20.00,Pcs,WH1,
6000356,Screw MC6S 12x20H 12.9 ZFSHL ISO4762,,FLOOR,20.00,Pcs,WH1,
6000368,Screw K6S 4x16 10.9 FZB ISO7380,,FLOOR,20.00,Pcs,WH1,
6000376,Tool spring blue 20x44,,FLOOR,2.00,Pcs,WH1,
6000398,Screw MC6S 8x65 12.9 ZFSHL ISO4762,,FLOOR,20.00,Pcs,WH1,
6000406,Screw MFT 6x16TX30 8.8 FZB ISO14581,-Info: Replaces 610604 in swivel washer assembly,FLOOR,20.00,Pcs,WH1,
6000409,Screw MC6S 10x20 12.9 ZFSHL ISO4762,,FLOOR,20.00,Pcs,WH1,
6000410,Screw MC6S 16x35 12.9 ZFSHL ISO4762,,FLOOR,10.00,Pcs,WH1,
6000415,Washer Starlock 6mm,-Info: Used to attach the indicator pin,FLOOR,10.00,Pcs,WH1,
6000443,Screw MC6S 12x50 12.9 ZFSHL,,FLOOR,20.00,Pcs,WH1,
610104,Screw M6S 16x80 8.8 FZB ISO4014,,FLOOR,20.00,Pcs,WH1,
610108,Screw M6S 6x12 8.8 FZB ISO4017,,FLOOR,20.00,Pcs,WH1,
610109,Screw M6S 6x16 10.9 FZB,,FLOOR,20.00,Pcs,WH1,
610122,Screw M6S 8x16 8.8 FZB ISO4017,,FLOOR,20.00,Pcs,WH1,
610124,Screw M6S 8x25 8.8 FZB ISO4017,,FLOOR,20.00,Pcs,WH1,
610126,Screw M6S 8x35 8.8 FZB ISO4017,,FLOOR,20.00,Pcs,WH1,
610128,Screw M6S 8x45 8.8 FZB ISO4014,,FLOOR,20.00,Pcs,WH1,
610141,Screw M6S 10x20 8.8 FZB ISO4017,,FLOOR,20.00,Pcs,WH1,
610142,Screw M6S 10x25 8.8 FZB ISO4017,,FLOOR,20.00,Pcs,WH1,
610143,Screw M6S 10x30 8.8 FZB ISO4017,,FLOOR,20.00,Pcs,WH1,
610144,Screw M6S 10x35 8.8 FZB ISO4017,,FLOOR,20.00,Pcs,WH1,
610163,Screw M6S 12x20 8.8 FZB ISO4017,,FLOOR,20.00,Pcs,WH1,
610164,Screw M6S 12x30 8.8 FZB ISO4017,,FLOOR,20.00,Pcs,WH1,
610172,Screw M6S 12x70 8.8 FZB ISO4014,,FLOOR,20.00,Pcs,WH1,
610188,Screw M6S 8x14 8.8 FZB ISO4017,,FLOOR,20.00,Pcs,WH1,
610194,Screw M6S 10x14 8.8 ISO4017,,FLOOR,20.00,Pcs,WH1,
610210,Screw M6S 16x30H 8.8 FZB ISO4017,,FLOOR,20.00,Pcs,WH1,
610273,Screw M6S 16x55H 10.9 untreated ISO4017,,FLOOR,20.00,Pcs,WH1,
610310,Screw MC6S 6x20 8.8 FZB ISO4762,,FLOOR,20.00,Pcs,WH1,
610400,Screw MC6S 5x20 12.9 untreated ISO4762,,FLOOR,20.00,Pcs,WH1,
610401,Screw MC6S 5x16 12.9 untreated ISO4762,,FLOOR,20.00,Pcs,WH1,
610402,Screw MC6S 5x25 12.9 untreated ISO4762,,FLOOR,20.00,Pcs,WH1,
610403,Screw MC6S 5x30 12.9 untreated ISO4762,,FLOOR,20.00,Pcs,WH1,
610404,Screw MC6S 5x35 12.9 untreated ISO4762,,FLOOR,20.00,Pcs,WH1,
610405,Screw MC6S 5x40 12.9 untreated ISO4762,,FLOOR,20.00,Pcs,WH1,
610406,Screw MC6S 5x45 12.9 untreated ISO4762,,FLOOR,20.00,Pcs,WH1,
610409,Screw MC6S 5x60 12.9 untreated ISO4762,,FLOOR,20.00,Pcs,WH1,
610410,Screw MC6S 5x80 12.9 untreated ISO4762,,FLOOR,20.00,Pcs,WH1,
6104101,Screw MC6S 5x65 12.9 untreated ISO4762,,FLOOR,20.00,Pcs,WH1,
610411,Screw MC6S 5x70 12.9 untreated ISO4762,,FLOOR,20.00,Pcs,WH1,
610412,Screw MC6S 6x12 12.9 untreated ISO4762,,FLOOR,20.00,Pcs,WH1,
610414,Screw MC6S 6x20 12.9 untreated ISO4762,,FLOOR,20.00,Pcs,WH1,
610418,Screw MC6S 6x40 12.9 untreated ISO4762,,FLOOR,20.00,Pcs,WH1,
610420,Screw MC6S 4x14 8.8 FZB ISO4762,,FLOOR,20.00,Pcs,WH1,
610421,Screw MC6S 6x55 12.9 untreated ISO4762,,FLOOR,20.00,Pcs,WH1,
610432,Screw MC6S 8x16H 12.9 ZFSHL ISO4762,,FLOOR,20.00,Pcs,WH1,
610438,Screw MC6S 8x45 12.9 untreated ISO4762,,FLOOR,20.00,Pcs,WH1,
610439,Screw MC6S 8x50H 12.9 ISO4762,,FLOOR,20.00,Pcs,WH1,
610463,Screw MC6S 10x80 12.9 untreated ISO4762,-Info: Will be replaced by 6000394,FLOOR,20.00,Pcs,WH1,
610466,Screw MC6S 10x100 12.9 untreated ISO4762,,FLOOR,20.00,Pcs,WH1,
610470,Screw MC6S 12x16H 12.9 ZFSHL ISO4762,,FLOOR,20.00,Pcs,WH1,
610472,Screw MC6S 12x20 12.9 untreated ISO4762,,FLOOR,20.00,Pcs,WH1,
610496,Screw MC6S 6x70 12.9 untreated ISO4762,,FLOOR,20.00,Pcs,WH1,
610497,Screw MC6S 5x90 12.9 untreated ISO4762,,FLOOR,20.00,Pcs,WH1,
610499,Screw MC6S 5x75 12.9 untreated ISO4762,,FLOOR,20.00,Pcs,WH1,
610502,Screw MC6S 14x35 12.9 untreated ISO4762,,FLOOR,10.00,Pcs,WH1,
610506,Screw MC6S 14x65 12.9 untreated ISO4762,,FLOOR,10.00,Pcs,WH1,
610511,Screw MC6S 14x100 12.9 untreated ISO4762,,FLOOR,10.00,Pcs,WH1,
610512,Screw MC6S 14x110 12.9 untreated ISO4762,,FLOOR,10.00,Pcs,WH1,
610513,Screw MC6S 14x120 12.9 untreated ISO4762,,FLOOR,10.00,Pcs,WH1,
610519,Screw MC6S 16x40 12.9 untreated ISO4762,,FLOOR,10.00,Pcs,WH1,
610528,Screw MC6S 16x80 12.9 untreated ISO4762,,FLOOR,10.00,Pcs,WH1,
610556,Screw MC6S 20x90 12.9 untreated ISO4762,,FLOOR,24.00,Pcs,WH1,
610558,Screw MC6S 20x120 12.9 untreated ISO4762,,FLOOR,24.00,Pcs,WH1,
610561,Screw MC6S 20x140 12.9 untreated ISO4762,,FLOOR,10.00,Pcs,WH1,
610588,Screw MC6S 8x55 12.9 untreated ISO4762,,FLOOR,20.00,Pcs,WH1,
610591,Screw MC6S 6x35 12.9 untreated ISO4762,,FLOOR,20.00,Pcs,WH1,
610594,Screw MC6S 5x10 12.9 untreated ISO4762,,FLOOR,20.00,Pcs,WH1,
610602,Screw MF6S 5x10H 10.9 FZB ISO10642,,FLOOR,20.00,Pcs,WH1,
610604,Screw MF6S 6x16 10.9 untreated ISO10642,,FLOOR,20.00,Pcs,WH1,
610605,Screw MF6S 4x10 10.9 untreated ISO10642,,FLOOR,20.00,Pcs,WH1,
610607,Screw MF6S 8x16 10.9 untreated ISO10642,,FLOOR,20.00,Pcs,WH1,
610608,Screw MF6S 8x25 10.9 FZB ISO10642,,FLOOR,20.00,Pcs,WH1,
610633,Screw MF6S 10x20 10.9 untreated ISO10642,,FLOOR,20.00,Pcs,WH1,
610634,Screw MF6S 8x20 10.9 untreated ISO10642,,FLOOR,20.00,Pcs,WH1,
610668,Screw MF6S 12x30 10.9 FZB ISO10642,,FLOOR,20.00,Pcs,WH1,
610670,Screw MF6S 12x40 10.9 FZB ISO10642,,FLOOR,20.00,Pcs,WH1,
610710,Screw MLC6S 8x16H 10.9 untreated ISO7984,,FLOOR,20.00,Pcs,WH1,
610711,Screw MLC6S 8x20H 8.8 FZB(A2K) DIN7984 NV5,,FLOOR,20.00,Pcs,WH1,
610712,Screw MLC6S 10x30H 10.9 untreated DIN7984,,FLOOR,20.00,Pcs,WH1,
610714,Screw MLC6S 10x20H 8.8 FZB DIN7984,,FLOOR,20.00,Pcs,WH1,
610720,Screw MLC6S 16x70 10.9 DIN7984 untreated,,FLOOR,10.00,Pcs,WH1,
610721,Screw MLC6S 16x60 10.9 DIN7984 untreated,,FLOOR,10.00,Pcs,WH1,
610805,Screw MS6SS 5x14 untreated ISO4027,,FLOOR,20.00,Pcs,WH1,
610808,Screw MS6SS 8x16 ISO4027,,FLOOR,20.00,Pcs,WH1,
610816,Screw-Set Screw P6SS 5x4 A2 ISO4026,,FLOOR,10.00,Pcs,WH1,
610909,Nut M6M M16 8. DIN934,,FLOOR,6.00,Pcs,WH1,
610920,Nut M6M M5 lock 6. FZB DIN985,,FLOOR,20.00,Pcs,WH1,
610921,Nut M6M M6 lock 8. FZB DIN985,,FLOOR,20.00,Pcs,WH1,
610922,Nut M6LM low-NYLOC M8 8. FZB,,FLOOR,20.00,Pcs,WH1,
610923,Nut M6LM M10 8. FLB,,FLOOR,20.00,Pcs,WH1,
610924,Nut M6LM 6. FZB M12,,FLOOR,19.00,Pcs,WH1,
610925,Nut M6M M14 8. NYLOC FZB (A2K) DIN 985 NV22,,FLOOR,20.00,Pcs,WH1,
610926,Nut M6M M16 NYLOC 8. FZB (A2K) DIN 985 NV24,,FLOOR,20.00,Pcs,WH1,
610928,Nut M6LM low 8. FZB M20,,FLOOR,6.00,Pcs,WH1,
610947,Nut ML6M 4. SW24 M16 DIN936,,FLOOR,20.00,Pcs,WH1,
610948,Nut M16 left 8. (A2K) DIN 934,,FLOOR,6.00,Pcs,WH1,
610959,Cage nuts M8 C,"-Info: Cage Nut, Steel M8, P= 3,3x4,1",FLOOR,10.00,Pcs,WH1,
611003,"Washer BRB FZB 5,3x10x1,0 ISO7089",,FLOOR,20.00,Pcs,WH1,
611004,"Washer BRB FZB 6,4x12x1,6 ISO7089",,FLOOR,20.00,Pcs,WH1,
611005,"Washer BRB FZB 8,4x16x1,6 ISO7089",,FLOOR,20.00,Pcs,WH1,
611006,"Washer BRB FZB 10,5x22x2 ISO7089",,FLOOR,20.00,Pcs,WH1,
611007,"Washer BRB FZB 13x24x2,5 ISO7089",,FLOOR,20.00,Pcs,WH1,
611008,Washer BRB FZB 15x26x2 ISO7089,,FLOOR,10.00,Pcs,WH1,
611009,Washer BRB FZB 17x30x3 ISO7089,,FLOOR,10.00,Pcs,WH1,
611010,Washer BRB FZB 21x36x3 ISO7089,,FLOOR,10.00,Pcs,WH1,
611013,"Washer TBRB FZB 8,4x16x3 ISO4759",,FLOOR,20.00,Pcs,WH1,
611014,"Washer TBRSB FZB 8,4x26x5 ISO4759",,FLOOR,20.00,Pcs,WH1,
611015,"Washer BRB FZB 8,4x21x4 DIN 7349",,FLOOR,20.00,Pcs,WH1,
611025,"Washer FBB FZB 12,2x21,1x2,5 DIN127",,FLOOR,20.00,Pcs,WH1,
611030,"Washer steel 15x22x1,0 DIN988",,FLOOR,10.00,Pcs,WH1,
611032,"Washer steel 17x24x1,5 DIN988",,FLOOR,10.00,Pcs,WH1,
611038,"Washer NL5-DPE 5,4x9,0x1,7",,FLOOR,20.00,Pcs,WH1,
611039,"Washer NL6-DPE 6,5x10,8x1,7",,FLOOR,20.00,Pcs,WH1,
611040,"Washer NL8-DPE 8,7x13,5x2,7",,FLOOR,20.00,Pcs,WH1,
611041,"Washer NL10-DPE 10,7x16,6x2,7",,FLOOR,20.00,Pcs,WH1,
611042,"Washer NL12-DPE 13,0x19,5x2,7",,FLOOR,20.00,Pcs,WH1,
611043,"Washer NL14-DPE 15,2x23,0x3,7",,FLOOR,10.00,Pcs,WH1,
611044,"Washer NL16-DPE 17,0x25,4x3,7",,FLOOR,10.00,Pcs,WH1,
611095,"Washer NL1""-DPE 27,9x39x3,4",,FLOOR,10.00,Pcs,WH1,
611096,"Washer NL1/2""-DPE 13,5x19,5x2,5",,FLOOR,10.00,Pcs,WH1,
611098,"Washer NL20-DPE 21,4x30,7x3,7",,FLOOR,10.00,Pcs,WH1,
611099,Washer TBRB 13x24x4 ISO4759,,FLOOR,10.00,Pcs,WH1,
611101,Nut HEX DIN934 12. SW22 M14,,FLOOR,6.00,Pcs,WH1,
611103,Nut M12 10. Untreated DIN934,,FLOOR,20.00,Pcs,WH1,
611104,Nut M10 10. Untreated DIN934,,FLOOR,20.00,Pcs,WH1,
611164,"Stud bolt M10x35 10,9 DIN939",,FLOOR,10.00,Pcs,WH1,
611171,Stud bolt M14x100 802481,,FLOOR,10.00,Pcs,WH1,
611185,Stud bolt M8x30 10.9 DIN939,,FLOOR,10.00,Pcs,WH1,
611186,Stud bolt M12x45 10.9 DIN939,,FLOOR,10.00,Pcs,WH1,
611187,Nut steel M8 10. untreated DIN 934,,FLOOR,20.00,Pcs,WH1,
611302,Screw cover M16,,FLOOR,10.00,Pcs,WH1,
611410,Screw-Set Screw P6SS 10x12 ISO4026,,FLOOR,10.00,Pcs,WH1,
611503,Screw MC6S 10x60 12.9 ZFSHL ISO4762,,FLOOR,20.00,Pcs,WH1,
611512,Screw MC6S 6x10 12.9 ZFSHL ISO4762,,FLOOR,20.00,Pcs,WH1,
611513,Screw MC6S 6x20 A4 stainless ISO4762,,FLOOR,20.00,Pcs,WH1,
611514,Screw MC6S 12x100 12.9 ZFSHL ISO4762,,FLOOR,20.00,Pcs,WH1,
611515,Screw MC6S 10x50 12.9 ZFSHL ISO4762,,FLOOR,20.00,Pcs,WH1,
611517,Screw MC6S 12x70 12.9 ZFSHL ISO4762,,FLOOR,20.00,Pcs,WH1,
611519,Screw MC6S 8x30 12.9 ZFSHL ISO4762,,FLOOR,20.00,Pcs,WH1,
611538,Screw M6S 8x30 8.8 FZB ISO4017,,FLOOR,20.00,Pcs,WH1,
611701,Screw-Shoulder screw Ø10x16/M8 12.9 ISO7379,,FLOOR,10.00,Pcs,WH1,
611702,Screw-Shoulder screw Ø10x20/M8 136501,,FLOOR,10.00,Pcs,WH1,
611703,Screw-Shoulder screw Ø10x25/M8 12.9 ISO7379,,FLOOR,10.00,Pcs,WH1,
611704,Screw-Shoulder screw Ø6x16/M5 12.9 ISO7379,,FLOOR,10.00,Pcs,WH1,
611708,Screw-Shoulder screw Ø12x16/M10 12.9 ISO7379,"-Info: Used for Module Top ECO.  ECO45, ECO45-QSM45, ECO45/50, ECO45/50-QSM45/50, ECO50, ECO50-QSM50,",FLOOR,10.00,Pcs,WH1,
611709,Screw-Shoulder screw Ø16x25/M12 12.9 ISO7379,-Info: Used for Module Top ECO60,FLOOR,10.00,Pcs,WH1,
611710,Screw-Shoulder screw Ø20x30/M16 12.9 ISO7379,"-Info: Used for Module Top ECO. ECO70, ECO70-QS70, ECO80",FLOOR,10.00,Pcs,WH1,
611801,Screw K6S 5x8H 10.9 FZB ISO7380,,FLOOR,20.00,Pcs,WH1,
611810,Screw K6S 8x16H 10.9 FZB ISO7380,,FLOOR,20.00,Pcs,WH1,
611812,Screw K6S 10x20H 10.9 FZB ISO7380,,FLOOR,20.00,Pcs,WH1,
611814,Screw K6S 8x25 10.9 untreated ISO 7380,,FLOOR,20.00,Pcs,WH1,
611818,Screw K6S 5x16H 10.9 FZB ISO7380,,FLOOR,20.00,Pcs,WH1,
612016,Washer BRB FZB 13x35x5 DIN6340,,FLOOR,20.00,Pcs,WH1,
612018,Screw MC6S 10x30 12.9 ZFSHL ISO4762,,FLOOR,20.00,Pcs,WH1,
612019,Screw MC6S 10x35 12.9 ZFSHL ISO4762,,FLOOR,20.00,Pcs,WH1,
612020,Screw MC6S 10x40 12.9 ZFSHL ISO4762,,FLOOR,20.00,Pcs,WH1,
612021,Screw MC6S 10x45 12.9 ZFSHL ISO4762,,FLOOR,20.00,Pcs,WH1,
612022,Screw MC6S 10x55 12.9 ZFSHL ISO4762,,FLOOR,20.00,Pcs,WH1,
612201,Screw TX45 8x30 10.9 FZB ISO7380,,FLOOR,20.00,Pcs,WH1,
620100,Spherical bearing GE 25 ES LSb,,FLOOR,2.00,Pcs,WH1,
620101,Spherical bearing GE 30 UK-2RS - maintenance-free,-Info: Used on 301469K and 301931K,FLOOR,2.00,Pcs,WH1,
620102,Spherical bearing GE 35 ES LS,,FLOOR,2.00,Pcs,WH1,
620104,Spherical bearing GE 30 ES/2RS LS sealed,,FLOOR,2.00,Pcs,WH1,
620107,Spherical bearing GE EM 30 ES 2RS,,FLOOR,2.00,Pcs,WH1,
620111,Spherical bearing GEG 35,,FLOOR,2.00,Pcs,WH1,
620113,Spherical bearing GE 40 ES,,FLOOR,2.00,Pcs,WH1,
630001,Bushing WB802/EB1 25/28/35x16 WF,,FLOOR,2.00,Pcs,WH1,
630003,Bushing tilt EC02 WB802/EB1 30/34x30,,FLOOR,2.00,Pcs,WH1,
630101,Bushing WB802/EB1 45/50x40,,FLOOR,2.00,Pcs,WH1,
630102,Bushing WB802/EB1 45/50x50,"-Info: Used on worm screw EC209, EC214, EC219, EC226",FLOOR,2.00,Pcs,WH1,
630103,Bushing WB802/EB1 80/85x40,"-Info: Used on worm screw EC206, EC214, EC219",FLOOR,2.00,Pcs,WH1,
630303,Bushing WB802/EB1 55/60x60,,FLOOR,2.00,Pcs,WH1,
630305,Bushing WB802/EB1 60/65x30,-Info: Used on worm screw EC206,FLOOR,2.00,Pcs,WH1,
630313,Bushing WB802/EB1 40/44x40,,FLOOR,2.00,Pcs,WH1,
630314,Bushing WB702/EB3 30/34x35,,FLOOR,2.00,Pcs,WH1,
630315,Bushing WB802/EB1 35/39x30,-Info: Used on worm screw EC206,FLOOR,2.00,Pcs,WH1,
630316,Bushing WB802/EB1 50/55x40,,FLOOR,2.00,Pcs,WH1,
630319,Bushing WB802/EB1 85/90x40,-Info: Used on worm screw EC226,FLOOR,2.00,Pcs,WH1,
630320,Bushing tilt EC226 WB802/EB1 100/105x40,,FLOOR,2.00,Pcs,WH1,
630321,Bushing tilt EC214/EC219 WB802/EB1 85/90x35,,FLOOR,2.00,Pcs,WH1,
630322,"Bushing tilt EC206, EC209 WB802/EB1 65/70x25",,FLOOR,2.00,Pcs,WH1,
630401,Bushing WB802/EB1 30/34/45x30WF,,FLOOR,2.00,Pcs,WH1,
630402,Bushing WB802/EB1 35/39/50x35WF,,FLOOR,2.00,Pcs,WH1,
630403,"Bushing WB802/EB1 50/55/65x37,5 WF",,FLOOR,2.00,Pcs,WH1,
630404,Bushing WB802/EB1 40/44/55x40 WF,,FLOOR,2.00,Pcs,WH1,
630408,Bushing WB802/EB1 40/44/55x30WF,-Info: new bushing for yoke bracket EC20,FLOOR,2.00,Pcs,WH1,
631001,Bushing BWG-F 40/50/55/5x30,-Info: lubrication free,FLOOR,4.00,Pcs,WH1,
631003,Bushing BWG-F 35/45/55/5x30,,FLOOR,2.00,Pcs,WH1,
640102,Spring S40 lock set (32x178) 10,-Info: S40 EC02/204/05B/206/RF-complete.  Blue,FLOOR,2.00,Pcs,WH1,
640112,Spring S40/S40S/QS40/QSM40 locking hook (25x178),-Info: Blue,FLOOR,4.00,Pcs,WH1,
640113,Tool spring blue 20x115,,FLOOR,2.00,Pcs,WH1,
640201,Circlip SgA 20,,FLOOR,4.00,Pcs,WH1,
640202,Circlip SgA 30,,FLOOR,4.00,Pcs,WH1,
640203,Circlip SgA 25,,FLOOR,4.00,Pcs,WH1,
640204,Circlip SgH 48,,FLOOR,4.00,Pcs,WH1,
640205,Circlip SgH 56,,FLOOR,4.00,Pcs,WH1,
640208,Circlip SgH 42 31133,,FLOOR,4.00,Pcs,WH1,
640219,Circlip SgH 62,,FLOOR,4.00,Pcs,WH1,
640403,Spring rod FRP 6x24,,FLOOR,4.00,Pcs,WH1,
640409,Spring rod FRP 4x24,,FLOOR,4.00,Pcs,WH1,
640410,Spring rod FRP 6x12 ISO8752,,FLOOR,4.00,Pcs,WH1,
640412,Spring rod FRP 8x70,,FLOOR,4.00,Pcs,WH1,
640413,Slotted pin RPE5x20,,FLOOR,6.00,Pcs,WH1,
650101,"Feather key 10x8x45 C45 EC10, EC02, EC209 550475",,FLOOR,12.00,Pcs,WH1,
650102,"Feather key 10x8x50 C45 EC05B,EC15,EC20,EC214,EC219,EC226",,FLOOR,12.00,Pcs,WH1,
650201,Cylindrical pin CPK Ø3x12 m6,,FLOOR,4.00,Pcs,WH1,
650202,"Pin 05 S4 2,5x10 SS 1914",,FLOOR,2.00,Pcs,WH1,
650211,Cylindrical pin CPK Ø20x50 m6,,FLOOR,4.00,Pcs,WH1,
650215,Cylindrical pin CPK Ø16x36 m6,,FLOOR,4.00,Pcs,WH1,
650216,Cylindrical pin CPK Ø8x20 m6,,FLOOR,4.00,Pcs,WH1,
650217,Cylindrical pin CPK Ø20x60 m6,,FLOOR,4.00,Pcs,WH1,
650218,Cylindrical pin CPK Ø16x45 m6,,FLOOR,4.00,Pcs,WH1,
650219,Cylindrical pin CPK Ø14x80 m6,,FLOOR,4.00,Pcs,WH1,
650220,Cylindrical pin CPK Ø12x55 m6,,FLOOR,4.00,Pcs,WH1,
650221,Cylindrical pin CPK Ø16x100 m6,,FLOOR,4.00,Pcs,WH1,
650303,Support ring 60/75 x3 ss,,FLOOR,4.00,Pcs,WH1,
7000010,Adapter 407-12-12 90°,"-Info: External R-thread,adjustable",FLOOR,10.00,Pcs,WH1,
7000015,Seal axle - 28x40x6 BABSL NBR,-Info: Used on ePS end caps,FLOOR,2.00,Pcs,WH1,
7000021,Adapter 407-08-08 90°,,FLOOR,10.00,Pcs,WH1,
7000027,Hose Tilt Long - EC219 - ECHF/QSM,"-Info: Previous recipe: CC937/CL870
Replaced with 7002162 on EC319",FLOOR,4.00,Pcs,WH1,
7000030,Hose feed - EC226 - valve block ECHF UNI Top part,,FLOOR,2.00,Pcs,WH1,
7000031,Hose Tilt Long - EC226 - ECHF/QSM EC219W/EC226W,,FLOOR,4.00,Pcs,WH1,
7000061,Crimping nipple 4508-12-12 45°,,FLOOR,10.00,Pcs,WH1,
7000074,Adapter 408-08-08 45°,,FLOOR,10.00,Pcs,WH1,
7000089,O-ring 18x5 NBR 70 shore,,FLOOR,20.00,Pcs,WH1,
7000090,Adapter 402-06-06 45°,,FLOOR,10.00,Pcs,WH1,
7000091,Adapter 402-08-08 45°,,FLOOR,10.00,Pcs,WH1,
7000092,Directional valve NG6 prop 12V engcon JT open to tank,"-Info: Coil 730192, O-ring 710901, Nut 730135
-Info: PRM8-063Y11/25-12/2.2E3AV/M ",FLOOR,2.00,Pcs,WH1,
7000099,Directional valve NG4 12V DT,"-Info: Coil 7000897, O-ring 710960, Nut 1006785
-Info: RPE3-043Z11/01200E12AV ",FLOOR,2.00,Pcs,WH1,
7000100,Directional valve NG4 Prop tilt 12V DT,"-Info: Coil 7000205, O-ring 710960, Nut 1006785
-Info: PRM2-043Y11/12-12E12AV
",FLOOR,2.00,Pcs,WH1,
7000102,Directional valve NG4 lock 12V DT,"-Info: Coil 7000897, O-ring 710960, Nut 1006785
-Info: RPE3-042P51/01200E12A ",FLOOR,2.00,Pcs,WH1,
7000103,Directional valve NG4 Prop rotation 12V DT,"-Info: Coil 7000205, O-ring 710960, Nut 1006785
-Info: PRM2-043Z11/12-12E12AV 
",FLOOR,2.00,Pcs,WH1,
7000104,Adapter 402-04-04 45°,,FLOOR,10.00,Pcs,WH1,
7000106,Adapter 403-04-04,,FLOOR,10.00,Pcs,WH1,
7000147,Adapter plate NG10-NG6,-Info: Screw: 4 pcs 6000083,FLOOR,2.00,Pcs,WH1,
7000168,Seal kit-E:L 90/50-Locking cylinder QS80,,FLOOR,2.00,Pcs,WH1,
7000177,Seal kit-tilt cylinder EC204,,FLOOR,2.00,Pcs,WH1,
7000191,Plug VSTI M8x1 ED,,FLOOR,20.00,Pcs,WH1,
7000199,Pressure reducer PY-DC2-Double 12V/20bar with block,-Info: Seal kit 841210,FLOOR,2.00,Pcs,WH1,
7000205,Coil NG4 12V,"-Info: 1200E12-C19B-01200E12-4,68NA/M",FLOOR,2.00,Pcs,WH1,
7000208,"Directional valve 1/4"" 6/2-12V JT",-Info: CDL046WI1LAJ,FLOOR,2.00,Pcs,WH1,
7000209,"Directional valve 1/4"" 6/2-24V JT",-Info: CDL046WI1MAJ,FLOOR,2.00,Pcs,WH1,
7000212,Pressure sensor M12 0-250 bar NONC,-Info: PK6521,FLOOR,2.00,Pcs,WH1,
7000220,Crimping nipple 4504-08-06,,FLOOR,10.00,Pcs,WH1,
7000233,Adapter 401-08-06 90°,,FLOOR,10.00,Pcs,WH1,
7000296,"Accumulator QSC-0,75l-60bar","-Info: Not dangerous goods according to IATA Special provision A114. 
-Info: Preloaded with 60bar",FLOOR,2.00,Pcs,WH1,
7000309,Seal kit-pressure reducer (841125),-Info: Fits 841125,FLOOR,2.00,Pcs,WH1,
7000318,Tube sleeve 90° Push-In,,FLOOR,2.00,Pcs,WH1,
7000366,Valve-Priority on demand-WC-DC2,,FLOOR,1.00,Pcs,WH1,
7000367,Clamp ring Tex-sleeve - TP-04,,FLOOR,12.00,Pcs,WH1,
7000445,Hose,-Info: Hose extra 2 EC209-QSD,FLOOR,1.00,Pcs,WH1,
7000447,Hose,"-Info: Used for: EC209 QSD45/50 ECO with/without Grab (HF) - Hose Extra B
- EC209 QSD45/50 ECO Dbl Extra with/without Grab - Hose Extra B",FLOOR,1.00,Pcs,WH1,
7000457,"Pipe Plug DIN 906 M22x1,5",,FLOOR,6.00,Pcs,WH1,
7000485,O-ring 27x5 NBR 70 shore End lock ePS,,FLOOR,2.00,Pcs,WH1,
7000499,Hose,"
Used for:
Machine quick hitch QS70 - Hose feed EC-Oil",FLOOR,2.00,Pcs,WH1,
7000536,"Seal swivel 70/81x4,2 PU","-Info: Replaces 712420
-Info: Deliver with 9000733",FLOOR,58.00,Pcs,WH1,
7000537,Adapter 401-12-08 90°,,FLOOR,10.00,Pcs,WH1,
7000578,"Extender 25/17mm KR1/8"" - R1/8""",,FLOOR,2.00,Pcs,WH1,
7000579,"O-ring 7,66x1,68 square NBR 70 shore NG4",,FLOOR,20.00,Pcs,WH1,
7000602,Clamp bracket - Accumulator 114-124mm,,FLOOR,2.00,Pcs,WH1,
7000635,Valve block EC02B/EC204 tilt cylinder,-Info: complete with overcenter -Info: Replaces 1033494  -Info: Overcentre valve 7000647.,FLOOR,1.00,Pcs,WH1,
7000646,Plug M5X10,,FLOOR,6.00,Pcs,WH1,
7000647,Overcenter adjustable (overcenter) EC02/EC204/EC204B,-Info: Seal kit 7000898,FLOOR,2.00,Pcs,WH1,
7000654,Non-return valve pilot operated (ELT R08PA-10-5D),,FLOOR,2.00,Pcs,WH1,
7000682,Adapter ORFS 067058-04-04 Test port,"-Info: 9/16-18 +1/4"" test port",FLOOR,2.00,Pcs,WH1,
7000685,Adapter ORFS 067058-10-04 Test port,"-Info: 1-14 +1/4"" test port",FLOOR,2.00,Pcs,WH1,
7000687,Adapter ORFS 067058-16-04 Test port,"-Info: 1.7/16-12 +1/4"" test port",FLOOR,2.00,Pcs,WH1,
7000695,Crossover valve (160bar) KPDR80,,FLOOR,1.00,Pcs,WH1,
7000700,Shock valve & Overcenter-SWD,,FLOOR,1.00,Pcs,WH1,
7000706,Pressure sensor 10-50 bar - Fixed 25 bar Deutsch,-Info: Order 7000712 to include M12 - DT06-3S adapter,FLOOR,2.00,Pcs,WH1,
7000735,"Adapter straight JIS-BSP 1/4""",,FLOOR,6.00,Pcs,WH1,
7000767,O-ring 14x2 70 shore,,FLOOR,20.00,Pcs,WH1,
7000784,Hose Central lubrication-bulk-free length in meters,-Info: Order length in whole meters. 100 meters in a package  Used as spare part for central lubrication kits.,FLOOR,16.00,m,WH1,
7000791,Hose Tilt Long,-Info: Used for: EC209 Hose Tilt,FLOOR,1.00,Pcs,WH1,
7000823,Pressure reducer-DC2-Track control 4pcs 32bar special,-Info: Seal kit 841210,FLOOR,1.00,Pcs,WH1,
7000846,Crimping nipple 4503-02-03,,FLOOR,4.00,Pcs,WH1,
7000848,"Hose bulk - 0871 Thermoplastic-03 3/16"" PEE/PU",-Info: 0490001003,FLOOR,8.00,Pcs,WH1,
7000851,Hose & Adapter kit EC206 SK05/SG06,,FLOOR,2.00,Pcs,WH1,
7000853,Adapter ORFS 067058-06-04 Test port,,FLOOR,2.00,Pcs,WH1,
7000854,Adapter ORFS 067058-08-04 Test port,,FLOOR,2.00,Pcs,WH1,
7000855,Adapter ORFS 067058-12-04 Test port,"-Info: 1.3/16-12 +1/4"" test port",FLOOR,2.00,Pcs,WH1,
7000883,Adapter 851-04-04,,FLOOR,6.00,Pcs,WH1,
7000888,Hose,-Info: Used for: GRD20 bolted Hose Grab Long,FLOOR,1.00,Pcs,WH1,
7000889,Hose,-Info: Used for: GRD20 bolted Hose Grab Short,FLOOR,1.00,Pcs,WH1,
7000920,"O-ring 82,22x2,62 NBR 70 shore","-Info: For motor flange, EC209-->EC233",FLOOR,20.00,Pcs,WH1,
7000934,Nut low aluminium 8 for EMDV-08,-Info: Used on 841124 + 841126 + 841128,FLOOR,6.00,Pcs,WH1,
7000945,"Plug VSTIR1ED 1""","-Info: 1""",FLOOR,6.00,Pcs,WH1,
7000954,Hose,-Info: Used for: Machine Quick Hitch QS60 - Lock Close,FLOOR,1.00,Pcs,WH1,
7000955,Hose,-Info: Used for: Machine hitch QS60 HF - Hose feed long,FLOOR,2.00,Pcs,WH1,
7000956,Hose,-Info: Used for: Machine hitch QS60 HF - Hose feed short,FLOOR,2.00,Pcs,WH1,
7000958,Hose,-Info: Used for: EC226 QSM70 Hose Motor A,FLOOR,1.00,Pcs,WH1,
7000974,"Texsleeve TEXS17 - 1/4"" TP",-Info: A whole roll is 50m,FLOOR,50.00,Pcs,WH1,
7000976,"Shuttle valve 3-way 1/4""",,FLOOR,4.00,Pcs,WH1,
7001006,"Hose bracket double - Weld-on kit - 1/4""",,FLOOR,10.00,Pcs,WH1,
7001031,"Hose bracket double - Weld-on kit - 3/8""",,FLOOR,4.00,Pcs,WH1,
7001033,"Hose bracket double - Weld-on kit - 3/4""",,FLOOR,4.00,Pcs,WH1,
7001097,Adapter 402-02-04 45°,,FLOOR,6.00,Pcs,WH1,
7001121,Crimping nipple 4511-06-04,,FLOOR,20.00,Pcs,WH1,
7001122,Crimping nipple 4511-08-06,,FLOOR,20.00,Pcs,WH1,
7001123,Crimping nipple 4504-12-08,,FLOOR,10.00,Pcs,WH1,
7001126,Crimping nipple 4501-16-12,,FLOOR,4.00,Pcs,WH1,
7001127,Crimping nipple 4503-16-12,,FLOOR,4.00,Pcs,WH1,
7001171,"O-ring 10,82x1,78 NBR 70 shore",,FLOOR,20.00,Pcs,WH1,
7001177,Adapter 703-06-04,,FLOOR,10.00,Pcs,WH1,
7001191,"Hydraulic ferrule 0490000103 SAB 3/16"" (Thermoplastic)",,FLOOR,30.00,Pcs,WH1,
7001194,Crimping nipple 4494-04-03,,FLOOR,4.00,Pcs,WH1,
7001195,Crimping nipple 4494-04-04,,FLOOR,10.00,Pcs,WH1,
7001196,Crimping nipple 4501-02-03,,FLOOR,4.00,Pcs,WH1,
7001202,Crimping nipple 4503-04-03,,FLOOR,4.00,Pcs,WH1,
7001204,Crimping nipple 4503-12-08,,FLOOR,10.00,Pcs,WH1,
7001205,Crimping nipple 4504-02-03,,FLOOR,4.00,Pcs,WH1,
7001308,Hose Tilt Long,"-Info: Used for: EC209 QSM45 - Hose Tilt ss10 QSM, ss9IQ QSM, Std top part QSM",FLOOR,4.00,Pcs,WH1,
7001319,Clamp bracket - Accumulator 121-129mm,,FLOOR,2.00,Pcs,WH1,
7001321,Adapter 030417-04-04,,FLOOR,6.00,Pcs,WH1,
7001322,Adapter kit-Pressure Sensor - BSP 1/4,,FLOOR,2.00,Pcs,WH1,
7001326,Crimping nipple 4550-02-03,,FLOOR,4.00,Pcs,WH1,
7001328,Non-return valve VUF-1/4 13L /min,-Info: AMAB 8002004000,FLOOR,2.00,Pcs,WH1,
7001343,Adapter kit-Pressure Sensor - CAT NG 301-310,,FLOOR,2.00,Pcs,WH1,
7001380,Adapter 860-04-04,,FLOOR,6.00,Pcs,WH1,
7001384,Seal kit-hydraulic motor M+S HR Ø25 axle,-Info: Fits motor 1033938 & 1051258,FLOOR,2.00,Pcs,WH1,
7001405,Piston rod Ø32-grab cylinder-GRD60/GRD70,-Info: Fits cylinder 1048549,FLOOR,2.00,Pcs,WH1,
7001406,Adapter BSPP 030855-12-12,,FLOOR,10.00,Pcs,WH1,
7001432,Non-return valve VUF-3/8,,FLOOR,2.00,Pcs,WH1,
7001480,Adapter 6889-04-06,,FLOOR,10.00,Pcs,WH1,
7001495,Seal kit-Swivel/ valve block QSM EC214--> EC233,"-Info:
1039544 x8
7000579 x6
710977 x9
710975 x13
712423 x2
710901 x16
750704 x5
710960 x4
710981 x5",FLOOR,3.00,Pcs,WH1,
7001496,O-ring kit-Swivel/ valve block QSM EC209,,FLOOR,2.00,Pcs,WH1,
7001506,Reconstruction kit-QSM60-Drain without ECO,"-Info: Adds a hose connection for drain when EC-oil is not present in the right hand position.
Compatible with:
QSM60 EC214: 1062631
QSM60 EC219: 1062571",FLOOR,1.00,Pcs,WH1,
7001516,Pressure sensor M12 0-400 bar NONC (E30094),"-Replaced by 7001528
-Info: PK6520",FLOOR,2.00,Pcs,WH1,
7001528,Pressure sensor M12 0-400 bar Analog,-Info: PU8500,FLOOR,2.00,Pcs,WH1,
7001562,"Seal swivel - EC206B - 60/71x4,2 PU",,FLOOR,8.00,Pcs,WH1,
7001568,"O-ring 5,28x1,78 NBR 70 shore",,FLOOR,20.00,Pcs,WH1,
7001614,Directional valve NG6 prop 12V engcon JT ATOS,"-Info: Coil 7001734, O-ring 710959, Nut 7001887
-Info: SDHZEM-A-071-L9-J  /PE
",FLOOR,2.00,Pcs,WH1,
7001617,Directional valve NG6 12V. 4D01-3203-0302-B1-GOR-JT ATOS,"-Info: Coil 7001735, O-ring 710959, Nut 7001887
-Info: SDHE-0711-XJ 12DC  /PE
",FLOOR,2.00,Pcs,WH1,
7001628,Hose,-Info: Used for: EC206 Top ECO40,FLOOR,2.00,Pcs,WH1,
7001647,Relief valve HydraSpecma White 160/200cc fixed 200bar,-Info: Used for Hydraulic motor White 160c - 7001806 and Hydraulic motor White 200cc - 7001807,FLOOR,2.00,Pcs,WH1,
7001648,"Crimping nipple 4590-08-02 rotary swivel joint 1/2""",,FLOOR,4.00,Pcs,WH1,
7001661,O-ring 195x5 NBR 90 shore EC214 worm wheel,-Info: replaces: 712425,FLOOR,2.00,Pcs,WH1,
7001662,O-ring 225x5 NBR 90 shore EC219 worm wheel,-Info: 710969,FLOOR,2.00,Pcs,WH1,
7001663,O-ring 242x5 NBR 90 shore EC226 worm wheel / EC209 QH,-Info: replaces 710965,FLOOR,2.00,Pcs,WH1,
7001664,"O-ring 279,2x5,7 NBR 90 shore worm wheel EC233",-Info: replaces 7000374,FLOOR,2.00,Pcs,WH1,
7001671,"Seal swivel 50/61x4,2 PU",,FLOOR,8.00,Pcs,WH1,
7001673,Seal kit-Motor PC6000 Casappa,,FLOOR,1.00,Pcs,WH1,
7001689,Hose feed - EC206B ECO,,FLOOR,2.00,Pcs,WH1,
7001705,Protection Plug GRD40 hydraulic,,FLOOR,2.00,Pcs,WH1,
7001734,Coil 12V NG6 prop JT ATOS,,FLOOR,2.00,Pcs,WH1,
7001735,Coil 12V NG6 JT on/off ATOS,,FLOOR,2.00,Pcs,WH1,
7001736,Coil 24V NG6 JT on/off ATOS,,FLOOR,5.00,Pcs,WH1,
7001756,Adapter kit-Pressure Sensor,,FLOOR,2.00,Pcs,WH1,
7001792,Cartridge valve 3-way-DC2,"-Info: Spare nut=1016737, Coil 12V=730178, Coil 24V= 730179. Replaces 841145",FLOOR,2.00,Pcs,WH1,
7001793,Pressure reducer PY-DC2 Double incl safety block,"-Info: Without coil,  add coil, 12V=730178 or 24V=730179. Spare nut=1016737. Seal kit 841210. Replaces 841126",FLOOR,2.00,Pcs,WH1,
7001794,Safety Block with Pressure switch without Coil - DC2,"-Info: Spare nut: 1016737, Coil 12V=730178, Coil 24V= 730179. Replaces 841124",FLOOR,2.00,Pcs,WH1,
7001795,Pressure reducer-DC2-Track control incl safety block,"-Info: Without coil,  add coil, 12V=730178 or 24V=730179. Spare nut=1016737. Seal kit 841210",FLOOR,1.00,Pcs,WH1,
7001829,"O-ring 21,95x1,78 NBR 90 shore",,FLOOR,20.00,Pcs,WH1,
7001868,"Seal kit-E:L-Locking cylinder S40S/QS40/QSM40 Ø40x25-87,5",,FLOOR,2.00,Pcs,WH1,
7001869,Extender 50mm M10x1 lubrication kit,-Info: Replace 790165,FLOOR,2.00,Pcs,WH1,
7001870,T-Swivel union - M10x1 with plug,-Info: Replaces 7001309,FLOOR,2.00,Pcs,WH1,
7001932,Machine lock valve with needle valve,"-Info: Spare valve 730317/730318. Coils JT: 730313 12V, 730311 24V. Coils DT: 7000897 12V, 7000206 24V.",FLOOR,2.00,Pcs,WH1,
7001933,"Hydraulic ferrule 0000261508 MF2000 1/2"" No-skive",,FLOOR,100.00,Pcs,WH1,
7001956,Hose,"-Info: Used for QSM60 EC214, EC219, EC319
- Hose Lock (close)",FLOOR,2.00,Pcs,WH1,
7001957,Hose,"-Info: Used for QSM60 EC214, EC219, EC319
- Hose Lock (open)",FLOOR,2.00,Pcs,WH1,
7001983,"Plastic plug KS 15 G 1/4""","-Info: AMAB art nr 4930000015 
Used to plug evacuation hole in Valve Block QSM",FLOOR,6.00,Pcs,WH1,
7002063,Seal kit-E:L 80/50-Locking cylinder QS70 Forged,,FLOOR,2.00,Pcs,WH1,
710102,Adapter 136-02-02,,FLOOR,6.00,Pcs,WH1,
710103,Adapter 135-02-04,,FLOOR,6.00,Pcs,WH1,
710106,Adapter 136-06-06,,FLOOR,10.00,Pcs,WH1,
710107,Adapter 135-06-12,,FLOOR,6.00,Pcs,WH1,
710108,Adapter 136-08-08,,FLOOR,10.00,Pcs,WH1,
710109,Adapter 135-08-12,,FLOOR,6.00,Pcs,WH1,
710118,Adapter 135-04-06,,FLOOR,6.00,Pcs,WH1,
710120,Adapter 135-04-08,,FLOOR,6.00,Pcs,WH1,
710122,Adapter 135-06-08,,FLOOR,6.00,Pcs,WH1,
710126,Adapter 136-12-12,,FLOOR,10.00,Pcs,WH1,
710127,Adapter 136-16-16,,FLOOR,4.00,Pcs,WH1,
710135,Adapter 138-04-29 ( compact 136-04-04 ),,FLOOR,40.00,Pcs,WH1,
710145,Adapter 830-04-04,,FLOOR,6.00,Pcs,WH1,
710151,Adapter 401-04-04 90°,,FLOOR,10.00,Pcs,WH1,
710152,Adapter 401-06-06 90°,,FLOOR,8.00,Pcs,WH1,
710154,Adapter 401-04-06 90°,,FLOOR,10.00,Pcs,WH1,
710155,Adapter 401-08-12 90°,,FLOOR,10.00,Pcs,WH1,
710156,Adapter 401-08-08 90°,,FLOOR,10.00,Pcs,WH1,
710157,Adapter 401-06-08 90°,,FLOOR,10.00,Pcs,WH1,
710163,Adapter 489-04-04,,FLOOR,10.00,Pcs,WH1,
710164,Adapter 489-06-06,,FLOOR,10.00,Pcs,WH1,
710166,Adapter 489-08-08,,FLOOR,10.00,Pcs,WH1,
710193,Adapter 830-08-06,,FLOOR,6.00,Pcs,WH1,
710195,Adapter 407-04-04 90°,,FLOOR,10.00,Pcs,WH1,
710196,Adapter 407-06-06 90°,,FLOOR,10.00,Pcs,WH1,
710199,"Adapter 90° R1/8"" lubrication Adapter",,FLOOR,4.00,Pcs,WH1,
710210,Adapter 030045-04-04,,FLOOR,6.00,Pcs,WH1,
710211,Adapter 030045-06-06,,FLOOR,6.00,Pcs,WH1,
710215,Adapter 030090-04-04 90°,,FLOOR,6.00,Pcs,WH1,
710216,Adapter 030090-06-06 90°,,FLOOR,6.00,Pcs,WH1,
710217,Adapter 030090-08-08 90°,,FLOOR,6.00,Pcs,WH1,
710218,Adapter 703-12-12,,FLOOR,10.00,Pcs,WH1,
710219,Adapter 030090-02-02 90°,,FLOOR,6.00,Pcs,WH1,
710221,Adapter 703-08-08,,FLOOR,10.00,Pcs,WH1,
710222,Adapter 703-04-02,,FLOOR,6.00,Pcs,WH1,
710239,Adapter bulkhead 1260-02-02,,FLOOR,4.00,Pcs,WH1,
710240,Adapter bulkhead 1260-04-04,,FLOOR,10.00,Pcs,WH1,
710242,Adapter bulkhead 1260-06-32,,FLOOR,10.00,Pcs,WH1,
710244,Adapter bulkhead 1260-08-08,,FLOOR,10.00,Pcs,WH1,
710249,Nut bulkhead adapter 1270-02,,FLOOR,6.00,Pcs,WH1,
710250,Nut bulkhead adapter 1270-04,-Info: Also used as coil spare nut on IQS lock valves,FLOOR,10.00,Pcs,WH1,
710252,Nut bulkhead adapter 1270-06,,FLOOR,10.00,Pcs,WH1,
710254,Nut bulkhead adapter 1270-08,,FLOOR,10.00,Pcs,WH1,
710261,Adapter bulkhead extended 1260-04-40,-Info: L2=40mm,FLOOR,6.00,Pcs,WH1,
710262,Adapter bulkhead extended 1260-06-43,-Info: L2=43mm,FLOOR,6.00,Pcs,WH1,
710263,Adapter bulkhead extended 1260-08-45,-Info: L2=45mm,FLOOR,6.00,Pcs,WH1,
710271,Banjo bolt 4451-04,,FLOOR,10.00,Pcs,WH1,
710272,Banjo bolt 4451-06,,FLOOR,10.00,Pcs,WH1,
710273,Banjo bolt 4450-06-00 extended,,FLOOR,6.00,Pcs,WH1,
710274,Banjo bolt 4451-08,,FLOOR,6.00,Pcs,WH1,
710277,Banjo bolt 4451-02,,FLOOR,4.00,Pcs,WH1,
710293,Adapter 401-02-02 90°,,FLOOR,6.00,Pcs,WH1,
710343,Cutting ring connection XGE10LR ED,"-Info: For complete cutting ring connection sell:
Cutting ring 710350 
Nut 710194",FLOOR,4.00,Pcs,WH1,
710350,Cutting ring EMB 7012210100,,FLOOR,4.00,Pcs,WH1,
710701,"Seal washer GBR02 1/8""",,FLOOR,20.00,Pcs,WH1,
710702,"Seal washer GBR04 1/4""",,FLOOR,140.00,Pcs,WH1,
710703,"Seal washer GBR06 3/8""",,FLOOR,60.00,Pcs,WH1,
710704,"Seal washer GBR08 1/2""",,FLOOR,30.00,Pcs,WH1,
710706,"Seal washer GBR12 3/4""",,FLOOR,30.00,Pcs,WH1,
710707,"Seal washer GBR16 1""",,FLOOR,6.00,Pcs,WH1,
710708,Seal washer M18,,FLOOR,6.00,Pcs,WH1,
710901,"O-ring 9,25x1,78 FKM 90 shore Viton Green NG6",,FLOOR,95.00,Pcs,WH1,
710908,"O-ring 319,3x5,7 - Quick hitch EC10/EC219/EC226",-Info: EC20 Centrering,FLOOR,2.00,Pcs,WH1,
710910,"O-ring 10,77x2,62 NBR 70 shore",,FLOOR,20.00,Pcs,WH1,
710911,"O-ring 13,2x1,8 FKM 90 shore Viton Green",,FLOOR,20.00,Pcs,WH1,
710912,"O-ring 15,6x1,78 NBR 70 shore",-Info: also 15.5x1.78,FLOOR,20.00,Pcs,WH1,
710913,"O-ring 17,17x1,78 PU/90 - ECO60 1/2""",-Info: Color changed to black,FLOOR,20.00,Pcs,WH1,
710924,"O-ring 359,3x5,7 centre ring EC30/ quick hitch EC233",,FLOOR,2.00,Pcs,WH1,
710928,"O-ring 94,5x3,0 NBR 70 shore",,FLOOR,2.00,Pcs,WH1,
710952,"Wiper seal Quick hitch EC02, centre ring EC05B, EC206",,FLOOR,1.00,Pcs,WH1,
710954,"O-ring 6,1x1,6 EC02/EC05 valve block",,FLOOR,20.00,Pcs,WH1,
710957,"Wiper seal Quick hitch EC05B, EC206",,FLOOR,1.00,Pcs,WH1,
710958,"Guide belt centre ring EC05B,EC206",,FLOOR,2.00,Pcs,WH1,
710959,"O-ring 8,73x1,78 NBR 90 shore",,FLOOR,20.00,Pcs,WH1,
710960,"O-ring 7,65x1,78 FKM 90 shore Viton NG4",,FLOOR,20.00,Pcs,WH1,
710968,"O-ring 9,92x2,62 NBR 70 shore EC209/219/226 cylinder axle",,FLOOR,19.00,Pcs,WH1,
710973,"O-ring 12,42x1,78 NBR 70 shore",,FLOOR,95.00,Pcs,WH1,
710974,"O-ring 20,35x1,78 NBR 70 shore",,FLOOR,20.00,Pcs,WH1,
710975,"O-ring 14x1,78 NBR 70 shore",,FLOOR,20.00,Pcs,WH1,
710977,"O-ring 17,17x1,78 NBR 70 shore",,FLOOR,20.00,Pcs,WH1,
710980,"O-ring 28,3x1,78 NBR 70 shore",,FLOOR,20.00,Pcs,WH1,
710981,"O-ring 18,77x1,78 NBR 90 shore",,FLOOR,20.00,Pcs,WH1,
710983,"O-ring 21,95x1,78 NBR 70 shore",,FLOOR,20.00,Pcs,WH1,
710984,"O-ring 25,12x1,78 NBR 90 shore",,FLOOR,20.00,Pcs,WH1,
710985,"O-ring 29,87x1,78 NBR 70 shore",,FLOOR,20.00,Pcs,WH1,
710996,"Support ring PUR 28,3x1,78",,FLOOR,4.00,Pcs,WH1,
710997,"Support ring PUR 29,87x1,78",,FLOOR,4.00,Pcs,WH1,
711009,Crimping nipple 4501-02-04,,FLOOR,4.00,Pcs,WH1,
711010,Crimping nipple 4501-04-03,,FLOOR,4.00,Pcs,WH1,
711011,Crimping nipple 4501-06-04,,FLOOR,10.00,Pcs,WH1,
711013,Crimping nipple 4511-04-04,,FLOOR,20.00,Pcs,WH1,
711014,Crimping nipple 4511-06-06,,FLOOR,20.00,Pcs,WH1,
711015,Crimping nipple 4511-08-08,,FLOOR,20.00,Pcs,WH1,
711022,Crimping nipple 4508-04-04,,FLOOR,10.00,Pcs,WH1,
711023,Crimping nipple 4504-06-04,,FLOOR,10.00,Pcs,WH1,
711024,Crimping nipple 4508-08-08,,FLOOR,10.00,Pcs,WH1,
711025,Crimping nipple 4508-06-06,,FLOOR,10.00,Pcs,WH1,
711030,Crimping nipple 4509-04-04,,FLOOR,10.00,Pcs,WH1,
711031,Crimping nipple 4509-06-06,,FLOOR,10.00,Pcs,WH1,
711032,Crimping nipple 4509-08-08,,FLOOR,10.00,Pcs,WH1,
711039,Crimping nipple 4503-02-04,,FLOOR,4.00,Pcs,WH1,
711040,Crimping nipple 4494-04-06,,FLOOR,6.00,Pcs,WH1,
711042,Crimping nipple 4503-06-04,"-Info: 0045030604. Nippel 90 R-gänga 3/8""-1/4""",FLOOR,10.00,Pcs,WH1,
711043,Crimping nipple 4503-08-06,,FLOOR,10.00,Pcs,WH1,
711045,Crimping nipple 4512-06-06,,FLOOR,10.00,Pcs,WH1,
711046,Crimping nipple 4512-08-08,,FLOOR,10.00,Pcs,WH1,
711047,Crimping nipple 4512-04-04,,FLOOR,10.00,Pcs,WH1,
711055,Crimping nipple 4409-04-04,,FLOOR,10.00,Pcs,WH1,
711056,Crimping nipple 4409-06-06,,FLOOR,10.00,Pcs,WH1,
711089,Crimping nipple 4550-02-04,,FLOOR,4.00,Pcs,WH1,
711090,Crimping nipple 4550-04-03,,FLOOR,4.00,Pcs,WH1,
711091,Crimping nipple 4550-04-04,,FLOOR,10.00,Pcs,WH1,
711092,Crimping nipple 4550-04-06,,FLOOR,10.00,Pcs,WH1,
711093,Crimping nipple 4550-06-04,,FLOOR,10.00,Pcs,WH1,
711094,Crimping nipple 4550-06-06,,FLOOR,10.00,Pcs,WH1,
711095,Crimping nipple 4550-08-06,,FLOOR,10.00,Pcs,WH1,
711096,Crimping nipple 4550-08-08,,FLOOR,10.00,Pcs,WH1,
711295,"Hydraulic ferrule 0000261004 MF2000 1/4"" No-skive",,FLOOR,100.00,Pcs,WH1,
711296,"Hydraulic ferrule 0000261006 MF2000 3/8"" No-skive",,FLOOR,100.00,Pcs,WH1,
711298,"Hydraulic ferrule 0490000104 SAB 1/4"" (Thermoplastic)",,FLOOR,40.00,Pcs,WH1,
711401,Lubrication nipple M8 45°,,FLOOR,6.00,Pcs,WH1,
711402,"Lubrication nipple M8 x1,25 90°",,FLOOR,6.00,Pcs,WH1,
711403,Lubrication nipple 1/8 straight,,FLOOR,10.00,Pcs,WH1,
711405,Lubrication nipple M6 straight,,FLOOR,6.00,Pcs,WH1,
711409,"Lubrication nipple 1/8"" 90°",,FLOOR,6.00,Pcs,WH1,
711500,"Plug VSTIR12ED 1/2""","-Info: 1/2""",FLOOR,20.00,Pcs,WH1,
711503,"Plug VSTIR18ED 1/8""","-Info: 1/8""",FLOOR,6.00,Pcs,WH1,
711504,"Plug VSTIR38ED 3/8""","-Info: 3/8""",FLOOR,20.00,Pcs,WH1,
711505,"Plug Din 908 1/4""",,FLOOR,6.00,Pcs,WH1,
711508,"Pipe Plug DIN 906 1/4"" 180152",,FLOOR,20.00,Pcs,WH1,
711523,"Plug 1/8"" BSPT",,FLOOR,6.00,Pcs,WH1,
711529,"Pipe Plug DIN 906 M16x1,5",,FLOOR,6.00,Pcs,WH1,
711531,"Plug VSTI 1 1/4"" EDCF",,FLOOR,20.00,Pcs,WH1,
711532,"Plug VSTIR34ED 3/4""","-Info: 3/4""",FLOOR,20.00,Pcs,WH1,
711625,Protective cover 0301550400,,FLOOR,20.00,Pcs,WH1,
711627,Protective cover 0301550800,,FLOOR,10.00,Pcs,WH1,
712201,Adapter 401-12-12 90°,,FLOOR,10.00,Pcs,WH1,
712205,Adapter 703-04-04,,FLOOR,10.00,Pcs,WH1,
712210,Adapter bulkhead 1260-12-12,,FLOOR,6.00,Pcs,WH1,
712211,Nut bulkhead adapter 1270-12,,FLOOR,10.00,Pcs,WH1,
712212,Adapter 830-02-02,,FLOOR,6.00,Pcs,WH1,
712214,Banjo bolt 4450-04-00 extended,,FLOOR,6.00,Pcs,WH1,
712215,"Adapter 45° R1/8"" lubrication Adapter",,FLOOR,4.00,Pcs,WH1,
712216,"Extender 18mm R1/8"" lubrication kit",,FLOOR,2.00,Pcs,WH1,
712217,Adapter 030045-12-12,,FLOOR,6.00,Pcs,WH1,
712220,Adapter 402-12-12 45°,,FLOOR,10.00,Pcs,WH1,
712221,Adapter 703-06-06,,FLOOR,10.00,Pcs,WH1,
712224,Adapter 403-04-06,-Info: Adjustable T-cross,FLOOR,10.00,Pcs,WH1,
712227,Adapter bulkhead extended 1260-12-57,-Info: L2=57mm,FLOOR,4.00,Pcs,WH1,
712228,Adapter 6889-04-04,-Info: Pipe socket,FLOOR,10.00,Pcs,WH1,
712305,"Crimping nipple 4590-12-01 rotary swivel joint 3/4""",,FLOOR,6.00,Pcs,WH1,
712306,"Crimping nipple 4590-08-01 rotary swivel joint 1/2""",,FLOOR,6.00,Pcs,WH1,
712307,"Crimping nipple 4590-06-01 rotary swivel joint 3/8""",,FLOOR,6.00,Pcs,WH1,
712308,"Crimping nipple 4590-04-01 rotary swivel joint 1/4""",,FLOOR,4.00,Pcs,WH1,
712309,Crimping nipple 4509-12-12,,FLOOR,10.00,Pcs,WH1,
712312,Crimping nipple 4511-12-12,,FLOOR,20.00,Pcs,WH1,
712313,Crimping nipple 4512-12-12,,FLOOR,10.00,Pcs,WH1,
712314,Crimping nipple 4501-12-08,,FLOOR,10.00,Pcs,WH1,
712315,"Hydraulic ferrule 0000241012 MF2000 3/4""",,FLOOR,30.00,Pcs,WH1,
712402,"O-ring 15,3x2,4 NBR 70 shore EC209","-Info: Block: 1022207,1019709,1019712",FLOOR,20.00,Pcs,WH1,
712413,"O-ring 21,89x2,62 NBR 70 shore",,FLOOR,20.00,Pcs,WH1,
712417,"O-ring 12,42x1,78 PU - ECO45 3/8""",,FLOOR,20.00,Pcs,WH1,
712418,"O-ring 18,72x2,62 NBR 70 shore",,FLOOR,20.00,Pcs,WH1,
712422,"O-ring 6,07x1,78 NBR 70 shore",,FLOOR,40.00,Pcs,WH1,
712423,"O-ring 15,54 x 2,62 NBR 70 shore",,FLOOR,20.00,Pcs,WH1,
712424,"O-ring 249,3x5,7 NBR 70 shore Quick hitch EC214","-Info: 249,3x5,7",FLOOR,2.00,Pcs,WH1,
712429,"O-ring 9,25 x 1,78 NBR 70 shore",,FLOOR,20.00,Pcs,WH1,
720112,"Hydraulic motor Charlynn 131cc - EC209, EC214, EC10, EC15",-Info: Seal kit 750230,FLOOR,4.00,Pcs,WH1,
720119,Hydraulic motor Charlynn 50cc J-motor - EC02/EC204/EC204B,,FLOOR,2.00,Pcs,WH1,
720128,"Hydraulic motor EC05B, EC206, EC206B CL80cc",-Info: Seal kit 750230,FLOOR,2.00,Pcs,WH1,
730101,Directional valve NG6 12V. 4D01-3203-0302-B1-GOR-JT,"-Info: Coil 730117, O-ring 710901, Nut 730135
-Info: RPEB3-0632Z11/01200E3AV   
",FLOOR,2.00,Pcs,WH1,
730102,Directional valve lock NG6 12V.4D01-3146-0601-B1-GOR-JT,"-Info: Coil 730117, O-ring 710901, Nut 730135
-Info: RPEB3-062P51/01200E3AV   
",FLOOR,2.00,Pcs,WH1,
730103,Directional valve NG6 24V,"-Info: Screw:4 pcs 610403. Coil 730118, O-ring 710901, Nut 730135
-Info: RPEB3-063Z11/02400E3AV   
",FLOOR,2.00,Pcs,WH1,
730117,Coil 12V NG6 JT on/off,"-Info: E3A. Fits 730101,730102,730112,730119",FLOOR,2.00,Pcs,WH1,
730118,Coil 24V NG6 JT on/off,"-Info: E3A. Fits 730103,730104,730110,730120",FLOOR,2.00,Pcs,WH1,
730135,Nut directional valve Argo Hytos,,FLOOR,6.00,Pcs,WH1,
730152,Cover plate UNI NG4,,FLOOR,1.00,Pcs,WH1,
730158,Adapter plate NG6-NG4,"-Info: O-rings included (4x 7000702 O-ring 9,25x1,68 square NBR 70 shore)",FLOOR,2.00,Pcs,WH1,
730178,Coil 12V Dump valve CT512 NC+3way-DC2,-Info: Fits valve 730165+7001792,FLOOR,2.00,Pcs,WH1,
730179,Coil 24V Dump valve CT512 NC+3way-DC2,-Info: Fits valve 730165+7001792,FLOOR,2.00,Pcs,WH1,
730190,Directional valve NG6 prop 12V engcon JT,"-Info: Coil 730192, O-ring 710901, Nut 730135
-Info: PRM8-063Z11/35-12/2.2 E3AV/M",FLOOR,2.00,Pcs,WH1,
730192,Coil 12V NG6 prop JT,,FLOOR,2.00,Pcs,WH1,
730208,Non-return valve NRSM 1/2,,FLOOR,2.00,Pcs,WH1,
730212,Non-return valve NRSM3/8,,FLOOR,2.00,Pcs,WH1,
730237,Valve-Pressure reduction-PVLP63 230bar,,FLOOR,1.00,Pcs,WH1,
730243,"Non-return valve D02B2-6,0N - grab & Locking cylinder",-Info: Pilot operated. Used with 730244,FLOOR,2.00,Pcs,WH1,
730244,Pilot cartridge PP02SP,-Info: Used with check valve 730243,FLOOR,2.00,Pcs,WH1,
730269,Overcenter adjustable-EC206/209/214/219W/226W/05B-15B,-Info: SO5A-Q3/I10 (Seal kit 750275). Pre-set to 240bar,FLOOR,6.00,Pcs,WH1,
730275,Non-return valve SC5H-R3/l SK20 (1012704),,FLOOR,2.00,Pcs,WH1,
730277,Overcenter adjustable-EC219/226/233/20/30,-Info: Not EC219W or EC226W SO5A-R3/I4 (Seal kit 7000360). Pre-set to 210bar,FLOOR,6.00,Pcs,WH1,
730287,"Valve-Double pressure relief EC206,209&ECHF","-Info: 1016530, 1019709, 1026247 / 1CLLR100F35S",FLOOR,2.00,Pcs,WH1,
730288,Valve-Pressure reducer-SP4A-B3 EC209,"-Info: Used in 1019712+1055945, EC209, Seal kit  7000658
-Info: rev - 230 bar, rev A 250 bar",FLOOR,1.00,Pcs,WH1,
730311,Coil NG4 24V JT,-Info: C19B-02400E3A-20.8NA,FLOOR,2.00,Pcs,WH1,
730312,Directional valve NG4 lock 12V JT,"-Info: Not suitable for use with QS hitches. Use 1042045 or 1042047
-Info: Coil 730313, O-ring 710960, Nut 1006785
-Info: RPE3-042P51/01200E3AV ",FLOOR,2.00,Pcs,WH1,
730313,Coil NG4 12V JT,-Info: C19B-01200E3A-4.9NA,FLOOR,2.00,Pcs,WH1,
730326,Valve-Pressure reduction-VRN2-10/S-21 - 150 liter,-Info: EC High flow. Pre-set to 210bar,FLOOR,2.00,Pcs,WH1,
730328,Directional valve NG4 12V JT,"-Info: Coil 730313, O-ring 7000579, Nut 1006785
-Info: RPE3-043Z11/01200E3AV 
",FLOOR,2.00,Pcs,WH1,
730329,Directional valve NG4 Prop tilt 12V JT,"-Info: Coil 730336, O-ring 7000579, Nut 1006785
-Info: PRM2-043Y11/12-12E3AV",FLOOR,2.00,Pcs,WH1,
730336,Coil NG4 prop 12V JT,,FLOOR,2.00,Pcs,WH1,
730339,Directional valve NG10 24V,"-Info: Coil 730118, O-ring 750704, Nut 730135
-Info: RPES4-103Z11/02400E3AV ",FLOOR,2.00,Pcs,WH1,
730340,Directional valve NG10 12V,"-Info: Coil 730117, O-ring 750704, Nut 730135
-Info: RPES4-103Z11/01200E3AV 
",FLOOR,1.00,Pcs,WH1,
740197,Hose,"Used for:
EC209 QSD45 ECO John Craig - Hose Extra B
EC209 QSD45 ECO (All other variations) - Hose Extra A
EC10 Uni - Hose Tilt short",FLOOR,1.00,Pcs,WH1,
741204,"Hose bulk - 0872 Thermoplastic-04 1/4"" PEE/PU",-Info: 0490001004. 500m = 1 roll,FLOOR,200.00,m,WH1,
741206,"Hose bulk - Rockmaster/2SC-04 1/4""",-Info: 0100488004. 150m = 1 roll,FLOOR,150.00,m,WH1,
741207,"Hose bulk - Rockmaster/2SC-08 1/2""",-Info: 0100488008. 135m = 1 roll,FLOOR,75.00,m,WH1,
741208,"Hose bulk - Rockmaster/2SC-06 3/8""",-Info: 0100488006. 135m = 1 roll,FLOOR,145.50,m,WH1,
741210,"Hose bulk - Goldeniso/35 Xtraflex-12 3/4""",-Info: 0100243512. 40m = 1 roll,FLOOR,40.00,m,WH1,
742606,Hose Tilt Short - EC219,,FLOOR,4.00,Pcs,WH1,
742816,Hose Tilt Short - EC209,,FLOOR,4.00,Pcs,WH1,
742912,Hose Tilt Long - EC206,,FLOOR,1.00,Pcs,WH1,
742913,Hose feed - EC206 valve block,,FLOOR,2.00,Pcs,WH1,
743001,Hose Tilt Long - EC214,,FLOOR,4.00,Pcs,WH1,
743002,Hose Tilt Short - EC214,,FLOOR,4.00,Pcs,WH1,
750150,Piston rod-grab cylinder 05-EC05,,FLOOR,2.00,Pcs,WH1,
750201,"Seal kit-SIDE,EL 40/20",-Info: Also for ECpup (1011225),FLOOR,2.00,Pcs,WH1,
750220,Seal kit-32/16,,FLOOR,2.00,Pcs,WH1,
750223,Seal kit-63/32-tilt cylinder,,FLOOR,2.00,Pcs,WH1,
750224,Seal kit-80/40-tilt cylinder,,FLOOR,2.00,Pcs,WH1,
750230,Seal kit-hydraulic motor CharLynn H+,,FLOOR,2.00,Pcs,WH1,
750233,Seal kit-hydraulic motor CharLynn 50cc,,FLOOR,2.00,Pcs,WH1,
750238,Seal kit-63/40-grab cylinder 20,-Info: Also fits 1032181,FLOOR,2.00,Pcs,WH1,
750239,Seal kit-50/32-Grab cylinder 10/Locking cylinder 20,,FLOOR,2.00,Pcs,WH1,
750245,"Seal kit-90/45-tilt cylinder-EC30,EC233",,FLOOR,2.00,Pcs,WH1,
750248,Seal kit-63/32-tilt cylinder-SK05-EC05B/10/15-cast yoke,,FLOOR,2.00,Pcs,WH1,
750249,Seal kit-80/40-SK10/SK15,,FLOOR,2.00,Pcs,WH1,
750250,Seal kit-100/60-SK20,-Info: With double piston sealings. Both old/new cylinders. 200900 & 1001242,FLOOR,2.00,Pcs,WH1,
750255,Seal kit-80/50-SK10/SK15,,FLOOR,2.00,Pcs,WH1,
750266,Seal kit-32/16-Locking cylinder-S40-EC05B,,FLOOR,2.00,Pcs,WH1,
750269,Seal kit-80/45-tilt cylinder E.L EC219/EC226,,FLOOR,2.00,Pcs,WH1,
750273,Seal kit-63/32-tilt cylinder EC206/209/214,,FLOOR,2.00,Pcs,WH1,
750275,Seal kit-SO5A (730269),,FLOOR,2.00,Pcs,WH1,
750302,Top nut 80/40,-Info: Spare bushing 1003362,FLOOR,1.00,Pcs,WH1,
750303,Top nut 90/45,-Info: For use on cylinders marked: 2023 V.24 and onwards. Older cylinders use 7002100,FLOOR,1.00,Pcs,WH1,
750305,Top nut 63/40,,FLOOR,1.00,Pcs,WH1,
750307,Top nut 63/32-SK05-EC05B/EC10/EC15-cast yoke,,FLOOR,1.00,Pcs,WH1,
750406,Piston-grab cylinder 10-50/32 tilt cylinder EC02 50/25,,FLOOR,1.00,Pcs,WH1,
750419,Piston tilt cylinder EC219/EC226,"-Info: 1017259, 1017501, 1017719",FLOOR,1.00,Pcs,WH1,
750421,Piston tilt cylinder-EC206/EC209/EC214,"-Info: 1019630,1023189,1024186,1040873,1041412,1041414",FLOOR,1.00,Pcs,WH1,
750704,"O-ring 12,42x1,68 square NBR 70 shore NG10",,FLOOR,40.00,Pcs,WH1,
750709,Seal kit-E:L 50/35-Locking cylinder QS45/50/HYDS,"-Info: Fits 1025383, 1027573, 1067280, 1067285, 1048780, 1079695",FLOOR,2.00,Pcs,WH1,
790108,"Quick coupling 1/8"" female 2310",,FLOOR,4.00,Pcs,WH1,
790109,"Quick coupling 1/8"" male 2320",,FLOOR,4.00,Pcs,WH1,
790110,"Quick coupling 1/4"" female 2510",,FLOOR,6.00,Pcs,WH1,
790111,"Quick coupling 1/4"" male 2520",,FLOOR,4.00,Pcs,WH1,
790112,"Quick coupling 3/8"" female 3810",,FLOOR,6.00,Pcs,WH1,
790113,"Quick coupling 3/8"" male 3820",,FLOOR,6.00,Pcs,WH1,
790114,"Quick coupling 1/2"" female 5010",,FLOOR,6.00,Pcs,WH1,
790115,"Quick coupling 1/2"" male 5020",,FLOOR,4.00,Pcs,WH1,
790116,"Dust protection 1/4"" Coupling-female 2516",,FLOOR,4.00,Pcs,WH1,
790117,"Dust protection 3/8"" Coupling-female",,FLOOR,4.00,Pcs,WH1,
790118,"Dust protection 1/2"" Coupling-female 5016",,FLOOR,4.00,Pcs,WH1,
790119,"Dust protection 1/4"" male 2526",,FLOOR,4.00,Pcs,WH1,
790120,"Dust protection 3/8"" male 3826",,FLOOR,4.00,Pcs,WH1,
790121,"Dust protection 1/2"" male 5026",,FLOOR,4.00,Pcs,WH1,
790125,"Dust protection 1/8"" Coupling-female 2315",,FLOOR,4.00,Pcs,WH1,
790126,"Dust protection 1/8"" male 125",,FLOOR,4.00,Pcs,WH1,
790143,"Texsleeve TEXS23 - 1/4"" RM",-Info: A whole roll is 50m,FLOOR,50.00,m,WH1,
790144,"Texsleeve TEXS27 - 3/8""",-Info: A whole roll is 50m,FLOOR,50.00,m,WH1,
790145,"Texsleeve TEXS31 - 1/2""",-Info: A whole roll is 50m,FLOOR,50.00,m,WH1,
790146,Clamp ring Tex-sleeve - 04,,FLOOR,20.00,Pcs,WH1,
790147,Clamp ring Tex-sleeve - 06,,FLOOR,20.00,Pcs,WH1,
790148,Clamp ring Tex-sleeve - 08,,FLOOR,12.00,Pcs,WH1,
790149,"Texsleeve TEXS44 - 3/4""",-Info: A whole roll is 50m,FLOOR,50.00,m,WH1,
790156,Plug plastic - valve screw hole,,FLOOR,50.00,Pcs,WH1,
790157,"Push-in coupling EC219/EC226 R1/8"" PGE06 Lubrication kit",,FLOOR,4.00,Pcs,WH1,
790166,Lubrication nipple M10x1 straight Lubrication kit,,FLOOR,10.00,Pcs,WH1,
790172,"Push-in Coupling R1/8"" PGE06KR lubrication kit",,FLOOR,14.00,Pcs,WH1,
790181,Clamp ring Tex-sleeve - 12,,FLOOR,12.00,Pcs,WH1,
790184,"Push-in Coupling 90° R1/8"" SPWE06KR lubrication kit",,FLOOR,4.00,Pcs,WH1,
790188,Push-in Coupling M10x1 PGE06KR BV lubrication kit,,FLOOR,14.00,Pcs,WH1,
790190,Adapter 90° M10x1 lubrication Block,,FLOOR,4.00,Pcs,WH1,
790192,"Quick coupling 3/4"" female 7510",,FLOOR,6.00,Pcs,WH1,
790193,"Quick coupling 3/4"" male 7520",,FLOOR,6.00,Pcs,WH1,
790194,"Dust protection 3/4"" Coupling-female 7516",,FLOOR,4.00,Pcs,WH1,
790195,"Dust protection 3/4"" Coupling-male 7526",,FLOOR,4.00,Pcs,WH1,
8000001,Deutsch Pin Size 20,,FLOOR,20.00,Pcs,WH1,
8000002,Deutsch Socket Size 20 (DTM),,FLOOR,20.00,Pcs,WH1,
8000017,Hub rotation sensor-ePS,,FLOOR,2.00,Pcs,WH1,
8000018,"Spacer - 6,35x6,35 - rotation sensor-ePS",,FLOOR,2.00,Pcs,WH1,
8000053,Deutsch DTM06-6S connector device,"-Info: Consist of: Housing:8000008, Wedge:8000010 & Socket 6 x 8000002",FLOOR,3.00,Pcs,WH1,
8000054,Deutsch DTM04-6P connector device,"-Info: Consist of: Housing:8000007, Wedge:8000009 & Pin 6 x 8000001",FLOOR,4.00,Pcs,WH1,
8000056,Protective sleeve Inductive sensor M12,"-Info: Mounted on  1029068, 1040358, 8001070, 8001527, 1048262",FLOOR,6.00,Pcs,WH1,
8000063,Deutsch DTM06-3S connector device,"-Info: Consist of: Housing:8000003, Wedge:8000005 & Socket 3 x 8000002",FLOOR,4.00,Pcs,WH1,
8000064,Deutsch DTM04-3P connector device,"-Info: Consist of: Housing:8000004, Pinholder:8000006 & Pin 3 x 8000001",FLOOR,4.00,Pcs,WH1,
8000068,Protection Plug ECO power plug & QS sensor,-Info: Used both on ECO blocks and in sensor assembly hole on QS,FLOOR,4.00,Pcs,WH1,
8000086,Deutsch Dust protection to DT06-2S,,FLOOR,4.00,Pcs,WH1,
8000087,Special tool-Dismantling 8P/12P ILME,,FLOOR,4.00,Pcs,WH1,
8000090,Protection plug for DTM06-6S,-Info: used on TM 842137 & 842139 when no QS,FLOOR,6.00,Pcs,WH1,
8000097,Adapter cable AMPS Sock x8-4xJT 2S,,FLOOR,2.00,Pcs,WH1,
8000098,Power cable Minif 2S-Wires-2m,,FLOOR,2.00,Pcs,WH1,
8000138,Electronics Module QPM - QSC,,FLOOR,2.00,Pcs,WH1,
8000139,Electronics Module QCM - QSC,,FLOOR,2.00,Pcs,WH1,
8000175,"Unit cable DC2 JT EC206-EC233-3,9m",-Info: Replaces 841121,FLOOR,2.00,Pcs,WH1,
8000177,Deutsch DTM04-12PA connector device,"-Info: Consist of: Housing:8000178, Wedge:8000179 & Pin 12 x 8000001",FLOOR,4.00,Pcs,WH1,
8000194,"Test plug kit QS - DT, DTM, M8 & M12",,FLOOR,1.00,Pcs,WH1,
8000217,"PWM cable 1x PWM-Ana FCI Sock x3 MAP JCB-2,8m","-Info: Joystickemulator-2,8m-FCI",FLOOR,4.00,Pcs,WH1,
8000235,ILME cover 21.21 with pegs & jumper CQAM 12 T1,-Info: Jumper connects 5-6 & 7-8,FLOOR,4.00,Pcs,WH1,
8000237,Engcon configuration kit - QSC - C2C - SS9-2,,FLOOR,2.00,Pcs,WH1,
8000240,Adapter cable FCI Sock x2-M12 5P,,FLOOR,1.00,Pcs,WH1,
8000244,Deutsch DTM06-12SA connector device,"-Info: Consist of: Housing:8000243, Wedge:8000245 & Pin 12 x 8000002",FLOOR,4.00,Pcs,WH1,
8000269,Electronics Module QLM-QSC,"-Info: Only difference to 842110 is the software, i.e. NC-sensors",FLOOR,2.00,Pcs,WH1,
8000270,Q-safe-QLM-ss10/ss9/ss5/ss0-QSC,"-Info: Documentation 841684
",FLOOR,4.00,Pcs,WH1,
8000271,Q-safe-QLM-DC2/DC3-QSC,-Info: Documentation 841684,FLOOR,9.00,Pcs,WH1,
8000289,Holder for Carling & KR Switch,,FLOOR,2.00,Pcs,WH1,
8000290,"Adapter cable AMPS Sock x8-3xJT 2S/M12 5S-3,95/4m",,FLOOR,2.00,Pcs,WH1,
8000304,MIG2-DC2-AN-MAP50-8R-6NO-3NO/NC-1FNR,"-Info: Documentation 841616
",FLOOR,1.00,Pcs,WH1,
8000375,Power cable M12 5S-Cig.Lighter Plug-2m,,FLOOR,2.00,Pcs,WH1,
8000465,Feeder swap kit,,FLOOR,1.00,Pcs,WH1,
8000468,"Mounting plate-WCF,2/WCLS,2",,FLOOR,2.00,Pcs,WH1,
8000526,CAN Junction box,,FLOOR,2.00,Pcs,WH1,
8000536,Socket minifit,,FLOOR,20.00,Pcs,WH1,
8000550,"QSC EMU cable IQ FCI Sock x3/JT-0,55m",,FLOOR,2.00,Pcs,WH1,
8000555,Adapter cable M12 - DT06-3S,,FLOOR,2.00,Pcs,WH1,
8000593,"QSC EMU cable SQ FCI Sock x3-2,8m",,FLOOR,2.00,Pcs,WH1,
8000609,ILME 21.21 12S MKA AP25 connector device,"-Info: Consists of Housing 8001935, Insert 8001933, Socket 8001934 (8pcs) & Cable gland 8001923",FLOOR,4.00,Pcs,WH1,
8000653,Deutsch DTM06-2S connector device,"-Info: Consist of: Housing 8000654,  Wedge:8000655 & Socket 2 x 8000002",FLOOR,4.00,Pcs,WH1,
8000703,Strain relief plate ZL60 4x,,FLOOR,1.00,Pcs,WH1,
8000704,Strain relief plate ZL87 6x,,FLOOR,1.00,Pcs,WH1,
8000758,Push-button NO/NC-LED-DC2-red,,FLOOR,2.00,Pcs,WH1,
8000763,"Unit cable DC2 DTM EC02B-EC204-3,7m",,FLOOR,2.00,Pcs,WH1,
8000781,Power plug ECO70 W Top QS70 QSM ECHF,,FLOOR,2.00,Pcs,WH1,
8000783,"Breakout cable CAN DT-DC2 EC 0,32/0,25m",,FLOOR,2.00,Pcs,WH1,
8000784,"Extension cable 5-pole M12-FULL 0,75m Robo hose","-Info : For ePS, use with 8000783, 8000824 or 8000825",FLOOR,1.00,Pcs,WH1,
8000824,Resistor cable 120ohm M12 5S-M12 5S-3m,-Info: With 120 ohm termination,FLOOR,2.00,Pcs,WH1,
8000840,GripMIG2-L-DC2-AN-MAP54-3R-6NO-1NO/NC,-Machine adapted: CAT NG 310,FLOOR,1.00,Pcs,WH1,
8000841,GripMIG2-R-DC2-AN-MAP54-3R-5NO-2NO/NC,-Machine adapted: CAT NG 310,FLOOR,1.00,Pcs,WH1,
8000863,"Adapter cable M12 8P-DTM 3S-QLM 3,4m",,FLOOR,3.00,Pcs,WH1,
8000986,Assembly kit-QPM,,FLOOR,4.00,Pcs,WH1,
8001015,Slip ring-QSM45/50-M12,,FLOOR,2.00,Pcs,WH1,
8001045,Adapter cable M12 5S-DT 3P/Term,,FLOOR,2.00,Pcs,WH1,
8001065,Slip ring-EC206 S40S,-Info: Also QS45/50. For deliveries starting from 1st April 2020,FLOOR,2.00,Pcs,WH1,
8001070,Inductive sensor M12 DTM04-3P - hook QSC - 200mm,,FLOOR,2.00,Pcs,WH1,
8001120,Adapter cable Minif 4S-M12 5S-6m,,FLOOR,2.00,Pcs,WH1,
8001201,"Unit cable DC2 DT EC206-EC233-3,9m",,FLOOR,4.00,Pcs,WH1,
8001211,Power plug ECO70/ECO80 W Top QS80 QSM ECHF,,FLOOR,2.00,Pcs,WH1,
8001216,Adapter cable Minif Sock x2-JT 2S,,FLOOR,2.00,Pcs,WH1,
8001247,Adapter cable M12 5S-DTM 2P,,FLOOR,2.00,Pcs,WH1,
8001323,PWM converter->2xAna Minif 4S-Minif 4P,,FLOOR,6.00,Pcs,WH1,
8001343,"Breakout cable DI14 Minif-1,2m",,FLOOR,2.00,Pcs,WH1,
8001356,Adapter cable FCI 16S-2xMinif 4P/Minif 2S/DTM 2S,,FLOOR,2.00,Pcs,WH1,
8001362,Adapter cable DSUB 25P-FCI 16P/USB A-1m,,FLOOR,2.00,Pcs,WH1,
8001404,"Adapter cable AMPS Sock x8-3xJT 2S/M12 5S-4/4,7m",,FLOOR,2.00,Pcs,WH1,
8001421,Slip ring-EC204,,FLOOR,1.00,Pcs,WH1,
8001455,EXTDC2-MAP30-WC.2-12V/24V,"-Info: Documentation 9000356
",FLOOR,1.00,Pcs,WH1,
8001459,"Adapter cable Minif 4S-Wires-1,7m",,FLOOR,4.00,Pcs,WH1,
8001500,Electronics Module MGM-DC3,,FLOOR,2.00,Pcs,WH1,
8001519,Slip ring-QSM40-EC206B M12,-Info: Also QS45/50. For deliveries starting from 1st April 2020,FLOOR,2.00,Pcs,WH1,
8001527,Inductive sensor M12 - hook quick hitch S40/QSM40,-Info: IFS730,FLOOR,2.00,Pcs,WH1,
8001543,Rotation Sensor,,FLOOR,2.00,Pcs,WH1,
8001544,Tilt Sensor,,FLOOR,2.00,Pcs,WH1,
8001547,Sensor Magnet -Screw -Rotation&Tilt,,FLOOR,3.00,Pcs,WH1,
8001560,Adapter cable MAP Komatsu Yazaki-DT,-Info: Cable Engcon breakout Komatsu,FLOOR,0.00,Pcs,WH1,
8001561,Extension cable 8-pole DT-FULL 2m,,FLOOR,0.00,Pcs,WH1,
8001564,MIG2-DC2-AN-MAP51-6R-11NO-3NO/NC,"-Machine adapted: Hitachi ZX-7 
-Info: Documentation 9000600
",FLOOR,3.00,Pcs,WH1,
8001594,PWM converter->2xPWM Minif 4S-Minif 4P,,FLOOR,6.00,Pcs,WH1,
8001597,"Extension cable 3/4-pole Minif-1,5m Sleeve",,FLOOR,2.00,Pcs,WH1,
8001608,DC2-MAP0-DPWMO2-12V/24V-16M,"-Info: Documentation 9000405, 9000591",FLOOR,3.00,Pcs,WH1,
8001813,C2C-DC2,"-Info: Documentation 9000658
-Replaces 841375",FLOOR,13.00,Pcs,WH1,
8001814,ePS2-upgrade kit-T+R-EC206B/EC209B-DC2,-Info: Delivered with 9000658,FLOOR,2.00,Pcs,WH1,
8001822,Power plug 4P-ECO40 W QSM40,,FLOOR,2.00,Pcs,WH1,
8001824,DC2-MAP0-PWMO2-12V/24V-16M,"-Info: Documentation 9000405, 9000593",FLOOR,10.00,Pcs,WH1,
8001834,Electronics Module TM3-EC209B-EC233,,FLOOR,2.00,Pcs,WH1,
8001846,Extension cable 4-pole DT-FULL 1m,,FLOOR,2.00,Pcs,WH1,
8001847,Branch cable CAN DTM-DT/M12-ECO W ePS EC209B-EC233,-Info: Used on EC209BS-EC233S with sensor ,FLOOR,2.00,Pcs,WH1,
8001885,Power plug ECO40 W Top QS40-ePS-TS,-Info: for EC206B,FLOOR,4.00,Pcs,WH1,
8001887,Extension cable 4-pole DT-FULL 2m,,FLOOR,2.00,Pcs,WH1,
8001888,Extension cable 4-pole DT-FULL 5m,,FLOOR,2.00,Pcs,WH1,
8001889,Extension cable 4-pole DT-FULL 10m,-Info: Replaced by 8002682,FLOOR,2.00,Pcs,WH1,
8001890,Relay cable PWR-DC3 24V DT 2P,"-Info: Rly: Bosch 0332 209 204
",FLOOR,2.00,Pcs,WH1,
8001891,Adapter cable DT 4P-M12 5S-DC3,,FLOOR,2.00,Pcs,WH1,
8001894,Adapter cable M12 5P-M8 4S,,FLOOR,2.00,Pcs,WH1,
8001895,"Y-split cable DT 4P-2xDT 4S-0,4m",,FLOOR,2.00,Pcs,WH1,
8001897,Extension cable 4/5-pole M12-1m,,FLOOR,2.00,Pcs,WH1,
8001898,Extension cable 4/5-pole M12-2m,,FLOOR,2.00,Pcs,WH1,
8001938,Extension cable 4/5-pole M12-3m,,FLOOR,2.00,Pcs,WH1,
8001942,"Relay cable PWR_DLY 2,5sec-MAP CAT NG","-Info: Breakout cable CAT NG with power delay
-Rly: Hella 5HE 996 152 151.
",FLOOR,1.00,Pcs,WH1,
8001965,"Pressure sensor M12 1/4"" 0-600 bar CANopen",-Info: Supplier itemnr. 316441,FLOOR,2.00,Pcs,WH1,
8001968,Adapter cable USB A-M12 5P-B code,,FLOOR,2.00,Pcs,WH1,
8001969,"Power cable DT 2S-Term-0,3m","-Info: Cable Bat -> Relay unit (DT-2S)-DC3
",FLOOR,2.00,Pcs,WH1,
8001970,Extension cable 2-pole DT-FULL 1m,,FLOOR,2.00,Pcs,WH1,
8001971,Extension cable 2-pole DT-FULL 2m,,FLOOR,2.00,Pcs,WH1,
8001974,MIG2-DC3-CAN-MAP50-6R-14NO/NC,"-Info: Generic MIG2 DC3 CAN kit. SW1, SW2 and SW3 on breakout
-Info: Documentation 9000673",FLOOR,1.00,Pcs,WH1,
8001987,Assembly kit-MGM,,FLOOR,4.00,Pcs,WH1,
8001988,"Extension cable Male 2/5-pole-M12 0,5m",,FLOOR,2.00,Pcs,WH1,
8001989,Adapter cable JT 2S-DT 2P,,FLOOR,2.00,Pcs,WH1,
8001992,DC3-MAP4-eML-CAT-313-335NG,"-Machine adapted: CAT 313 to 335 NG machines.
-Info: Documentation 9000683, 9000691",FLOOR,3.00,Pcs,WH1,
8001994,"Extension cable 4-pole DT-FULL 1,1m Robo hose",,FLOOR,2.00,Pcs,WH1,
8002017,Pin minifit,,FLOOR,20.00,Pcs,WH1,
8002036,Adapter cable DT 4P-2xJT 2S-3m,,FLOOR,2.00,Pcs,WH1,
8002050,Power plug ECO60 W S-quick hitch -DTM,-Info: ECO-W S60,FLOOR,2.00,Pcs,WH1,
8002100,Power plug 12P ECO70/80 W S-QH - DC3,-Info: ECO-W,FLOOR,3.00,Pcs,WH1,
8002101,Power plug ECO60 W Top QS60 DC3 EC219,,FLOOR,2.00,Pcs,WH1,
8002104,Module DC3-BCM,-Info: Electronics module BCM + Assembly kit-MGM,FLOOR,2.00,Pcs,WH1,
8002111,Power plug EC226/233 ECO70 W Top QS70 DC3,,FLOOR,2.00,Pcs,WH1,
8002132,EXTDC3-MAP32-QH5-CAT 315 NG-24V,"-Machine adapted: quick hitch control kit for CAT 315 NG.
-Info: Not dangerous goods according to IATA Special provision A114
-Info: Documentation 9000721",FLOOR,1.00,Pcs,WH1,
8002133,EXTDC3-MAP32-QH5-CAT 320-335 NG-24V,"-Machine adapted: quick hitch control kit for CAT 320 to 335 NG.
-Info: Not dangerous goods according to IATA Special provision A114.
-Info: Documentation 9000722",FLOOR,2.00,Pcs,WH1,
8002137,EXTDC3-MAP30-QH5-12V/24V,"-Info:Generic quick hitch control kit with 2 accumulators. BCM is included.
-Info: Not dangerous goods according to IATA Special provision A114
-Info: Documentation 9000726",FLOOR,5.00,Pcs,WH1,
8002142,T-Splitter M12-5P,-Info: CONN SPLIT M12 5POS M-M-M,FLOOR,2.00,Pcs,WH1,
8002155,Power plug 12P ECO60 W S-QH - DC3,,FLOOR,2.00,Pcs,WH1,
8002179,Power plug 12P ECO80 W - Top - DC3,-Info: ECO-W,FLOOR,2.00,Pcs,WH1,
8002198,Slip ring-EC204B,,FLOOR,1.00,Pcs,WH1,
8002200,EXTDC2-MAP30-QH4-12V/24V,"-Info: Not dangerous goods according to IATA Special provision A114
-Info: Documentation 9000751",FLOOR,14.00,Pcs,WH1,
8002201,EXTDC2-MAP30-QH5-12V/24V,"-Info: Not dangerous goods according to IATA Special provision A114
-Info: Documentation 9000752",FLOOR,12.00,Pcs,WH1,
8002213,"Breakout cable DI14 Minif-1,8m",,FLOOR,2.00,Pcs,WH1,
8002244,Power plug ECO45/50 W Top QS45 DC3,,FLOOR,2.00,Pcs,WH1,
8002246,Adapter cable DT 2S-Wires,,FLOOR,2.00,Pcs,WH1,
8002247,EXTDC2-MAP30-PWMO2-12V/24V,-Info: Documentation 9000859,FLOOR,3.00,Pcs,WH1,
8002252,MIG2-DC2-AN-MAP50-6R-9NO-3NO/NC-2FNR,"-Info: Documentation 841616

",FLOOR,1.00,Pcs,WH1,
8002288,Power plug ECO40 W Top QS40 Right,-Info: for EC204B,FLOOR,4.00,Pcs,WH1,
8002297,Extension cable 4-pole DT-FULL 3m,,FLOOR,3.00,Pcs,WH1,
8002454,Power plug ECO40 W Top QS40-ePS-TS Left,-Info: for EC204B,FLOOR,2.00,Pcs,WH1,
8002459,Adapter cable DTM 6P-M12 5S,"Temporary sales stop! 
-Info: Must be used together with 8002477.
-Info: Use with 8002559 for Leica.",FLOOR,2.00,Pcs,WH1,
8002477,Unit cable 3rd PTY DC2/DC3 ECO W QS/S45-QS/S80-3m,"-Info: Must be used with 8002459. 
-Info: Use with 8002009 for Leica.",FLOOR,2.00,Pcs,WH1,
8002493,EXTDC2-MAP30-WC.3-12V/24V,-Info: Documentation 9000860,FLOOR,1.00,Pcs,WH1,
8002514,Push-button NO/NC-MIG2 with snap ring,-Info: P9-513222,FLOOR,4.00,Pcs,WH1,
8002535,DC2-MAP0-2PY-12V/24V-16M,"-Info: Documentation 9000405, 9000876
",FLOOR,5.00,Pcs,WH1,
8002536,DC2-MAP0-ORGPY-12V/24V-16M,"-Info: Documentation 9000405, 9000877
",FLOOR,1.00,Pcs,WH1,
8002570,MIG2-DC3-CAN-MAP50-6R-8NO/NC-6NO,"-Info: Generic MIG2 DC3 CAN kit. OUT3, SW1, SW3, SW6 and SW7 on breakout
-Info: Documentation 9000899",FLOOR,1.00,Pcs,WH1,
8002571,MIG2-DC3-CAN-MAP50-6R-7NO/NC-6NO-1FNR,"-Info: Generic MIG2 DC3 CAN kit. OUT3, SW1, SW3/FNR, SW6 and SW7 on breakout
-Info: Documentation 9000900",FLOOR,1.00,Pcs,WH1,
8002875,DC3-MAP4-eML-Komatsu PC-12,"-Machine adapted: Komatsu PC-12 machines.
-Info: Documentation 9000683, 9000969",FLOOR,2.00,Pcs,WH1,
810209,"ILME Pin CDMA 0,7","-Info: 0,75mm2, Silver Plated",FLOOR,20.00,Pcs,WH1,
810210,"ILME Socket CDFA 0,7","-Info: 0,75mm2, Silver Plated",FLOOR,20.00,Pcs,WH1,
810211,"ILME Pin CDMA 1,5","-Info: 1,5mm2, Silver Plated",FLOOR,20.00,Pcs,WH1,
810212,"ILME Socket CDFA 1,5","-Info: 1,5mm2, Silver plated",FLOOR,20.00,Pcs,WH1,
810218,AMP Junior Timer (JT) 2S connector device,"-Info: Contains Housing 8001944, Socket 8001945 & Shrink tubing 8001379 (40mm)",FLOOR,4.00,Pcs,WH1,
810505,"Tractor lubrication nipple 1/8"" stainless",,FLOOR,2.00,Pcs,WH1,
810643,Deutsch wedgelock W2P (pin DT),,FLOOR,4.00,Pcs,WH1,
810647,Deutsch wedgelock W4P (pin DT) GREEN,,FLOOR,4.00,Pcs,WH1,
810652,Deutsch Socket Size 16 (DT),,FLOOR,20.00,Pcs,WH1,
810653,Deutsch Pin Size 16,,FLOOR,20.00,Pcs,WH1,
810662,Holder Deutsch DT/DTM connector,-Info: Does not fit DT04-8P,FLOOR,2.00,Pcs,WH1,
820108,Deutsch DT04-4P connector device,"-Info: Consist of: Housing:810645, Wedge:810647 & Pin 4 x 810653",FLOOR,3.00,Pcs,WH1,
820109,Deutsch DT04-6P connector device,"-Info: Consist of: Housing:810649, Wedge:810651 & Pin 6 x 810653",FLOOR,4.00,Pcs,WH1,
820110,Deutsch DT04-2P connector device,"-Info: Consist of: Housing:810641, Wedge:810643 & Pin 2 x 810653",FLOOR,4.00,Pcs,WH1,
820112,Deutsch DT04-8PA connector device,"-Info: Consist of: Housing:810655, Wedge:810657 & Pin 8 x 810653",FLOOR,4.00,Pcs,WH1,
820113,Deutsch DT04-12PA connector device,"-Info: Consist of: Housing:810659, Wedge:810661& Pin 12 x 810653",FLOOR,4.00,Pcs,WH1,
820218,Deutsch DT06-4S connector device,"-Info: Consist of: Housing:810644, Wedge:810646 & Socket 4 x 810652",FLOOR,3.00,Pcs,WH1,
820219,Deutsch DT06-2S connector device,"-Info: Consist of: Housing:810640, Wedge:810642 & Socket 2 x 810652",FLOOR,4.00,Pcs,WH1,
820220,Deutsch DT06-6S connector device,"-Info: Consist of: Housing:810648, Wedge:810650 & Socket 6 x 810652",FLOOR,4.00,Pcs,WH1,
820225,Deutsch DT06-8SA connector device,"-Info: Consist of: Housing:810654, Wedge:810656 & Socket 8 x 810652",FLOOR,4.00,Pcs,WH1,
830102,Cable Gland ASC11T PG11 Metal,,FLOOR,2.00,Pcs,WH1,
841105,Electronics Module CM-DC2,,FLOOR,3.00,Pcs,WH1,
841107,Adapter cable AMPS 35S-JT 2S/M12 4S/Term,,FLOOR,2.00,Pcs,WH1,
841108,Adapter cable AMPS 35S-2xJT 2S/SQR 4S/M12 4S/Term,,FLOOR,2.00,Pcs,WH1,
841119,"Switch cable compl TC FCI Sock x4-2,5m","-Info: sparepart kit for button 8000556
-APEM switch
",FLOOR,1.00,Pcs,WH1,
841125,Pressure reducer PY-DC2-With pressure guard,"-Info: Includes 841211 & 841142, available as spare parts",FLOOR,2.00,Pcs,WH1,
841127,Pressure reducer-DC2-Track control 4pcs,-Info: Seal kit 841210,FLOOR,1.00,Pcs,WH1,
841142,Pressure sensor M12 1-10 bar - DC2,,FLOOR,4.00,Pcs,WH1,
841143,Coil 12V-DC2 EMDV-08,-Info: Fits valve 841145,FLOOR,2.00,Pcs,WH1,
841144,Coil 24V-DC2 EMDV-08,-Info: Fits valve 841145,FLOOR,2.00,Pcs,WH1,
841147,Adapter cable AMPS 35S-M12 4S/Term,,FLOOR,2.00,Pcs,WH1,
841148,Adapter cable AMPS Sock x2-JT 2S,,FLOOR,2.00,Pcs,WH1,
841149,Adapter cable AMPS Sock x2-M12 5S,,FLOOR,2.00,Pcs,WH1,
841150,Adapter cable AMPS Sock x2-SQR 4S,,FLOOR,2.00,Pcs,WH1,
841151,Assembly kit-DC2 (Velcro & screw),"-Info: Includes Velcro, screw & mounting plate
-Info: 403384 replaced by 1023885 from 170406",FLOOR,4.00,Pcs,WH1,
841152,"Extension cable 16-pole FCI-FULL 1,5m",,FLOOR,2.00,Pcs,WH1,
841154,Decal - Quick hitch lock - DC2,,FLOOR,4.00,Pcs,WH1,
841155,Decal - Double feeder - DC2,,FLOOR,4.00,Pcs,WH1,
841175,"Switch cable compl WC FCI Sock x4-2,5m","-Info: sparepart kit for button 8000556
-APEM switch
",FLOOR,1.00,Pcs,WH1,
841177,Power cable AMPS 35S-Term-4m,"-Info: Cable 4m X1 35P voltage supply-DC2
",FLOOR,2.00,Pcs,WH1,
841178,Relay cable PWR-MAP CAT M3xx 12V Wire,"-Info: Relay: 1028050
-Cable Voltage supply & relay-DC2
-Rly: Bosch 0 332 209 151.

",FLOOR,2.00,Pcs,WH1,
841180,Adapter cable FCI Sock x2-Wires-2m,,FLOOR,2.00,Pcs,WH1,
841183,Machine cable DC2 AMPS Sock x4-25m,,FLOOR,1.00,Pcs,WH1,
841184,Adapter cable AMPS Sock x2-Wires,,FLOOR,2.00,Pcs,WH1,
841190,"Adapter cable DSUB 25S-2xFCI 16P-2,5m",,FLOOR,4.00,Pcs,WH1,
841192,ILME 21.21 12P MKA V20 connector device,"-Info: Consists of Housing 8001924, Insert 8001931, Pin 8001932 (8pcs), Cover 810208 & Cable gland 8001919",FLOOR,6.00,Pcs,WH1,
841194,Proportional roller MIR1,"-Info: MIR1 (Microprop roller 1)
-Info: Replaced in production by 8002590, 841194 remains as spare part.
",FLOOR,20.00,Pcs,WH1,
841197,ILME 21.21 12S MKAX AP20 connector device,"-Info: Consists of Housing 8001928, Insert 8001933, Socket 8001934 (12pcs), Cover 810207 & Cable gland 8001919",FLOOR,1.00,Pcs,WH1,
841206,Pressure reducer PY-DC2-25bar with Pressure guard,,FLOOR,1.00,Pcs,WH1,
841210,Seal kit-pressure reducer-DC2 (841126 etc),"-Info: Contains 7000836 + 7000837. Used on 841126,841127,841128,7000199,7000823,7000824,7000894,7001095",FLOOR,6.00,Pcs,WH1,
841211,Prop. pressure reduction valve 12V 20 bar - DC2,,FLOOR,2.00,Pcs,WH1,
841294,GripMIG2-L-DC2-AN-MAP53-3R-6NO-1NO/NC,-Info: Generic analouge grip,FLOOR,0.00,Pcs,WH1,
841295,GripMIG2-R-DC2-AN-MAP53-3R-5NO-2NO/NC,-Info: Generic analouge grip,FLOOR,0.00,Pcs,WH1,
841528,MIG2-DC2-AN-MAP50-6R-11NO-3NO/NC,"-Info: Documentation 841616
",FLOOR,13.00,Pcs,WH1,
841529,MIG2-DC2-AN-MAP50-6R-10NO-3NO/NC-1FNR,-Info: Documentation 841616,FLOOR,10.00,Pcs,WH1,
841539,MIG2-DC2-AN-MAP50-6R-10NO-3NO/NC-1FNR,"-Info: Documentation 841616
",FLOOR,1.00,Pcs,WH1,
841802,FCI Pin - 20 pieces-DC2,-Info: Replaces 820104,FLOOR,2.00,Pcs,WH1,
841803,AMPseal Socket kit (20pcs),,FLOOR,4.00,Pcs,WH1,
841804,FCI Socket 20 pieces - DC2,-Info: Replaces 820211 & 820217,FLOOR,2.00,Pcs,WH1,
841830,Adapter cable AMPS 35S-SQR 4S/M12 4S/Term,,FLOOR,2.00,Pcs,WH1,
841868,Decal - MIG2 Empty,,FLOOR,4.00,Pcs,WH1,
841879,Adapter cable AMPS Sock x4-DT 4S,,FLOOR,2.00,Pcs,WH1,
841899,Expansion Module Track control-DC2,,FLOOR,2.00,Pcs,WH1,
842047,Decal sheet - Warning changed function - DC2,,FLOOR,4.00,Pcs,WH1,
842058,Adapter cable AMPS Sock x4-2xJT 2S,,FLOOR,2.00,Pcs,WH1,
842118,Electronics Module C2C,,FLOOR,2.00,Pcs,WH1,
842137,Electronics Module TM2-EC206B-233/EC10-30 DC2 QS-DTM,-Info: Replaces 841106. Protection cap if no QS connected: 8000090,FLOOR,4.00,Pcs,WH1,
842139,Electronics Module TM2-EC206 DC2 QS - DTM,-Info: Replaces 842005,FLOOR,2.00,Pcs,WH1,
842146,Power cable M12 5S-Wires-1m,,FLOOR,2.00,Pcs,WH1,
842147,Extension cable 5-pole M12-FULL 15m,,FLOOR,2.00,Pcs,WH1,
842149,"Adapter cable M12 8P-2xDTM 3S-QLM 4,5m",,FLOOR,2.00,Pcs,WH1,
842156,AMPseal 35S connector device (incl. 20 sockets),-Info: Contains Housing 8001948 & Socket kit 841803,FLOOR,4.00,Pcs,WH1,
842157,Push-button NO-alternately ( hold function )-DC2,-Info: 12mm. With thread & frame,FLOOR,2.00,Pcs,WH1,
842165,Assembly kit-QS-QLM,,FLOOR,4.00,Pcs,WH1,
842167,Push-button NO-alternately ( hold function )-LED-DC2,-Info: Taiway,FLOOR,2.00,Pcs,WH1,
842170,Assembly kit-C2C,,FLOOR,4.00,Pcs,WH1,
842173,"Breakout cable CAN DT-DC2 EC 0,15/0,98m",-Info: DT DT M12,FLOOR,2.00,Pcs,WH1,
842174,Adapter cable FCI Sock x2-M12 5S,,FLOOR,2.00,Pcs,WH1,
842196,Machine cable DC2 AMPS Sock x4-16m,,FLOOR,3.00,Pcs,WH1,
9000071,Decal - GRD/SWD open-close - 25x56mm,,FLOOR,4.00,Pcs,WH1,
9000088,Decal - engcon - Cut out 350x70 - Yellow,,FLOOR,4.00,Pcs,WH1,
9000091,Decal - EC Gen2 with bucket - 30cm,,FLOOR,4.00,Pcs,WH1,
9000092,Decal - EC Gen2 with bucket - 60cm,,FLOOR,4.00,Pcs,WH1,
9000157,Decal - Warning in Cabin - 190x75,,FLOOR,4.00,Pcs,WH1,
9000336,Decal - engcon streamer - 100x500 - Black,,FLOOR,4.00,Pcs,WH1,
9000337,Decal - engcon streamer - 100x500 - Yellow,,FLOOR,4.00,Pcs,WH1,
9000574,Decal - Speed limit Wheel control - 50x44,,FLOOR,4.00,Pcs,WH1,
9000882,Guide - QSC Quick guide - DC2,,FLOOR,4.00,Pcs,WH1,
980102,Decal - Warning on Tilcylinder - 70x39,,FLOOR,4.00,Pcs,WH1,
980103,Decal - engcon - Cut out 68x13 - Black,,FLOOR,4.00,Pcs,WH1,
980104,Decal - engcon - Cut out 68x13 - Yellow,,FLOOR,4.00,Pcs,WH1,
980105,Decal - engcon - Cut out 115x23 - Black,,FLOOR,4.00,Pcs,WH1,
980106,Decal - engcon - Cut out 115x23 - Yellow,,FLOOR,4.00,Pcs,WH1,
980107,Decal - engcon - Cut out 155x30 - Black,,FLOOR,4.00,Pcs,WH1,
980108,Decal - engcon - Cut out 155x30 - Yellow,,FLOOR,4.00,Pcs,WH1,
980109,Decal - engcon - Cut out 198x40 - Black,,FLOOR,4.00,Pcs,WH1,
980110,Decal - engcon - Cut out 198x40 - Yellow,,FLOOR,4.00,Pcs,WH1,
